#-----------------------------------------------------------
# Vivado v2025.1 (64-bit)
# SW Build 6140274 on Wed May 21 22:58:25 MDT 2025
# IP Build 6138677 on Thu May 22 03:10:11 MDT 2025
# SharedData Build 6139179 on Tue May 20 17:58:58 MDT 2025
# Start of session at: Mon Mar  9 18:55:52 2026
# Process ID         : 731669
# Current directory  : /home/srn6/pprojs/risc-v
# Command line       : vivado
# Log file           : /home/srn6/pprojs/risc-v/vivado.log
# Journal file       : /home/srn6/pprojs/risc-v/vivado.jou
# Running On         : gelib-4e-36.ews.illinois.edu
# Platform           : RedHatEnterprise
# Operating System   : Red Hat Enterprise Linux 9.7 (Plow)
# Processor Detail   : Intel(R) Xeon(R) W-1350 @ 3.30GHz
# CPU Frequency      : 4455.451 MHz
# CPU Physical cores : 6
# CPU Logical cores  : 12
# Host memory        : 16208 MB
# Swap memory        : 4294 MB
# Total Virtual      : 20503 MB
# Available Virtual  : 17420 MB
#-----------------------------------------------------------
start_gui
WARNING: [Board 49-26] cannot add Board Part xilinx.com:zcu208ld:part0:2.0 available at /software/xilinx-2025.1/2025.1/data/xhub/boards/XilinxBoardStore/boards/Xilinx/zcu208ld/production/2.0/board.xml as part xczu58dr-fsvg1517-2-i specified in board_part file is either invalid or not available
WARNING: [Board 49-26] cannot add Board Part xilinx.com:zcu216ld:part0:2.0 available at /software/xilinx-2025.1/2025.1/data/xhub/boards/XilinxBoardStore/boards/Xilinx/zcu216ld/production/2.0/board.xml as part xczu59dr-ffvf1760-2-i specified in board_part file is either invalid or not available
WARNING: [Board 49-26] cannot add Board Part xilinx.com:zcu670ld:part0:1.0 available at /software/xilinx-2025.1/2025.1/data/xhub/boards/XilinxBoardStore/boards/Xilinx/zcu670ld/1.0/board.xml as part xczu57dr-fsve1156-2-i specified in board_part file is either invalid or not available
open_project /home/srn6/pprojs/risc-v/risc-v/risc-v.xpr
Scanning sources...
Finished scanning sources
WARNING: [Board 49-26] cannot add Board Part xilinx.com:zcu208ld:part0:2.0 available at /software/xilinx-2025.1/2025.1/data/xhub/boards/XilinxBoardStore/boards/Xilinx/zcu208ld/production/2.0/board.xml as part xczu58dr-fsvg1517-2-i specified in board_part file is either invalid or not available
WARNING: [Board 49-26] cannot add Board Part xilinx.com:zcu216ld:part0:2.0 available at /software/xilinx-2025.1/2025.1/data/xhub/boards/XilinxBoardStore/boards/Xilinx/zcu216ld/production/2.0/board.xml as part xczu59dr-ffvf1760-2-i specified in board_part file is either invalid or not available
WARNING: [Board 49-26] cannot add Board Part xilinx.com:zcu670ld:part0:1.0 available at /software/xilinx-2025.1/2025.1/data/xhub/boards/XilinxBoardStore/boards/Xilinx/zcu670ld/1.0/board.xml as part xczu57dr-fsve1156-2-i specified in board_part file is either invalid or not available
WARNING: [Project 1-5713] Board part '' set for the project  is not found. BoardPart property will be unset. Please select board from latest repo build 
INFO: [IP_Flow 19-234] Refreshing IP repositories
INFO: [IP_Flow 19-1704] No user IP repositories specified
INFO: [IP_Flow 19-2313] Loaded Vivado IP repository '/software/xilinx-2025.1/2025.1/Vivado/data/ip'.
open_project: Time (s): cpu = 00:00:09 ; elapsed = 00:00:06 . Memory (MB): peak = 10335.246 ; gain = 170.652 ; free physical = 7327 ; free virtual = 15904
reset_run synth_1
INFO: [Project 1-1161] Replacing file /home/srn6/pprojs/risc-v/risc-v/risc-v.srcs/utils_1/imports/synth_1/instruction_memory.dcp with file /home/srn6/pprojs/risc-v/risc-v/risc-v.runs/synth_1/top.dcp
WARNING: [filemgmt 56-199] Attempt to get parsing info during refresh. "On-the-fly" syntax checking information may be incorrect. [/home/srn6/pprojs/risc-v/risc-v/risc-v.srcs/sources_1/new/rv_pipe_pkg.sv:]
WARNING: [filemgmt 56-199] Attempt to get parsing info during refresh. "On-the-fly" syntax checking information may be incorrect. [/home/srn6/pprojs/risc-v/risc-v/risc-v.srcs/sources_1/new/decode_stage.sv:]
WARNING: [filemgmt 56-199] Attempt to get parsing info during refresh. "On-the-fly" syntax checking information may be incorrect. [/home/srn6/pprojs/risc-v/risc-v/risc-v.srcs/sources_1/new/top.sv:]
WARNING: [filemgmt 56-199] Attempt to get parsing info during refresh. "On-the-fly" syntax checking information may be incorrect. [/home/srn6/pprojs/risc-v/risc-v/risc-v.srcs/sources_1/new/decode_stage.sv:]
WARNING: [filemgmt 56-199] Attempt to get parsing info during refresh. "On-the-fly" syntax checking information may be incorrect. [/home/srn6/pprojs/risc-v/risc-v/risc-v.srcs/sources_1/new/decode_stage.sv:]
WARNING: [filemgmt 56-199] Attempt to get parsing info during refresh. "On-the-fly" syntax checking information may be incorrect. [/home/srn6/pprojs/risc-v/risc-v/risc-v.srcs/sources_1/new/rv_pipe_pkg.sv:]
WARNING: [filemgmt 56-199] Attempt to get parsing info during refresh. "On-the-fly" syntax checking information may be incorrect. [/home/srn6/pprojs/risc-v/risc-v/risc-v.srcs/sources_1/new/decode_stage.sv:]
WARNING: [filemgmt 56-199] Attempt to get parsing info during refresh. "On-the-fly" syntax checking information may be incorrect. [/home/srn6/pprojs/risc-v/risc-v/risc-v.srcs/sources_1/new/top.sv:]
WARNING: [filemgmt 56-199] Attempt to get parsing info during refresh. "On-the-fly" syntax checking information may be incorrect. [/home/srn6/pprojs/risc-v/risc-v/risc-v.srcs/sources_1/new/rv_pipe_pkg.sv:]
WARNING: [filemgmt 56-199] Attempt to get parsing info during refresh. "On-the-fly" syntax checking information may be incorrect. [/home/srn6/pprojs/risc-v/risc-v/risc-v.srcs/sources_1/new/rv_pipe_pkg.sv:]
WARNING: [filemgmt 56-199] Attempt to get parsing info during refresh. "On-the-fly" syntax checking information may be incorrect. [/home/srn6/pprojs/risc-v/risc-v/risc-v.srcs/sources_1/new/rv_pipe_pkg.sv:]
WARNING: [filemgmt 56-199] Attempt to get parsing info during refresh. "On-the-fly" syntax checking information may be incorrect. [/home/srn6/pprojs/risc-v/risc-v/risc-v.srcs/sources_1/new/decode_stage.sv:]
WARNING: [filemgmt 56-199] Attempt to get parsing info during refresh. "On-the-fly" syntax checking information may be incorrect. [/home/srn6/pprojs/risc-v/risc-v/risc-v.srcs/sources_1/new/top.sv:]
WARNING: [filemgmt 56-199] Attempt to get parsing info during refresh. "On-the-fly" syntax checking information may be incorrect. [/home/srn6/pprojs/risc-v/risc-v/risc-v.srcs/sources_1/new/rv_pipe_pkg.sv:]
WARNING: [filemgmt 56-199] Attempt to get parsing info during refresh. "On-the-fly" syntax checking information may be incorrect. [/home/srn6/pprojs/risc-v/risc-v/risc-v.srcs/sources_1/new/rv_pipe_pkg.sv:]
WARNING: [filemgmt 56-199] Attempt to get parsing info during refresh. "On-the-fly" syntax checking information may be incorrect. [/home/srn6/pprojs/risc-v/risc-v/risc-v.srcs/sources_1/new/rv_pipe_pkg.sv:]
WARNING: [filemgmt 56-199] Attempt to get parsing info during refresh. "On-the-fly" syntax checking information may be incorrect. [/home/srn6/pprojs/risc-v/risc-v/risc-v.srcs/sources_1/new/decode_stage.sv:]
WARNING: [filemgmt 56-199] Attempt to get parsing info during refresh. "On-the-fly" syntax checking information may be incorrect. [/home/srn6/pprojs/risc-v/risc-v/risc-v.srcs/sources_1/new/top.sv:]
WARNING: [filemgmt 56-199] Attempt to get parsing info during refresh. "On-the-fly" syntax checking information may be incorrect. [/home/srn6/pprojs/risc-v/risc-v/risc-v.srcs/sources_1/new/top.sv:]
WARNING: [filemgmt 56-199] Attempt to get parsing info during refresh. "On-the-fly" syntax checking information may be incorrect. [/home/srn6/pprojs/risc-v/risc-v/risc-v.srcs/sources_1/new/top.sv:]
launch_runs impl_1 -jobs 6
INFO: [Vivado 12-4149] The synthesis checkpoint for IP '/home/srn6/pprojs/risc-v/risc-v/risc-v.srcs/sources_1/ip/blk_mem_gen_1_1/blk_mem_gen_1.xci' is already up-to-date
INFO: [Vivado 12-4149] The synthesis checkpoint for IP '/home/srn6/pprojs/risc-v/risc-v/risc-v.srcs/sources_1/ip/blk_mem_gen_0_1/blk_mem_gen_0.xci' is already up-to-date
[Mon Mar  9 19:34:01 2026] Launched synth_1...
Run output will be captured here: /home/srn6/pprojs/risc-v/risc-v/risc-v.runs/synth_1/runme.log
[Mon Mar  9 19:34:01 2026] Launched impl_1...
Run output will be captured here: /home/srn6/pprojs/risc-v/risc-v/risc-v.runs/impl_1/runme.log
WARNING: [filemgmt 56-199] Attempt to get parsing info during refresh. "On-the-fly" syntax checking information may be incorrect. [/home/srn6/pprojs/risc-v/risc-v/risc-v.srcs/sources_1/new/rv_pipe_pkg.sv:]
WARNING: [filemgmt 56-199] Attempt to get parsing info during refresh. "On-the-fly" syntax checking information may be incorrect. [/home/srn6/pprojs/risc-v/risc-v/risc-v.srcs/sources_1/new/decode_stage.sv:]
WARNING: [filemgmt 56-199] Attempt to get parsing info during refresh. "On-the-fly" syntax checking information may be incorrect. [/home/srn6/pprojs/risc-v/risc-v/risc-v.srcs/sources_1/new/top.sv:]
WARNING: [filemgmt 56-199] Attempt to get parsing info during refresh. "On-the-fly" syntax checking information may be incorrect. [/home/srn6/pprojs/risc-v/risc-v/risc-v.srcs/sources_1/new/decode_stage.sv:]
WARNING: [filemgmt 56-199] Attempt to get parsing info during refresh. "On-the-fly" syntax checking information may be incorrect. [/home/srn6/pprojs/risc-v/risc-v/risc-v.srcs/sources_1/new/decode_stage.sv:]
WARNING: [filemgmt 56-199] Attempt to get parsing info during refresh. "On-the-fly" syntax checking information may be incorrect. [/home/srn6/pprojs/risc-v/risc-v/risc-v.srcs/sources_1/new/rv_pipe_pkg.sv:]
WARNING: [filemgmt 56-199] Attempt to get parsing info during refresh. "On-the-fly" syntax checking information may be incorrect. [/home/srn6/pprojs/risc-v/risc-v/risc-v.srcs/sources_1/new/decode_stage.sv:]
WARNING: [filemgmt 56-199] Attempt to get parsing info during refresh. "On-the-fly" syntax checking information may be incorrect. [/home/srn6/pprojs/risc-v/risc-v/risc-v.srcs/sources_1/new/top.sv:]
WARNING: [filemgmt 56-199] Attempt to get parsing info during refresh. "On-the-fly" syntax checking information may be incorrect. [/home/srn6/pprojs/risc-v/risc-v/risc-v.srcs/sources_1/new/rv_pipe_pkg.sv:]
WARNING: [filemgmt 56-199] Attempt to get parsing info during refresh. "On-the-fly" syntax checking information may be incorrect. [/home/srn6/pprojs/risc-v/risc-v/risc-v.srcs/sources_1/new/rv_pipe_pkg.sv:]
reset_run synth_1
launch_runs impl_1 -jobs 6
INFO: [Vivado 12-4149] The synthesis checkpoint for IP '/home/srn6/pprojs/risc-v/risc-v/risc-v.srcs/sources_1/ip/blk_mem_gen_1_1/blk_mem_gen_1.xci' is already up-to-date
INFO: [Vivado 12-4149] The synthesis checkpoint for IP '/home/srn6/pprojs/risc-v/risc-v/risc-v.srcs/sources_1/ip/blk_mem_gen_0_1/blk_mem_gen_0.xci' is already up-to-date
[Mon Mar  9 19:37:14 2026] Launched synth_1...
Run output will be captured here: /home/srn6/pprojs/risc-v/risc-v/risc-v.runs/synth_1/runme.log
[Mon Mar  9 19:37:14 2026] Launched impl_1...
Run output will be captured here: /home/srn6/pprojs/risc-v/risc-v/risc-v.runs/impl_1/runme.log
WARNING: [filemgmt 56-199] Attempt to get parsing info during refresh. "On-the-fly" syntax checking information may be incorrect. [/home/srn6/pprojs/risc-v/risc-v/risc-v.srcs/sources_1/new/rv_pipe_pkg.sv:]
WARNING: [filemgmt 56-199] Attempt to get parsing info during refresh. "On-the-fly" syntax checking information may be incorrect. [/home/srn6/pprojs/risc-v/risc-v/risc-v.srcs/sources_1/new/decode_stage.sv:]
WARNING: [filemgmt 56-199] Attempt to get parsing info during refresh. "On-the-fly" syntax checking information may be incorrect. [/home/srn6/pprojs/risc-v/risc-v/risc-v.srcs/sources_1/new/top.sv:]
WARNING: [filemgmt 56-199] Attempt to get parsing info during refresh. "On-the-fly" syntax checking information may be incorrect. [/home/srn6/pprojs/risc-v/risc-v/risc-v.srcs/sources_1/new/decode_stage.sv:]
WARNING: [filemgmt 56-199] Attempt to get parsing info during refresh. "On-the-fly" syntax checking information may be incorrect. [/home/srn6/pprojs/risc-v/risc-v/risc-v.srcs/sources_1/new/decode_stage.sv:]
WARNING: [filemgmt 56-199] Attempt to get parsing info during refresh. "On-the-fly" syntax checking information may be incorrect. [/home/srn6/pprojs/risc-v/risc-v/risc-v.srcs/sources_1/new/rv_pipe_pkg.sv:]
WARNING: [filemgmt 56-199] Attempt to get parsing info during refresh. "On-the-fly" syntax checking information may be incorrect. [/home/srn6/pprojs/risc-v/risc-v/risc-v.srcs/sources_1/new/decode_stage.sv:]
WARNING: [filemgmt 56-199] Attempt to get parsing info during refresh. "On-the-fly" syntax checking information may be incorrect. [/home/srn6/pprojs/risc-v/risc-v/risc-v.srcs/sources_1/new/top.sv:]
WARNING: [filemgmt 56-199] Attempt to get parsing info during refresh. "On-the-fly" syntax checking information may be incorrect. [/home/srn6/pprojs/risc-v/risc-v/risc-v.srcs/sources_1/new/top.sv:]
WARNING: [filemgmt 56-199] Attempt to get parsing info during refresh. "On-the-fly" syntax checking information may be incorrect. [/home/srn6/pprojs/risc-v/risc-v/risc-v.srcs/sources_1/new/top.sv:]
WARNING: [filemgmt 56-199] Attempt to get parsing info during refresh. "On-the-fly" syntax checking information may be incorrect. [/home/srn6/pprojs/risc-v/risc-v/risc-v.srcs/sources_1/new/rv_pipe_pkg.sv:]
WARNING: [filemgmt 56-199] Attempt to get parsing info during refresh. "On-the-fly" syntax checking information may be incorrect. [/home/srn6/pprojs/risc-v/risc-v/risc-v.srcs/sources_1/new/decode_stage.sv:]
WARNING: [filemgmt 56-199] Attempt to get parsing info during refresh. "On-the-fly" syntax checking information may be incorrect. [/home/srn6/pprojs/risc-v/risc-v/risc-v.srcs/sources_1/new/top.sv:]
WARNING: [filemgmt 56-199] Attempt to get parsing info during refresh. "On-the-fly" syntax checking information may be incorrect. [/home/srn6/pprojs/risc-v/risc-v/risc-v.srcs/sources_1/new/rv_pipe_pkg.sv:]
WARNING: [filemgmt 56-199] Attempt to get parsing info during refresh. "On-the-fly" syntax checking information may be incorrect. [/home/srn6/pprojs/risc-v/risc-v/risc-v.srcs/sources_1/new/rv_pipe_pkg.sv:]
WARNING: [filemgmt 56-199] Attempt to get parsing info during refresh. "On-the-fly" syntax checking information may be incorrect. [/home/srn6/pprojs/risc-v/risc-v/risc-v.srcs/sources_1/new/rv_pipe_pkg.sv:]
WARNING: [filemgmt 56-199] Attempt to get parsing info during refresh. "On-the-fly" syntax checking information may be incorrect. [/home/srn6/pprojs/risc-v/risc-v/risc-v.srcs/sources_1/new/decode_stage.sv:]
WARNING: [filemgmt 56-199] Attempt to get parsing info during refresh. "On-the-fly" syntax checking information may be incorrect. [/home/srn6/pprojs/risc-v/risc-v/risc-v.srcs/sources_1/new/top.sv:]
WARNING: [filemgmt 56-199] Attempt to get parsing info during refresh. "On-the-fly" syntax checking information may be incorrect. [/home/srn6/pprojs/risc-v/risc-v/risc-v.srcs/sources_1/new/decode_stage.sv:]
WARNING: [filemgmt 56-199] Attempt to get parsing info during refresh. "On-the-fly" syntax checking information may be incorrect. [/home/srn6/pprojs/risc-v/risc-v/risc-v.srcs/sources_1/new/decode_stage.sv:]
reset_run synth_1
launch_runs impl_1 -jobs 6
INFO: [Vivado 12-4149] The synthesis checkpoint for IP '/home/srn6/pprojs/risc-v/risc-v/risc-v.srcs/sources_1/ip/blk_mem_gen_1_1/blk_mem_gen_1.xci' is already up-to-date
INFO: [Vivado 12-4149] The synthesis checkpoint for IP '/home/srn6/pprojs/risc-v/risc-v/risc-v.srcs/sources_1/ip/blk_mem_gen_0_1/blk_mem_gen_0.xci' is already up-to-date
[Mon Mar  9 19:39:57 2026] Launched synth_1...
Run output will be captured here: /home/srn6/pprojs/risc-v/risc-v/risc-v.runs/synth_1/runme.log
[Mon Mar  9 19:39:57 2026] Launched impl_1...
Run output will be captured here: /home/srn6/pprojs/risc-v/risc-v/risc-v.runs/impl_1/runme.log
WARNING: [filemgmt 56-199] Attempt to get parsing info during refresh. "On-the-fly" syntax checking information may be incorrect. [/home/srn6/pprojs/risc-v/risc-v/risc-v.srcs/sources_1/new/rv_pipe_pkg.sv:]
WARNING: [filemgmt 56-199] Attempt to get parsing info during refresh. "On-the-fly" syntax checking information may be incorrect. [/home/srn6/pprojs/risc-v/risc-v/risc-v.srcs/sources_1/new/decode_stage.sv:]
WARNING: [filemgmt 56-199] Attempt to get parsing info during refresh. "On-the-fly" syntax checking information may be incorrect. [/home/srn6/pprojs/risc-v/risc-v/risc-v.srcs/sources_1/new/top.sv:]
WARNING: [filemgmt 56-199] Attempt to get parsing info during refresh. "On-the-fly" syntax checking information may be incorrect. [/home/srn6/pprojs/risc-v/risc-v/risc-v.srcs/sources_1/new/rv_pipe_pkg.sv:]
WARNING: [filemgmt 56-199] Attempt to get parsing info during refresh. "On-the-fly" syntax checking information may be incorrect. [/home/srn6/pprojs/risc-v/risc-v/risc-v.srcs/sources_1/new/rv_pipe_pkg.sv:]
WARNING: [filemgmt 56-199] Attempt to get parsing info during refresh. "On-the-fly" syntax checking information may be incorrect. [/home/srn6/pprojs/risc-v/risc-v/risc-v.srcs/sources_1/new/rv_pipe_pkg.sv:]
WARNING: [filemgmt 56-199] Attempt to get parsing info during refresh. "On-the-fly" syntax checking information may be incorrect. [/home/srn6/pprojs/risc-v/risc-v/risc-v.srcs/sources_1/new/decode_stage.sv:]
WARNING: [filemgmt 56-199] Attempt to get parsing info during refresh. "On-the-fly" syntax checking information may be incorrect. [/home/srn6/pprojs/risc-v/risc-v/risc-v.srcs/sources_1/new/top.sv:]
WARNING: [filemgmt 56-199] Attempt to get parsing info during refresh. "On-the-fly" syntax checking information may be incorrect. [/home/srn6/pprojs/risc-v/risc-v/risc-v.srcs/sources_1/new/top.sv:]
WARNING: [filemgmt 56-199] Attempt to get parsing info during refresh. "On-the-fly" syntax checking information may be incorrect. [/home/srn6/pprojs/risc-v/risc-v/risc-v.srcs/sources_1/new/top.sv:]
reset_run synth_1
launch_runs impl_1 -jobs 6
INFO: [Vivado 12-4149] The synthesis checkpoint for IP '/home/srn6/pprojs/risc-v/risc-v/risc-v.srcs/sources_1/ip/blk_mem_gen_1_1/blk_mem_gen_1.xci' is already up-to-date
INFO: [Vivado 12-4149] The synthesis checkpoint for IP '/home/srn6/pprojs/risc-v/risc-v/risc-v.srcs/sources_1/ip/blk_mem_gen_0_1/blk_mem_gen_0.xci' is already up-to-date
[Mon Mar  9 19:42:02 2026] Launched synth_1...
Run output will be captured here: /home/srn6/pprojs/risc-v/risc-v/risc-v.runs/synth_1/runme.log
[Mon Mar  9 19:42:02 2026] Launched impl_1...
Run output will be captured here: /home/srn6/pprojs/risc-v/risc-v/risc-v.runs/impl_1/runme.log
WARNING: [filemgmt 56-199] Attempt to get parsing info during refresh. "On-the-fly" syntax checking information may be incorrect. [/home/srn6/pprojs/risc-v/risc-v/risc-v.srcs/sources_1/new/rv_pipe_pkg.sv:]
WARNING: [filemgmt 56-199] Attempt to get parsing info during refresh. "On-the-fly" syntax checking information may be incorrect. [/home/srn6/pprojs/risc-v/risc-v/risc-v.srcs/sources_1/new/decode_stage.sv:]
WARNING: [filemgmt 56-199] Attempt to get parsing info during refresh. "On-the-fly" syntax checking information may be incorrect. [/home/srn6/pprojs/risc-v/risc-v/risc-v.srcs/sources_1/new/top.sv:]
WARNING: [filemgmt 56-199] Attempt to get parsing info during refresh. "On-the-fly" syntax checking information may be incorrect. [/home/srn6/pprojs/risc-v/risc-v/risc-v.srcs/sources_1/new/top.sv:]
WARNING: [filemgmt 56-199] Attempt to get parsing info during refresh. "On-the-fly" syntax checking information may be incorrect. [/home/srn6/pprojs/risc-v/risc-v/risc-v.srcs/sources_1/new/top.sv:]
WARNING: [filemgmt 56-199] Attempt to get parsing info during refresh. "On-the-fly" syntax checking information may be incorrect. [/home/srn6/pprojs/risc-v/risc-v/risc-v.srcs/sources_1/new/rv_pipe_pkg.sv:]
WARNING: [filemgmt 56-199] Attempt to get parsing info during refresh. "On-the-fly" syntax checking information may be incorrect. [/home/srn6/pprojs/risc-v/risc-v/risc-v.srcs/sources_1/new/decode_stage.sv:]
WARNING: [filemgmt 56-199] Attempt to get parsing info during refresh. "On-the-fly" syntax checking information may be incorrect. [/home/srn6/pprojs/risc-v/risc-v/risc-v.srcs/sources_1/new/top.sv:]
WARNING: [filemgmt 56-199] Attempt to get parsing info during refresh. "On-the-fly" syntax checking information may be incorrect. [/home/srn6/pprojs/risc-v/risc-v/risc-v.srcs/sources_1/new/rv_pipe_pkg.sv:]
WARNING: [filemgmt 56-199] Attempt to get parsing info during refresh. "On-the-fly" syntax checking information may be incorrect. [/home/srn6/pprojs/risc-v/risc-v/risc-v.srcs/sources_1/new/rv_pipe_pkg.sv:]
WARNING: [filemgmt 56-199] Attempt to get parsing info during refresh. "On-the-fly" syntax checking information may be incorrect. [/home/srn6/pprojs/risc-v/risc-v/risc-v.srcs/sources_1/new/rv_pipe_pkg.sv:]
WARNING: [filemgmt 56-199] Attempt to get parsing info during refresh. "On-the-fly" syntax checking information may be incorrect. [/home/srn6/pprojs/risc-v/risc-v/risc-v.srcs/sources_1/new/decode_stage.sv:]
WARNING: [filemgmt 56-199] Attempt to get parsing info during refresh. "On-the-fly" syntax checking information may be incorrect. [/home/srn6/pprojs/risc-v/risc-v/risc-v.srcs/sources_1/new/top.sv:]
WARNING: [filemgmt 56-199] Attempt to get parsing info during refresh. "On-the-fly" syntax checking information may be incorrect. [/home/srn6/pprojs/risc-v/risc-v/risc-v.srcs/sources_1/new/top.sv:]
WARNING: [filemgmt 56-199] Attempt to get parsing info during refresh. "On-the-fly" syntax checking information may be incorrect. [/home/srn6/pprojs/risc-v/risc-v/risc-v.srcs/sources_1/new/top.sv:]
WARNING: [filemgmt 56-199] Attempt to get parsing info during refresh. "On-the-fly" syntax checking information may be incorrect. [/home/srn6/pprojs/risc-v/risc-v/risc-v.srcs/sources_1/new/rv_pipe_pkg.sv:]
WARNING: [filemgmt 56-199] Attempt to get parsing info during refresh. "On-the-fly" syntax checking information may be incorrect. [/home/srn6/pprojs/risc-v/risc-v/risc-v.srcs/sources_1/new/decode_stage.sv:]
WARNING: [filemgmt 56-199] Attempt to get parsing info during refresh. "On-the-fly" syntax checking information may be incorrect. [/home/srn6/pprojs/risc-v/risc-v/risc-v.srcs/sources_1/new/top.sv:]
WARNING: [filemgmt 56-199] Attempt to get parsing info during refresh. "On-the-fly" syntax checking information may be incorrect. [/home/srn6/pprojs/risc-v/risc-v/risc-v.srcs/sources_1/new/decode_stage.sv:]
WARNING: [filemgmt 56-199] Attempt to get parsing info during refresh. "On-the-fly" syntax checking information may be incorrect. [/home/srn6/pprojs/risc-v/risc-v/risc-v.srcs/sources_1/new/decode_stage.sv:]
WARNING: [filemgmt 56-199] Attempt to get parsing info during refresh. "On-the-fly" syntax checking information may be incorrect. [/home/srn6/pprojs/risc-v/risc-v/risc-v.srcs/sources_1/new/rv_pipe_pkg.sv:]
WARNING: [filemgmt 56-199] Attempt to get parsing info during refresh. "On-the-fly" syntax checking information may be incorrect. [/home/srn6/pprojs/risc-v/risc-v/risc-v.srcs/sources_1/new/decode_stage.sv:]
WARNING: [filemgmt 56-199] Attempt to get parsing info during refresh. "On-the-fly" syntax checking information may be incorrect. [/home/srn6/pprojs/risc-v/risc-v/risc-v.srcs/sources_1/new/top.sv:]
WARNING: [filemgmt 56-199] Attempt to get parsing info during refresh. "On-the-fly" syntax checking information may be incorrect. [/home/srn6/pprojs/risc-v/risc-v/risc-v.srcs/sources_1/new/rv_pipe_pkg.sv:]
WARNING: [filemgmt 56-199] Attempt to get parsing info during refresh. "On-the-fly" syntax checking information may be incorrect. [/home/srn6/pprojs/risc-v/risc-v/risc-v.srcs/sources_1/new/rv_pipe_pkg.sv:]
WARNING: [filemgmt 56-199] Attempt to get parsing info during refresh. "On-the-fly" syntax checking information may be incorrect. [/home/srn6/pprojs/risc-v/risc-v/risc-v.srcs/sources_1/new/rv_pipe_pkg.sv:]
WARNING: [filemgmt 56-199] Attempt to get parsing info during refresh. "On-the-fly" syntax checking information may be incorrect. [/home/srn6/pprojs/risc-v/risc-v/risc-v.srcs/sources_1/new/decode_stage.sv:]
WARNING: [filemgmt 56-199] Attempt to get parsing info during refresh. "On-the-fly" syntax checking information may be incorrect. [/home/srn6/pprojs/risc-v/risc-v/risc-v.srcs/sources_1/new/top.sv:]
WARNING: [filemgmt 56-199] Attempt to get parsing info during refresh. "On-the-fly" syntax checking information may be incorrect. [/home/srn6/pprojs/risc-v/risc-v/risc-v.srcs/sources_1/new/decode_stage.sv:]
WARNING: [filemgmt 56-199] Attempt to get parsing info during refresh. "On-the-fly" syntax checking information may be incorrect. [/home/srn6/pprojs/risc-v/risc-v/risc-v.srcs/sources_1/new/decode_stage.sv:]
WARNING: [filemgmt 56-199] Attempt to get parsing info during refresh. "On-the-fly" syntax checking information may be incorrect. [/home/srn6/pprojs/risc-v/risc-v/risc-v.srcs/sources_1/new/rv_pipe_pkg.sv:]
WARNING: [filemgmt 56-199] Attempt to get parsing info during refresh. "On-the-fly" syntax checking information may be incorrect. [/home/srn6/pprojs/risc-v/risc-v/risc-v.srcs/sources_1/new/decode_stage.sv:]
WARNING: [filemgmt 56-199] Attempt to get parsing info during refresh. "On-the-fly" syntax checking information may be incorrect. [/home/srn6/pprojs/risc-v/risc-v/risc-v.srcs/sources_1/new/top.sv:]
WARNING: [filemgmt 56-199] Attempt to get parsing info during refresh. "On-the-fly" syntax checking information may be incorrect. [/home/srn6/pprojs/risc-v/risc-v/risc-v.srcs/sources_1/new/top.sv:]
WARNING: [filemgmt 56-199] Attempt to get parsing info during refresh. "On-the-fly" syntax checking information may be incorrect. [/home/srn6/pprojs/risc-v/risc-v/risc-v.srcs/sources_1/new/top.sv:]
WARNING: [filemgmt 56-199] Attempt to get parsing info during refresh. "On-the-fly" syntax checking information may be incorrect. [/home/srn6/pprojs/risc-v/risc-v/risc-v.srcs/sources_1/new/rv_pipe_pkg.sv:]
WARNING: [filemgmt 56-199] Attempt to get parsing info during refresh. "On-the-fly" syntax checking information may be incorrect. [/home/srn6/pprojs/risc-v/risc-v/risc-v.srcs/sources_1/new/decode_stage.sv:]
WARNING: [filemgmt 56-199] Attempt to get parsing info during refresh. "On-the-fly" syntax checking information may be incorrect. [/home/srn6/pprojs/risc-v/risc-v/risc-v.srcs/sources_1/new/top.sv:]
WARNING: [filemgmt 56-199] Attempt to get parsing info during refresh. "On-the-fly" syntax checking information may be incorrect. [/home/srn6/pprojs/risc-v/risc-v/risc-v.srcs/sources_1/new/decode_stage.sv:]
WARNING: [filemgmt 56-199] Attempt to get parsing info during refresh. "On-the-fly" syntax checking information may be incorrect. [/home/srn6/pprojs/risc-v/risc-v/risc-v.srcs/sources_1/new/decode_stage.sv:]
reset_run synth_1
INFO: [Project 1-1161] Replacing file /home/srn6/pprojs/risc-v/risc-v/risc-v.srcs/utils_1/imports/synth_1/instruction_memory.dcp with file /home/srn6/pprojs/risc-v/risc-v/risc-v.runs/synth_1/top.dcp
WARNING: [filemgmt 56-199] Attempt to get parsing info during refresh. "On-the-fly" syntax checking information may be incorrect. [/home/srn6/pprojs/risc-v/risc-v/risc-v.srcs/sources_1/new/rv_pipe_pkg.sv:]
WARNING: [filemgmt 56-199] Attempt to get parsing info during refresh. "On-the-fly" syntax checking information may be incorrect. [/home/srn6/pprojs/risc-v/risc-v/risc-v.srcs/sources_1/new/decode_stage.sv:]
WARNING: [filemgmt 56-199] Attempt to get parsing info during refresh. "On-the-fly" syntax checking information may be incorrect. [/home/srn6/pprojs/risc-v/risc-v/risc-v.srcs/sources_1/new/top.sv:]
WARNING: [filemgmt 56-199] Attempt to get parsing info during refresh. "On-the-fly" syntax checking information may be incorrect. [/home/srn6/pprojs/risc-v/risc-v/risc-v.srcs/sources_1/new/rv_pipe_pkg.sv:]
WARNING: [filemgmt 56-199] Attempt to get parsing info during refresh. "On-the-fly" syntax checking information may be incorrect. [/home/srn6/pprojs/risc-v/risc-v/risc-v.srcs/sources_1/new/rv_pipe_pkg.sv:]
launch_runs impl_1 -jobs 6
INFO: [Vivado 12-4149] The synthesis checkpoint for IP '/home/srn6/pprojs/risc-v/risc-v/risc-v.srcs/sources_1/ip/blk_mem_gen_1_1/blk_mem_gen_1.xci' is already up-to-date
INFO: [Vivado 12-4149] The synthesis checkpoint for IP '/home/srn6/pprojs/risc-v/risc-v/risc-v.srcs/sources_1/ip/blk_mem_gen_0_1/blk_mem_gen_0.xci' is already up-to-date
[Mon Mar  9 19:51:44 2026] Launched synth_1...
Run output will be captured here: /home/srn6/pprojs/risc-v/risc-v/risc-v.runs/synth_1/runme.log
[Mon Mar  9 19:51:44 2026] Launched impl_1...
Run output will be captured here: /home/srn6/pprojs/risc-v/risc-v/risc-v.runs/impl_1/runme.log
WARNING: [filemgmt 56-199] Attempt to get parsing info during refresh. "On-the-fly" syntax checking information may be incorrect. [/home/srn6/pprojs/risc-v/risc-v/risc-v.srcs/sources_1/new/rv_pipe_pkg.sv:]
WARNING: [filemgmt 56-199] Attempt to get parsing info during refresh. "On-the-fly" syntax checking information may be incorrect. [/home/srn6/pprojs/risc-v/risc-v/risc-v.srcs/sources_1/new/decode_stage.sv:]
WARNING: [filemgmt 56-199] Attempt to get parsing info during refresh. "On-the-fly" syntax checking information may be incorrect. [/home/srn6/pprojs/risc-v/risc-v/risc-v.srcs/sources_1/new/top.sv:]
WARNING: [filemgmt 56-199] Attempt to get parsing info during refresh. "On-the-fly" syntax checking information may be incorrect. [/home/srn6/pprojs/risc-v/risc-v/risc-v.srcs/sources_1/new/decode_stage.sv:]
WARNING: [filemgmt 56-199] Attempt to get parsing info during refresh. "On-the-fly" syntax checking information may be incorrect. [/home/srn6/pprojs/risc-v/risc-v/risc-v.srcs/sources_1/new/decode_stage.sv:]
WARNING: [filemgmt 56-199] Attempt to get parsing info during refresh. "On-the-fly" syntax checking information may be incorrect. [/home/srn6/pprojs/risc-v/risc-v/risc-v.srcs/sources_1/new/rv_pipe_pkg.sv:]
WARNING: [filemgmt 56-199] Attempt to get parsing info during refresh. "On-the-fly" syntax checking information may be incorrect. [/home/srn6/pprojs/risc-v/risc-v/risc-v.srcs/sources_1/new/decode_stage.sv:]
WARNING: [filemgmt 56-199] Attempt to get parsing info during refresh. "On-the-fly" syntax checking information may be incorrect. [/home/srn6/pprojs/risc-v/risc-v/risc-v.srcs/sources_1/new/top.sv:]
WARNING: [filemgmt 56-199] Attempt to get parsing info during refresh. "On-the-fly" syntax checking information may be incorrect. [/home/srn6/pprojs/risc-v/risc-v/risc-v.srcs/sources_1/new/top.sv:]
WARNING: [filemgmt 56-199] Attempt to get parsing info during refresh. "On-the-fly" syntax checking information may be incorrect. [/home/srn6/pprojs/risc-v/risc-v/risc-v.srcs/sources_1/new/top.sv:]
WARNING: [filemgmt 56-199] Attempt to get parsing info during refresh. "On-the-fly" syntax checking information may be incorrect. [/home/srn6/pprojs/risc-v/risc-v/risc-v.srcs/sources_1/new/rv_pipe_pkg.sv:]
WARNING: [filemgmt 56-199] Attempt to get parsing info during refresh. "On-the-fly" syntax checking information may be incorrect. [/home/srn6/pprojs/risc-v/risc-v/risc-v.srcs/sources_1/new/decode_stage.sv:]
WARNING: [filemgmt 56-199] Attempt to get parsing info during refresh. "On-the-fly" syntax checking information may be incorrect. [/home/srn6/pprojs/risc-v/risc-v/risc-v.srcs/sources_1/new/top.sv:]
WARNING: [filemgmt 56-199] Attempt to get parsing info during refresh. "On-the-fly" syntax checking information may be incorrect. [/home/srn6/pprojs/risc-v/risc-v/risc-v.srcs/sources_1/new/rv_pipe_pkg.sv:]
WARNING: [filemgmt 56-199] Attempt to get parsing info during refresh. "On-the-fly" syntax checking information may be incorrect. [/home/srn6/pprojs/risc-v/risc-v/risc-v.srcs/sources_1/new/rv_pipe_pkg.sv:]
reset_run synth_1
launch_runs impl_1 -jobs 6
INFO: [Vivado 12-4149] The synthesis checkpoint for IP '/home/srn6/pprojs/risc-v/risc-v/risc-v.srcs/sources_1/ip/blk_mem_gen_1_1/blk_mem_gen_1.xci' is already up-to-date
INFO: [Vivado 12-4149] The synthesis checkpoint for IP '/home/srn6/pprojs/risc-v/risc-v/risc-v.srcs/sources_1/ip/blk_mem_gen_0_1/blk_mem_gen_0.xci' is already up-to-date
[Mon Mar  9 19:53:09 2026] Launched synth_1...
Run output will be captured here: /home/srn6/pprojs/risc-v/risc-v/risc-v.runs/synth_1/runme.log
[Mon Mar  9 19:53:09 2026] Launched impl_1...
Run output will be captured here: /home/srn6/pprojs/risc-v/risc-v/risc-v.runs/impl_1/runme.log
WARNING: [filemgmt 56-199] Attempt to get parsing info during refresh. "On-the-fly" syntax checking information may be incorrect. [/home/srn6/pprojs/risc-v/risc-v/risc-v.srcs/sources_1/new/rv_pipe_pkg.sv:]
WARNING: [filemgmt 56-199] Attempt to get parsing info during refresh. "On-the-fly" syntax checking information may be incorrect. [/home/srn6/pprojs/risc-v/risc-v/risc-v.srcs/sources_1/new/decode_stage.sv:]
WARNING: [filemgmt 56-199] Attempt to get parsing info during refresh. "On-the-fly" syntax checking information may be incorrect. [/home/srn6/pprojs/risc-v/risc-v/risc-v.srcs/sources_1/new/top.sv:]
WARNING: [filemgmt 56-199] Attempt to get parsing info during refresh. "On-the-fly" syntax checking information may be incorrect. [/home/srn6/pprojs/risc-v/risc-v/risc-v.srcs/sources_1/new/rv_pipe_pkg.sv:]
WARNING: [filemgmt 56-199] Attempt to get parsing info during refresh. "On-the-fly" syntax checking information may be incorrect. [/home/srn6/pprojs/risc-v/risc-v/risc-v.srcs/sources_1/new/rv_pipe_pkg.sv:]
WARNING: [filemgmt 56-199] Attempt to get parsing info during refresh. "On-the-fly" syntax checking information may be incorrect. [/home/srn6/pprojs/risc-v/risc-v/risc-v.srcs/sources_1/new/rv_pipe_pkg.sv:]
WARNING: [filemgmt 56-199] Attempt to get parsing info during refresh. "On-the-fly" syntax checking information may be incorrect. [/home/srn6/pprojs/risc-v/risc-v/risc-v.srcs/sources_1/new/decode_stage.sv:]
WARNING: [filemgmt 56-199] Attempt to get parsing info during refresh. "On-the-fly" syntax checking information may be incorrect. [/home/srn6/pprojs/risc-v/risc-v/risc-v.srcs/sources_1/new/top.sv:]
WARNING: [filemgmt 56-199] Attempt to get parsing info during refresh. "On-the-fly" syntax checking information may be incorrect. [/home/srn6/pprojs/risc-v/risc-v/risc-v.srcs/sources_1/new/decode_stage.sv:]
WARNING: [filemgmt 56-199] Attempt to get parsing info during refresh. "On-the-fly" syntax checking information may be incorrect. [/home/srn6/pprojs/risc-v/risc-v/risc-v.srcs/sources_1/new/decode_stage.sv:]
WARNING: [filemgmt 56-199] Attempt to get parsing info during refresh. "On-the-fly" syntax checking information may be incorrect. [/home/srn6/pprojs/risc-v/risc-v/risc-v.srcs/sources_1/new/rv_pipe_pkg.sv:]
WARNING: [filemgmt 56-199] Attempt to get parsing info during refresh. "On-the-fly" syntax checking information may be incorrect. [/home/srn6/pprojs/risc-v/risc-v/risc-v.srcs/sources_1/new/decode_stage.sv:]
WARNING: [filemgmt 56-199] Attempt to get parsing info during refresh. "On-the-fly" syntax checking information may be incorrect. [/home/srn6/pprojs/risc-v/risc-v/risc-v.srcs/sources_1/new/fetch_stage.sv:]
WARNING: [filemgmt 56-199] Attempt to get parsing info during refresh. "On-the-fly" syntax checking information may be incorrect. [/home/srn6/pprojs/risc-v/risc-v/risc-v.srcs/sources_1/new/top.sv:]
WARNING: [filemgmt 56-199] Attempt to get parsing info during refresh. "On-the-fly" syntax checking information may be incorrect. [/home/srn6/pprojs/risc-v/risc-v/risc-v.srcs/sources_1/new/rv_pipe_pkg.sv:]
WARNING: [filemgmt 56-199] Attempt to get parsing info during refresh. "On-the-fly" syntax checking information may be incorrect. [/home/srn6/pprojs/risc-v/risc-v/risc-v.srcs/sources_1/new/rv_pipe_pkg.sv:]
WARNING: [filemgmt 56-199] Attempt to get parsing info during refresh. "On-the-fly" syntax checking information may be incorrect. [/home/srn6/pprojs/risc-v/risc-v/risc-v.srcs/sources_1/new/rv_pipe_pkg.sv:]
WARNING: [filemgmt 56-199] Attempt to get parsing info during refresh. "On-the-fly" syntax checking information may be incorrect. [/home/srn6/pprojs/risc-v/risc-v/risc-v.srcs/sources_1/new/decode_stage.sv:]
WARNING: [filemgmt 56-199] Attempt to get parsing info during refresh. "On-the-fly" syntax checking information may be incorrect. [/home/srn6/pprojs/risc-v/risc-v/risc-v.srcs/sources_1/new/fetch_stage.sv:]
WARNING: [filemgmt 56-199] Attempt to get parsing info during refresh. "On-the-fly" syntax checking information may be incorrect. [/home/srn6/pprojs/risc-v/risc-v/risc-v.srcs/sources_1/new/top.sv:]
WARNING: [filemgmt 56-199] Attempt to get parsing info during refresh. "On-the-fly" syntax checking information may be incorrect. [/home/srn6/pprojs/risc-v/risc-v/risc-v.srcs/sources_1/new/fetch_stage.sv:]
WARNING: [filemgmt 56-199] Attempt to get parsing info during refresh. "On-the-fly" syntax checking information may be incorrect. [/home/srn6/pprojs/risc-v/risc-v/risc-v.srcs/sources_1/new/fetch_stage.sv:]
WARNING: [filemgmt 56-199] Attempt to get parsing info during refresh. "On-the-fly" syntax checking information may be incorrect. [/home/srn6/pprojs/risc-v/risc-v/risc-v.srcs/sources_1/new/rv_pipe_pkg.sv:]
WARNING: [filemgmt 56-199] Attempt to get parsing info during refresh. "On-the-fly" syntax checking information may be incorrect. [/home/srn6/pprojs/risc-v/risc-v/risc-v.srcs/sources_1/new/decode_stage.sv:]
WARNING: [filemgmt 56-199] Attempt to get parsing info during refresh. "On-the-fly" syntax checking information may be incorrect. [/home/srn6/pprojs/risc-v/risc-v/risc-v.srcs/sources_1/new/fetch_stage.sv:]
WARNING: [filemgmt 56-199] Attempt to get parsing info during refresh. "On-the-fly" syntax checking information may be incorrect. [/home/srn6/pprojs/risc-v/risc-v/risc-v.srcs/sources_1/new/top.sv:]
WARNING: [filemgmt 56-199] Attempt to get parsing info during refresh. "On-the-fly" syntax checking information may be incorrect. [/home/srn6/pprojs/risc-v/risc-v/risc-v.srcs/sources_1/new/decode_stage.sv:]
WARNING: [filemgmt 56-199] Attempt to get parsing info during refresh. "On-the-fly" syntax checking information may be incorrect. [/home/srn6/pprojs/risc-v/risc-v/risc-v.srcs/sources_1/new/decode_stage.sv:]
reset_run synth_1
launch_runs impl_1 -jobs 6
INFO: [Vivado 12-4149] The synthesis checkpoint for IP '/home/srn6/pprojs/risc-v/risc-v/risc-v.srcs/sources_1/ip/blk_mem_gen_1_1/blk_mem_gen_1.xci' is already up-to-date
INFO: [Vivado 12-4149] The synthesis checkpoint for IP '/home/srn6/pprojs/risc-v/risc-v/risc-v.srcs/sources_1/ip/blk_mem_gen_0_1/blk_mem_gen_0.xci' is already up-to-date
[Mon Mar  9 19:57:38 2026] Launched synth_1...
Run output will be captured here: /home/srn6/pprojs/risc-v/risc-v/risc-v.runs/synth_1/runme.log
[Mon Mar  9 19:57:38 2026] Launched impl_1...
Run output will be captured here: /home/srn6/pprojs/risc-v/risc-v/risc-v.runs/impl_1/runme.log
WARNING: [filemgmt 56-199] Attempt to get parsing info during refresh. "On-the-fly" syntax checking information may be incorrect. [/home/srn6/pprojs/risc-v/risc-v/risc-v.srcs/sources_1/new/rv_pipe_pkg.sv:]
WARNING: [filemgmt 56-199] Attempt to get parsing info during refresh. "On-the-fly" syntax checking information may be incorrect. [/home/srn6/pprojs/risc-v/risc-v/risc-v.srcs/sources_1/new/decode_stage.sv:]
WARNING: [filemgmt 56-199] Attempt to get parsing info during refresh. "On-the-fly" syntax checking information may be incorrect. [/home/srn6/pprojs/risc-v/risc-v/risc-v.srcs/sources_1/new/fetch_stage.sv:]
WARNING: [filemgmt 56-199] Attempt to get parsing info during refresh. "On-the-fly" syntax checking information may be incorrect. [/home/srn6/pprojs/risc-v/risc-v/risc-v.srcs/sources_1/new/top.sv:]
WARNING: [filemgmt 56-199] Attempt to get parsing info during refresh. "On-the-fly" syntax checking information may be incorrect. [/home/srn6/pprojs/risc-v/risc-v/risc-v.srcs/sources_1/new/top.sv:]
WARNING: [filemgmt 56-199] Attempt to get parsing info during refresh. "On-the-fly" syntax checking information may be incorrect. [/home/srn6/pprojs/risc-v/risc-v/risc-v.srcs/sources_1/new/top.sv:]
WARNING: [filemgmt 56-199] Attempt to get parsing info during refresh. "On-the-fly" syntax checking information may be incorrect. [/home/srn6/pprojs/risc-v/risc-v/risc-v.srcs/sources_1/new/rv_pipe_pkg.sv:]
WARNING: [filemgmt 56-199] Attempt to get parsing info during refresh. "On-the-fly" syntax checking information may be incorrect. [/home/srn6/pprojs/risc-v/risc-v/risc-v.srcs/sources_1/new/decode_stage.sv:]
WARNING: [filemgmt 56-199] Attempt to get parsing info during refresh. "On-the-fly" syntax checking information may be incorrect. [/home/srn6/pprojs/risc-v/risc-v/risc-v.srcs/sources_1/new/fetch_stage.sv:]
WARNING: [filemgmt 56-199] Attempt to get parsing info during refresh. "On-the-fly" syntax checking information may be incorrect. [/home/srn6/pprojs/risc-v/risc-v/risc-v.srcs/sources_1/new/top.sv:]
WARNING: [filemgmt 56-199] Attempt to get parsing info during refresh. "On-the-fly" syntax checking information may be incorrect. [/home/srn6/pprojs/risc-v/risc-v/risc-v.srcs/sources_1/new/fetch_stage.sv:]
WARNING: [filemgmt 56-199] Attempt to get parsing info during refresh. "On-the-fly" syntax checking information may be incorrect. [/home/srn6/pprojs/risc-v/risc-v/risc-v.srcs/sources_1/new/fetch_stage.sv:]
WARNING: [filemgmt 56-199] Attempt to get parsing info during refresh. "On-the-fly" syntax checking information may be incorrect. [/home/srn6/pprojs/risc-v/risc-v/risc-v.srcs/sources_1/new/rv_pipe_pkg.sv:]
WARNING: [filemgmt 56-199] Attempt to get parsing info during refresh. "On-the-fly" syntax checking information may be incorrect. [/home/srn6/pprojs/risc-v/risc-v/risc-v.srcs/sources_1/new/decode_stage.sv:]
WARNING: [filemgmt 56-199] Attempt to get parsing info during refresh. "On-the-fly" syntax checking information may be incorrect. [/home/srn6/pprojs/risc-v/risc-v/risc-v.srcs/sources_1/new/fetch_stage.sv:]
WARNING: [filemgmt 56-199] Attempt to get parsing info during refresh. "On-the-fly" syntax checking information may be incorrect. [/home/srn6/pprojs/risc-v/risc-v/risc-v.srcs/sources_1/new/top.sv:]
WARNING: [filemgmt 56-199] Attempt to get parsing info during refresh. "On-the-fly" syntax checking information may be incorrect. [/home/srn6/pprojs/risc-v/risc-v/risc-v.srcs/sources_1/new/decode_stage.sv:]
WARNING: [filemgmt 56-199] Attempt to get parsing info during refresh. "On-the-fly" syntax checking information may be incorrect. [/home/srn6/pprojs/risc-v/risc-v/risc-v.srcs/sources_1/new/decode_stage.sv:]
reset_run synth_1
launch_runs impl_1 -jobs 6
INFO: [Vivado 12-4149] The synthesis checkpoint for IP '/home/srn6/pprojs/risc-v/risc-v/risc-v.srcs/sources_1/ip/blk_mem_gen_1_1/blk_mem_gen_1.xci' is already up-to-date
INFO: [Vivado 12-4149] The synthesis checkpoint for IP '/home/srn6/pprojs/risc-v/risc-v/risc-v.srcs/sources_1/ip/blk_mem_gen_0_1/blk_mem_gen_0.xci' is already up-to-date
[Mon Mar  9 19:59:26 2026] Launched synth_1...
Run output will be captured here: /home/srn6/pprojs/risc-v/risc-v/risc-v.runs/synth_1/runme.log
[Mon Mar  9 19:59:26 2026] Launched impl_1...
Run output will be captured here: /home/srn6/pprojs/risc-v/risc-v/risc-v.runs/impl_1/runme.log
open_run impl_1
INFO: [Device 21-403] Loading part xc7s50csga324-1IL
Netlist sorting complete. Time (s): cpu = 00:00:00.01 ; elapsed = 00:00:00 . Memory (MB): peak = 11059.754 ; gain = 0.000 ; free physical = 6842 ; free virtual = 15605
INFO: [Netlist 29-17] Analyzing 61 Unisim elements for replacement
INFO: [Netlist 29-28] Unisim Transformation completed in 0 CPU seconds
INFO: [Project 1-479] Netlist was created with Vivado 2025.1
INFO: [Project 1-570] Preparing netlist for logic optimization
Read ShapeDB Complete: Time (s): cpu = 00:00:00 ; elapsed = 00:00:00 . Memory (MB): peak = 11111.629 ; gain = 0.000 ; free physical = 6785 ; free virtual = 15548
INFO: [Timing 38-478] Restoring timing data from binary archive.
INFO: [Timing 38-479] Binary timing data restore complete.
INFO: [Project 1-856] Restoring constraints from binary archive.
INFO: [Project 1-853] Binary constraint restore complete.
INFO: [Designutils 20-5722] Start Reading Physical Databases.
Reading placement.
Read Netlist Cache: Time (s): cpu = 00:00:00 ; elapsed = 00:00:00 . Memory (MB): peak = 11624.551 ; gain = 0.000 ; free physical = 6348 ; free virtual = 15111
Reading placer database...
Read Device Cache: Time (s): cpu = 00:00:00.01 ; elapsed = 00:00:00 . Memory (MB): peak = 11624.551 ; gain = 0.000 ; free physical = 6348 ; free virtual = 15111
Read PlaceDB: Time (s): cpu = 00:00:00.02 ; elapsed = 00:00:00.03 . Memory (MB): peak = 11624.551 ; gain = 0.000 ; free physical = 6348 ; free virtual = 15111
Read PulsedLatchDB: Time (s): cpu = 00:00:00 ; elapsed = 00:00:00 . Memory (MB): peak = 11624.551 ; gain = 0.000 ; free physical = 6348 ; free virtual = 15111
Reading routing.
Read RouteStorage: Time (s): cpu = 00:00:00.03 ; elapsed = 00:00:00.01 . Memory (MB): peak = 11624.551 ; gain = 0.000 ; free physical = 6348 ; free virtual = 15111
Read Physdb Files: Time (s): cpu = 00:00:00.06 ; elapsed = 00:00:00.06 . Memory (MB): peak = 11624.551 ; gain = 0.000 ; free physical = 6348 ; free virtual = 15111
Restored from archive | CPU: 0.070000 secs | Memory: 1.453560 MB |
Finished XDEF File Restore: Time (s): cpu = 00:00:00.06 ; elapsed = 00:00:00.06 . Memory (MB): peak = 11624.551 ; gain = 0.000 ; free physical = 6348 ; free virtual = 15111
Netlist sorting complete. Time (s): cpu = 00:00:00 ; elapsed = 00:00:00 . Memory (MB): peak = 11624.551 ; gain = 0.000 ; free physical = 6348 ; free virtual = 15111
INFO: [Project 1-111] Unisim Transformation Summary:
No Unisim elements were transformed.

open_run: Time (s): cpu = 00:00:15 ; elapsed = 00:00:13 . Memory (MB): peak = 11929.016 ; gain = 1007.387 ; free physical = 6040 ; free virtual = 14806
report_timing_summary -delay_type min_max -report_unconstrained -check_timing_verbose -max_paths 10 -input_pins -routable_nets -name timing_1
INFO: [Timing 38-91] UpdateTimingParams: Speed grade: -1IL, Delay Type: min_max.
INFO: [Timing 38-191] Multithreading enabled for timing update using a maximum of 8 CPUs
WARNING: [filemgmt 56-199] Attempt to get parsing info during refresh. "On-the-fly" syntax checking information may be incorrect. [/home/srn6/pprojs/risc-v/risc-v/risc-v.srcs/sources_1/new/rv_pipe_pkg.sv:]
WARNING: [filemgmt 56-199] Attempt to get parsing info during refresh. "On-the-fly" syntax checking information may be incorrect. [/home/srn6/pprojs/risc-v/risc-v/risc-v.srcs/sources_1/new/decode_stage.sv:]
WARNING: [filemgmt 56-199] Attempt to get parsing info during refresh. "On-the-fly" syntax checking information may be incorrect. [/home/srn6/pprojs/risc-v/risc-v/risc-v.srcs/sources_1/new/fetch_stage.sv:]
WARNING: [filemgmt 56-199] Attempt to get parsing info during refresh. "On-the-fly" syntax checking information may be incorrect. [/home/srn6/pprojs/risc-v/risc-v/risc-v.srcs/sources_1/new/top.sv:]
WARNING: [filemgmt 56-199] Attempt to get parsing info during refresh. "On-the-fly" syntax checking information may be incorrect. [/home/srn6/pprojs/risc-v/risc-v/risc-v.srcs/sources_1/new/rv_pipe_pkg.sv:]
WARNING: [filemgmt 56-199] Attempt to get parsing info during refresh. "On-the-fly" syntax checking information may be incorrect. [/home/srn6/pprojs/risc-v/risc-v/risc-v.srcs/sources_1/new/rv_pipe_pkg.sv:]
WARNING: [filemgmt 56-199] Attempt to get parsing info during refresh. "On-the-fly" syntax checking information may be incorrect. [/home/srn6/pprojs/risc-v/risc-v/risc-v.srcs/sources_1/new/rv_pipe_pkg.sv:]
WARNING: [filemgmt 56-199] Attempt to get parsing info during refresh. "On-the-fly" syntax checking information may be incorrect. [/home/srn6/pprojs/risc-v/risc-v/risc-v.srcs/sources_1/new/decode_stage.sv:]
WARNING: [filemgmt 56-199] Attempt to get parsing info during refresh. "On-the-fly" syntax checking information may be incorrect. [/home/srn6/pprojs/risc-v/risc-v/risc-v.srcs/sources_1/new/fetch_stage.sv:]
WARNING: [filemgmt 56-199] Attempt to get parsing info during refresh. "On-the-fly" syntax checking information may be incorrect. [/home/srn6/pprojs/risc-v/risc-v/risc-v.srcs/sources_1/new/top.sv:]
WARNING: [filemgmt 56-199] Attempt to get parsing info during refresh. "On-the-fly" syntax checking information may be incorrect. [/home/srn6/pprojs/risc-v/risc-v/risc-v.srcs/sources_1/new/fetch_stage.sv:]
WARNING: [filemgmt 56-199] Attempt to get parsing info during refresh. "On-the-fly" syntax checking information may be incorrect. [/home/srn6/pprojs/risc-v/risc-v/risc-v.srcs/sources_1/new/fetch_stage.sv:]
WARNING: [filemgmt 56-199] Attempt to get parsing info during refresh. "On-the-fly" syntax checking information may be incorrect. [/home/srn6/pprojs/risc-v/risc-v/risc-v.srcs/sources_1/new/rv_pipe_pkg.sv:]
WARNING: [filemgmt 56-199] Attempt to get parsing info during refresh. "On-the-fly" syntax checking information may be incorrect. [/home/srn6/pprojs/risc-v/risc-v/risc-v.srcs/sources_1/new/decode_stage.sv:]
WARNING: [filemgmt 56-199] Attempt to get parsing info during refresh. "On-the-fly" syntax checking information may be incorrect. [/home/srn6/pprojs/risc-v/risc-v/risc-v.srcs/sources_1/new/fetch_stage.sv:]
WARNING: [filemgmt 56-199] Attempt to get parsing info during refresh. "On-the-fly" syntax checking information may be incorrect. [/home/srn6/pprojs/risc-v/risc-v/risc-v.srcs/sources_1/new/top.sv:]
WARNING: [filemgmt 56-199] Attempt to get parsing info during refresh. "On-the-fly" syntax checking information may be incorrect. [/home/srn6/pprojs/risc-v/risc-v/risc-v.srcs/sources_1/new/decode_stage.sv:]
WARNING: [filemgmt 56-199] Attempt to get parsing info during refresh. "On-the-fly" syntax checking information may be incorrect. [/home/srn6/pprojs/risc-v/risc-v/risc-v.srcs/sources_1/new/decode_stage.sv:]
WARNING: [filemgmt 56-199] Attempt to get parsing info during refresh. "On-the-fly" syntax checking information may be incorrect. [/home/srn6/pprojs/risc-v/risc-v/risc-v.srcs/sources_1/new/rv_pipe_pkg.sv:]
WARNING: [filemgmt 56-199] Attempt to get parsing info during refresh. "On-the-fly" syntax checking information may be incorrect. [/home/srn6/pprojs/risc-v/risc-v/risc-v.srcs/sources_1/new/decode_stage.sv:]
WARNING: [filemgmt 56-199] Attempt to get parsing info during refresh. "On-the-fly" syntax checking information may be incorrect. [/home/srn6/pprojs/risc-v/risc-v/risc-v.srcs/sources_1/new/fetch_stage.sv:]
WARNING: [filemgmt 56-199] Attempt to get parsing info during refresh. "On-the-fly" syntax checking information may be incorrect. [/home/srn6/pprojs/risc-v/risc-v/risc-v.srcs/sources_1/new/top.sv:]
WARNING: [filemgmt 56-199] Attempt to get parsing info during refresh. "On-the-fly" syntax checking information may be incorrect. [/home/srn6/pprojs/risc-v/risc-v/risc-v.srcs/sources_1/new/rv_pipe_pkg.sv:]
WARNING: [filemgmt 56-199] Attempt to get parsing info during refresh. "On-the-fly" syntax checking information may be incorrect. [/home/srn6/pprojs/risc-v/risc-v/risc-v.srcs/sources_1/new/rv_pipe_pkg.sv:]
WARNING: [filemgmt 56-199] Attempt to get parsing info during refresh. "On-the-fly" syntax checking information may be incorrect. [/home/srn6/pprojs/risc-v/risc-v/risc-v.srcs/sources_1/new/rv_pipe_pkg.sv:]
WARNING: [filemgmt 56-199] Attempt to get parsing info during refresh. "On-the-fly" syntax checking information may be incorrect. [/home/srn6/pprojs/risc-v/risc-v/risc-v.srcs/sources_1/new/decode_stage.sv:]
WARNING: [filemgmt 56-199] Attempt to get parsing info during refresh. "On-the-fly" syntax checking information may be incorrect. [/home/srn6/pprojs/risc-v/risc-v/risc-v.srcs/sources_1/new/fetch_stage.sv:]
WARNING: [filemgmt 56-199] Attempt to get parsing info during refresh. "On-the-fly" syntax checking information may be incorrect. [/home/srn6/pprojs/risc-v/risc-v/risc-v.srcs/sources_1/new/top.sv:]
WARNING: [filemgmt 56-199] Attempt to get parsing info during refresh. "On-the-fly" syntax checking information may be incorrect. [/home/srn6/pprojs/risc-v/risc-v/risc-v.srcs/sources_1/new/decode_stage.sv:]
WARNING: [filemgmt 56-199] Attempt to get parsing info during refresh. "On-the-fly" syntax checking information may be incorrect. [/home/srn6/pprojs/risc-v/risc-v/risc-v.srcs/sources_1/new/decode_stage.sv:]
WARNING: [filemgmt 56-199] Attempt to get parsing info during refresh. "On-the-fly" syntax checking information may be incorrect. [/home/srn6/pprojs/risc-v/risc-v/risc-v.srcs/sources_1/new/rv_pipe_pkg.sv:]
WARNING: [filemgmt 56-199] Attempt to get parsing info during refresh. "On-the-fly" syntax checking information may be incorrect. [/home/srn6/pprojs/risc-v/risc-v/risc-v.srcs/sources_1/new/decode_stage.sv:]
WARNING: [filemgmt 56-199] Attempt to get parsing info during refresh. "On-the-fly" syntax checking information may be incorrect. [/home/srn6/pprojs/risc-v/risc-v/risc-v.srcs/sources_1/new/fetch_stage.sv:]
WARNING: [filemgmt 56-199] Attempt to get parsing info during refresh. "On-the-fly" syntax checking information may be incorrect. [/home/srn6/pprojs/risc-v/risc-v/risc-v.srcs/sources_1/new/top.sv:]
WARNING: [filemgmt 56-199] Attempt to get parsing info during refresh. "On-the-fly" syntax checking information may be incorrect. [/home/srn6/pprojs/risc-v/risc-v/risc-v.srcs/sources_1/new/fetch_stage.sv:]
WARNING: [filemgmt 56-199] Attempt to get parsing info during refresh. "On-the-fly" syntax checking information may be incorrect. [/home/srn6/pprojs/risc-v/risc-v/risc-v.srcs/sources_1/new/fetch_stage.sv:]
WARNING: [filemgmt 56-199] Attempt to get parsing info during refresh. "On-the-fly" syntax checking information may be incorrect. [/home/srn6/pprojs/risc-v/risc-v/risc-v.srcs/sources_1/new/rv_pipe_pkg.sv:]
WARNING: [filemgmt 56-199] Attempt to get parsing info during refresh. "On-the-fly" syntax checking information may be incorrect. [/home/srn6/pprojs/risc-v/risc-v/risc-v.srcs/sources_1/new/decode_stage.sv:]
WARNING: [filemgmt 56-199] Attempt to get parsing info during refresh. "On-the-fly" syntax checking information may be incorrect. [/home/srn6/pprojs/risc-v/risc-v/risc-v.srcs/sources_1/new/fetch_stage.sv:]
WARNING: [filemgmt 56-199] Attempt to get parsing info during refresh. "On-the-fly" syntax checking information may be incorrect. [/home/srn6/pprojs/risc-v/risc-v/risc-v.srcs/sources_1/new/top.sv:]
WARNING: [filemgmt 56-199] Attempt to get parsing info during refresh. "On-the-fly" syntax checking information may be incorrect. [/home/srn6/pprojs/risc-v/risc-v/risc-v.srcs/sources_1/new/top.sv:]
WARNING: [filemgmt 56-199] Attempt to get parsing info during refresh. "On-the-fly" syntax checking information may be incorrect. [/home/srn6/pprojs/risc-v/risc-v/risc-v.srcs/sources_1/new/top.sv:]
WARNING: [filemgmt 56-199] Attempt to get parsing info during refresh. "On-the-fly" syntax checking information may be incorrect. [/home/srn6/pprojs/risc-v/risc-v/risc-v.srcs/sources_1/new/rv_pipe_pkg.sv:]
WARNING: [filemgmt 56-199] Attempt to get parsing info during refresh. "On-the-fly" syntax checking information may be incorrect. [/home/srn6/pprojs/risc-v/risc-v/risc-v.srcs/sources_1/new/decode_stage.sv:]
WARNING: [filemgmt 56-199] Attempt to get parsing info during refresh. "On-the-fly" syntax checking information may be incorrect. [/home/srn6/pprojs/risc-v/risc-v/risc-v.srcs/sources_1/new/fetch_stage.sv:]
WARNING: [filemgmt 56-199] Attempt to get parsing info during refresh. "On-the-fly" syntax checking information may be incorrect. [/home/srn6/pprojs/risc-v/risc-v/risc-v.srcs/sources_1/new/top.sv:]
WARNING: [filemgmt 56-199] Attempt to get parsing info during refresh. "On-the-fly" syntax checking information may be incorrect. [/home/srn6/pprojs/risc-v/risc-v/risc-v.srcs/sources_1/new/fetch_stage.sv:]
WARNING: [filemgmt 56-199] Attempt to get parsing info during refresh. "On-the-fly" syntax checking information may be incorrect. [/home/srn6/pprojs/risc-v/risc-v/risc-v.srcs/sources_1/new/fetch_stage.sv:]
WARNING: [filemgmt 56-199] Attempt to get parsing info during refresh. "On-the-fly" syntax checking information may be incorrect. [/home/srn6/pprojs/risc-v/risc-v/risc-v.srcs/sources_1/new/rv_pipe_pkg.sv:]
WARNING: [filemgmt 56-199] Attempt to get parsing info during refresh. "On-the-fly" syntax checking information may be incorrect. [/home/srn6/pprojs/risc-v/risc-v/risc-v.srcs/sources_1/new/decode_stage.sv:]
WARNING: [filemgmt 56-199] Attempt to get parsing info during refresh. "On-the-fly" syntax checking information may be incorrect. [/home/srn6/pprojs/risc-v/risc-v/risc-v.srcs/sources_1/new/fetch_stage.sv:]
WARNING: [filemgmt 56-199] Attempt to get parsing info during refresh. "On-the-fly" syntax checking information may be incorrect. [/home/srn6/pprojs/risc-v/risc-v/risc-v.srcs/sources_1/new/top.sv:]
WARNING: [filemgmt 56-199] Attempt to get parsing info during refresh. "On-the-fly" syntax checking information may be incorrect. [/home/srn6/pprojs/risc-v/risc-v/risc-v.srcs/sources_1/new/decode_stage.sv:]
WARNING: [filemgmt 56-199] Attempt to get parsing info during refresh. "On-the-fly" syntax checking information may be incorrect. [/home/srn6/pprojs/risc-v/risc-v/risc-v.srcs/sources_1/new/decode_stage.sv:]
WARNING: [filemgmt 56-199] Attempt to get parsing info during refresh. "On-the-fly" syntax checking information may be incorrect. [/home/srn6/pprojs/risc-v/risc-v/risc-v.srcs/sources_1/new/rv_pipe_pkg.sv:]
WARNING: [filemgmt 56-199] Attempt to get parsing info during refresh. "On-the-fly" syntax checking information may be incorrect. [/home/srn6/pprojs/risc-v/risc-v/risc-v.srcs/sources_1/new/decode_stage.sv:]
WARNING: [filemgmt 56-199] Attempt to get parsing info during refresh. "On-the-fly" syntax checking information may be incorrect. [/home/srn6/pprojs/risc-v/risc-v/risc-v.srcs/sources_1/new/fetch_stage.sv:]
WARNING: [filemgmt 56-199] Attempt to get parsing info during refresh. "On-the-fly" syntax checking information may be incorrect. [/home/srn6/pprojs/risc-v/risc-v/risc-v.srcs/sources_1/new/top.sv:]
WARNING: [filemgmt 56-199] Attempt to get parsing info during refresh. "On-the-fly" syntax checking information may be incorrect. [/home/srn6/pprojs/risc-v/risc-v/risc-v.srcs/sources_1/new/rv_pipe_pkg.sv:]
WARNING: [filemgmt 56-199] Attempt to get parsing info during refresh. "On-the-fly" syntax checking information may be incorrect. [/home/srn6/pprojs/risc-v/risc-v/risc-v.srcs/sources_1/new/rv_pipe_pkg.sv:]
WARNING: [filemgmt 56-199] Attempt to get parsing info during refresh. "On-the-fly" syntax checking information may be incorrect. [/home/srn6/pprojs/risc-v/risc-v/risc-v.srcs/sources_1/new/rv_pipe_pkg.sv:]
WARNING: [filemgmt 56-199] Attempt to get parsing info during refresh. "On-the-fly" syntax checking information may be incorrect. [/home/srn6/pprojs/risc-v/risc-v/risc-v.srcs/sources_1/new/decode_stage.sv:]
WARNING: [filemgmt 56-199] Attempt to get parsing info during refresh. "On-the-fly" syntax checking information may be incorrect. [/home/srn6/pprojs/risc-v/risc-v/risc-v.srcs/sources_1/new/fetch_stage.sv:]
WARNING: [filemgmt 56-199] Attempt to get parsing info during refresh. "On-the-fly" syntax checking information may be incorrect. [/home/srn6/pprojs/risc-v/risc-v/risc-v.srcs/sources_1/new/top.sv:]
WARNING: [filemgmt 56-199] Attempt to get parsing info during refresh. "On-the-fly" syntax checking information may be incorrect. [/home/srn6/pprojs/risc-v/risc-v/risc-v.srcs/sources_1/new/fetch_stage.sv:]
WARNING: [filemgmt 56-199] Attempt to get parsing info during refresh. "On-the-fly" syntax checking information may be incorrect. [/home/srn6/pprojs/risc-v/risc-v/risc-v.srcs/sources_1/new/fetch_stage.sv:]
WARNING: [filemgmt 56-199] Attempt to get parsing info during refresh. "On-the-fly" syntax checking information may be incorrect. [/home/srn6/pprojs/risc-v/risc-v/risc-v.srcs/sources_1/new/rv_pipe_pkg.sv:]
WARNING: [filemgmt 56-199] Attempt to get parsing info during refresh. "On-the-fly" syntax checking information may be incorrect. [/home/srn6/pprojs/risc-v/risc-v/risc-v.srcs/sources_1/new/decode_stage.sv:]
WARNING: [filemgmt 56-199] Attempt to get parsing info during refresh. "On-the-fly" syntax checking information may be incorrect. [/home/srn6/pprojs/risc-v/risc-v/risc-v.srcs/sources_1/new/fetch_stage.sv:]
WARNING: [filemgmt 56-199] Attempt to get parsing info during refresh. "On-the-fly" syntax checking information may be incorrect. [/home/srn6/pprojs/risc-v/risc-v/risc-v.srcs/sources_1/new/top.sv:]
WARNING: [filemgmt 56-199] Attempt to get parsing info during refresh. "On-the-fly" syntax checking information may be incorrect. [/home/srn6/pprojs/risc-v/risc-v/risc-v.srcs/sources_1/new/decode_stage.sv:]
WARNING: [filemgmt 56-199] Attempt to get parsing info during refresh. "On-the-fly" syntax checking information may be incorrect. [/home/srn6/pprojs/risc-v/risc-v/risc-v.srcs/sources_1/new/decode_stage.sv:]
WARNING: [filemgmt 56-199] Attempt to get parsing info during refresh. "On-the-fly" syntax checking information may be incorrect. [/home/srn6/pprojs/risc-v/risc-v/risc-v.srcs/sources_1/new/rv_pipe_pkg.sv:]
WARNING: [filemgmt 56-199] Attempt to get parsing info during refresh. "On-the-fly" syntax checking information may be incorrect. [/home/srn6/pprojs/risc-v/risc-v/risc-v.srcs/sources_1/new/decode_stage.sv:]
WARNING: [filemgmt 56-199] Attempt to get parsing info during refresh. "On-the-fly" syntax checking information may be incorrect. [/home/srn6/pprojs/risc-v/risc-v/risc-v.srcs/sources_1/new/fetch_stage.sv:]
WARNING: [filemgmt 56-199] Attempt to get parsing info during refresh. "On-the-fly" syntax checking information may be incorrect. [/home/srn6/pprojs/risc-v/risc-v/risc-v.srcs/sources_1/new/top.sv:]
WARNING: [filemgmt 56-199] Attempt to get parsing info during refresh. "On-the-fly" syntax checking information may be incorrect. [/home/srn6/pprojs/risc-v/risc-v/risc-v.srcs/sources_1/new/top.sv:]
WARNING: [filemgmt 56-199] Attempt to get parsing info during refresh. "On-the-fly" syntax checking information may be incorrect. [/home/srn6/pprojs/risc-v/risc-v/risc-v.srcs/sources_1/new/top.sv:]
WARNING: [filemgmt 56-199] Attempt to get parsing info during refresh. "On-the-fly" syntax checking information may be incorrect. [/home/srn6/pprojs/risc-v/risc-v/risc-v.srcs/sources_1/new/rv_pipe_pkg.sv:]
WARNING: [filemgmt 56-199] Attempt to get parsing info during refresh. "On-the-fly" syntax checking information may be incorrect. [/home/srn6/pprojs/risc-v/risc-v/risc-v.srcs/sources_1/new/decode_stage.sv:]
WARNING: [filemgmt 56-199] Attempt to get parsing info during refresh. "On-the-fly" syntax checking information may be incorrect. [/home/srn6/pprojs/risc-v/risc-v/risc-v.srcs/sources_1/new/fetch_stage.sv:]
WARNING: [filemgmt 56-199] Attempt to get parsing info during refresh. "On-the-fly" syntax checking information may be incorrect. [/home/srn6/pprojs/risc-v/risc-v/risc-v.srcs/sources_1/new/top.sv:]
WARNING: [filemgmt 56-199] Attempt to get parsing info during refresh. "On-the-fly" syntax checking information may be incorrect. [/home/srn6/pprojs/risc-v/risc-v/risc-v.srcs/sources_1/new/decode_stage.sv:]
WARNING: [filemgmt 56-199] Attempt to get parsing info during refresh. "On-the-fly" syntax checking information may be incorrect. [/home/srn6/pprojs/risc-v/risc-v/risc-v.srcs/sources_1/new/decode_stage.sv:]
WARNING: [filemgmt 56-199] Attempt to get parsing info during refresh. "On-the-fly" syntax checking information may be incorrect. [/home/srn6/pprojs/risc-v/risc-v/risc-v.srcs/sources_1/new/rv_pipe_pkg.sv:]
WARNING: [filemgmt 56-199] Attempt to get parsing info during refresh. "On-the-fly" syntax checking information may be incorrect. [/home/srn6/pprojs/risc-v/risc-v/risc-v.srcs/sources_1/new/decode_stage.sv:]
WARNING: [filemgmt 56-199] Attempt to get parsing info during refresh. "On-the-fly" syntax checking information may be incorrect. [/home/srn6/pprojs/risc-v/risc-v/risc-v.srcs/sources_1/new/fetch_stage.sv:]
WARNING: [filemgmt 56-199] Attempt to get parsing info during refresh. "On-the-fly" syntax checking information may be incorrect. [/home/srn6/pprojs/risc-v/risc-v/risc-v.srcs/sources_1/new/top.sv:]
WARNING: [filemgmt 56-199] Attempt to get parsing info during refresh. "On-the-fly" syntax checking information may be incorrect. [/home/srn6/pprojs/risc-v/risc-v/risc-v.srcs/sources_1/new/fetch_stage.sv:]
WARNING: [filemgmt 56-199] Attempt to get parsing info during refresh. "On-the-fly" syntax checking information may be incorrect. [/home/srn6/pprojs/risc-v/risc-v/risc-v.srcs/sources_1/new/fetch_stage.sv:]
WARNING: [filemgmt 56-199] Attempt to get parsing info during refresh. "On-the-fly" syntax checking information may be incorrect. [/home/srn6/pprojs/risc-v/risc-v/risc-v.srcs/sources_1/new/rv_pipe_pkg.sv:]
WARNING: [filemgmt 56-199] Attempt to get parsing info during refresh. "On-the-fly" syntax checking information may be incorrect. [/home/srn6/pprojs/risc-v/risc-v/risc-v.srcs/sources_1/new/decode_stage.sv:]
WARNING: [filemgmt 56-199] Attempt to get parsing info during refresh. "On-the-fly" syntax checking information may be incorrect. [/home/srn6/pprojs/risc-v/risc-v/risc-v.srcs/sources_1/new/fetch_stage.sv:]
WARNING: [filemgmt 56-199] Attempt to get parsing info during refresh. "On-the-fly" syntax checking information may be incorrect. [/home/srn6/pprojs/risc-v/risc-v/risc-v.srcs/sources_1/new/top.sv:]
WARNING: [filemgmt 56-199] Attempt to get parsing info during refresh. "On-the-fly" syntax checking information may be incorrect. [/home/srn6/pprojs/risc-v/risc-v/risc-v.srcs/sources_1/new/rv_pipe_pkg.sv:]
WARNING: [filemgmt 56-199] Attempt to get parsing info during refresh. "On-the-fly" syntax checking information may be incorrect. [/home/srn6/pprojs/risc-v/risc-v/risc-v.srcs/sources_1/new/rv_pipe_pkg.sv:]
WARNING: [filemgmt 56-199] Attempt to get parsing info during refresh. "On-the-fly" syntax checking information may be incorrect. [/home/srn6/pprojs/risc-v/risc-v/risc-v.srcs/sources_1/new/rv_pipe_pkg.sv:]
WARNING: [filemgmt 56-199] Attempt to get parsing info during refresh. "On-the-fly" syntax checking information may be incorrect. [/home/srn6/pprojs/risc-v/risc-v/risc-v.srcs/sources_1/new/decode_stage.sv:]
WARNING: [filemgmt 56-199] Attempt to get parsing info during refresh. "On-the-fly" syntax checking information may be incorrect. [/home/srn6/pprojs/risc-v/risc-v/risc-v.srcs/sources_1/new/fetch_stage.sv:]
WARNING: [filemgmt 56-199] Attempt to get parsing info during refresh. "On-the-fly" syntax checking information may be incorrect. [/home/srn6/pprojs/risc-v/risc-v/risc-v.srcs/sources_1/new/top.sv:]
WARNING: [filemgmt 56-199] Attempt to get parsing info during refresh. "On-the-fly" syntax checking information may be incorrect. [/home/srn6/pprojs/risc-v/risc-v/risc-v.srcs/sources_1/new/top.sv:]
WARNING: [filemgmt 56-199] Attempt to get parsing info during refresh. "On-the-fly" syntax checking information may be incorrect. [/home/srn6/pprojs/risc-v/risc-v/risc-v.srcs/sources_1/new/top.sv:]
WARNING: [filemgmt 56-199] Attempt to get parsing info during refresh. "On-the-fly" syntax checking information may be incorrect. [/home/srn6/pprojs/risc-v/risc-v/risc-v.srcs/sources_1/new/rv_pipe_pkg.sv:]
WARNING: [filemgmt 56-199] Attempt to get parsing info during refresh. "On-the-fly" syntax checking information may be incorrect. [/home/srn6/pprojs/risc-v/risc-v/risc-v.srcs/sources_1/new/decode_stage.sv:]
WARNING: [filemgmt 56-199] Attempt to get parsing info during refresh. "On-the-fly" syntax checking information may be incorrect. [/home/srn6/pprojs/risc-v/risc-v/risc-v.srcs/sources_1/new/fetch_stage.sv:]
WARNING: [filemgmt 56-199] Attempt to get parsing info during refresh. "On-the-fly" syntax checking information may be incorrect. [/home/srn6/pprojs/risc-v/risc-v/risc-v.srcs/sources_1/new/top.sv:]
WARNING: [filemgmt 56-199] Attempt to get parsing info during refresh. "On-the-fly" syntax checking information may be incorrect. [/home/srn6/pprojs/risc-v/risc-v/risc-v.srcs/sources_1/new/fetch_stage.sv:]
WARNING: [filemgmt 56-199] Attempt to get parsing info during refresh. "On-the-fly" syntax checking information may be incorrect. [/home/srn6/pprojs/risc-v/risc-v/risc-v.srcs/sources_1/new/fetch_stage.sv:]
WARNING: [filemgmt 56-199] Attempt to get parsing info during refresh. "On-the-fly" syntax checking information may be incorrect. [/home/srn6/pprojs/risc-v/risc-v/risc-v.srcs/sources_1/new/rv_pipe_pkg.sv:]
WARNING: [filemgmt 56-199] Attempt to get parsing info during refresh. "On-the-fly" syntax checking information may be incorrect. [/home/srn6/pprojs/risc-v/risc-v/risc-v.srcs/sources_1/new/decode_stage.sv:]
WARNING: [filemgmt 56-199] Attempt to get parsing info during refresh. "On-the-fly" syntax checking information may be incorrect. [/home/srn6/pprojs/risc-v/risc-v/risc-v.srcs/sources_1/new/fetch_stage.sv:]
WARNING: [filemgmt 56-199] Attempt to get parsing info during refresh. "On-the-fly" syntax checking information may be incorrect. [/home/srn6/pprojs/risc-v/risc-v/risc-v.srcs/sources_1/new/top.sv:]
WARNING: [filemgmt 56-199] Attempt to get parsing info during refresh. "On-the-fly" syntax checking information may be incorrect. [/home/srn6/pprojs/risc-v/risc-v/risc-v.srcs/sources_1/new/decode_stage.sv:]
WARNING: [filemgmt 56-199] Attempt to get parsing info during refresh. "On-the-fly" syntax checking information may be incorrect. [/home/srn6/pprojs/risc-v/risc-v/risc-v.srcs/sources_1/new/decode_stage.sv:]
reset_run synth_1
INFO: [Project 1-1161] Replacing file /home/srn6/pprojs/risc-v/risc-v/risc-v.srcs/utils_1/imports/synth_1/instruction_memory.dcp with file /home/srn6/pprojs/risc-v/risc-v/risc-v.runs/synth_1/top.dcp
WARNING: [filemgmt 56-199] Attempt to get parsing info during refresh. "On-the-fly" syntax checking information may be incorrect. [/home/srn6/pprojs/risc-v/risc-v/risc-v.srcs/sources_1/new/rv_pipe_pkg.sv:]
WARNING: [filemgmt 56-199] Attempt to get parsing info during refresh. "On-the-fly" syntax checking information may be incorrect. [/home/srn6/pprojs/risc-v/risc-v/risc-v.srcs/sources_1/new/decode_stage.sv:]
WARNING: [filemgmt 56-199] Attempt to get parsing info during refresh. "On-the-fly" syntax checking information may be incorrect. [/home/srn6/pprojs/risc-v/risc-v/risc-v.srcs/sources_1/new/fetch_stage.sv:]
WARNING: [filemgmt 56-199] Attempt to get parsing info during refresh. "On-the-fly" syntax checking information may be incorrect. [/home/srn6/pprojs/risc-v/risc-v/risc-v.srcs/sources_1/new/execute_stage.sv:]
WARNING: [filemgmt 56-199] Attempt to get parsing info during refresh. "On-the-fly" syntax checking information may be incorrect. [/home/srn6/pprojs/risc-v/risc-v/risc-v.srcs/sources_1/new/top.sv:]
WARNING: [filemgmt 56-199] Attempt to get parsing info during refresh. "On-the-fly" syntax checking information may be incorrect. [/home/srn6/pprojs/risc-v/risc-v/risc-v.srcs/sources_1/new/top.sv:]
WARNING: [filemgmt 56-199] Attempt to get parsing info during refresh. "On-the-fly" syntax checking information may be incorrect. [/home/srn6/pprojs/risc-v/risc-v/risc-v.srcs/sources_1/new/top.sv:]
WARNING: [filemgmt 56-199] Attempt to get parsing info during refresh. "On-the-fly" syntax checking information may be incorrect. [/home/srn6/pprojs/risc-v/risc-v/risc-v.srcs/sources_1/new/rv_pipe_pkg.sv:]
WARNING: [filemgmt 56-199] Attempt to get parsing info during refresh. "On-the-fly" syntax checking information may be incorrect. [/home/srn6/pprojs/risc-v/risc-v/risc-v.srcs/sources_1/new/decode_stage.sv:]
WARNING: [filemgmt 56-199] Attempt to get parsing info during refresh. "On-the-fly" syntax checking information may be incorrect. [/home/srn6/pprojs/risc-v/risc-v/risc-v.srcs/sources_1/new/fetch_stage.sv:]
WARNING: [filemgmt 56-199] Attempt to get parsing info during refresh. "On-the-fly" syntax checking information may be incorrect. [/home/srn6/pprojs/risc-v/risc-v/risc-v.srcs/sources_1/new/execute_stage.sv:]
WARNING: [filemgmt 56-199] Attempt to get parsing info during refresh. "On-the-fly" syntax checking information may be incorrect. [/home/srn6/pprojs/risc-v/risc-v/risc-v.srcs/sources_1/new/top.sv:]
WARNING: [filemgmt 56-199] Attempt to get parsing info during refresh. "On-the-fly" syntax checking information may be incorrect. [/home/srn6/pprojs/risc-v/risc-v/risc-v.srcs/sources_1/new/decode_stage.sv:]
WARNING: [filemgmt 56-199] Attempt to get parsing info during refresh. "On-the-fly" syntax checking information may be incorrect. [/home/srn6/pprojs/risc-v/risc-v/risc-v.srcs/sources_1/new/decode_stage.sv:]
WARNING: [filemgmt 56-199] Attempt to get parsing info during refresh. "On-the-fly" syntax checking information may be incorrect. [/home/srn6/pprojs/risc-v/risc-v/risc-v.srcs/sources_1/new/rv_pipe_pkg.sv:]
WARNING: [filemgmt 56-199] Attempt to get parsing info during refresh. "On-the-fly" syntax checking information may be incorrect. [/home/srn6/pprojs/risc-v/risc-v/risc-v.srcs/sources_1/new/decode_stage.sv:]
WARNING: [filemgmt 56-199] Attempt to get parsing info during refresh. "On-the-fly" syntax checking information may be incorrect. [/home/srn6/pprojs/risc-v/risc-v/risc-v.srcs/sources_1/new/fetch_stage.sv:]
WARNING: [filemgmt 56-199] Attempt to get parsing info during refresh. "On-the-fly" syntax checking information may be incorrect. [/home/srn6/pprojs/risc-v/risc-v/risc-v.srcs/sources_1/new/execute_stage.sv:]
WARNING: [filemgmt 56-199] Attempt to get parsing info during refresh. "On-the-fly" syntax checking information may be incorrect. [/home/srn6/pprojs/risc-v/risc-v/risc-v.srcs/sources_1/new/top.sv:]
WARNING: [filemgmt 56-199] Attempt to get parsing info during refresh. "On-the-fly" syntax checking information may be incorrect. [/home/srn6/pprojs/risc-v/risc-v/risc-v.srcs/sources_1/new/fetch_stage.sv:]
WARNING: [filemgmt 56-199] Attempt to get parsing info during refresh. "On-the-fly" syntax checking information may be incorrect. [/home/srn6/pprojs/risc-v/risc-v/risc-v.srcs/sources_1/new/fetch_stage.sv:]
launch_runs impl_1 -jobs 6
INFO: [Vivado 12-4149] The synthesis checkpoint for IP '/home/srn6/pprojs/risc-v/risc-v/risc-v.srcs/sources_1/ip/blk_mem_gen_1_1/blk_mem_gen_1.xci' is already up-to-date
INFO: [Vivado 12-4149] The synthesis checkpoint for IP '/home/srn6/pprojs/risc-v/risc-v/risc-v.srcs/sources_1/ip/blk_mem_gen_0_1/blk_mem_gen_0.xci' is already up-to-date
[Mon Mar  9 20:27:51 2026] Launched synth_1...
Run output will be captured here: /home/srn6/pprojs/risc-v/risc-v/risc-v.runs/synth_1/runme.log
[Mon Mar  9 20:27:51 2026] Launched impl_1...
Run output will be captured here: /home/srn6/pprojs/risc-v/risc-v/risc-v.runs/impl_1/runme.log
WARNING: [filemgmt 56-199] Attempt to get parsing info during refresh. "On-the-fly" syntax checking information may be incorrect. [/home/srn6/pprojs/risc-v/risc-v/risc-v.srcs/sources_1/new/rv_pipe_pkg.sv:]
WARNING: [filemgmt 56-199] Attempt to get parsing info during refresh. "On-the-fly" syntax checking information may be incorrect. [/home/srn6/pprojs/risc-v/risc-v/risc-v.srcs/sources_1/new/decode_stage.sv:]
WARNING: [filemgmt 56-199] Attempt to get parsing info during refresh. "On-the-fly" syntax checking information may be incorrect. [/home/srn6/pprojs/risc-v/risc-v/risc-v.srcs/sources_1/new/fetch_stage.sv:]
WARNING: [filemgmt 56-199] Attempt to get parsing info during refresh. "On-the-fly" syntax checking information may be incorrect. [/home/srn6/pprojs/risc-v/risc-v/risc-v.srcs/sources_1/new/execute_stage.sv:]
WARNING: [filemgmt 56-199] Attempt to get parsing info during refresh. "On-the-fly" syntax checking information may be incorrect. [/home/srn6/pprojs/risc-v/risc-v/risc-v.srcs/sources_1/new/top.sv:]
WARNING: [filemgmt 56-199] Attempt to get parsing info during refresh. "On-the-fly" syntax checking information may be incorrect. [/home/srn6/pprojs/risc-v/risc-v/risc-v.srcs/sources_1/new/rv_pipe_pkg.sv:]
WARNING: [filemgmt 56-199] Attempt to get parsing info during refresh. "On-the-fly" syntax checking information may be incorrect. [/home/srn6/pprojs/risc-v/risc-v/risc-v.srcs/sources_1/new/rv_pipe_pkg.sv:]
refresh_design
Netlist sorting complete. Time (s): cpu = 00:00:00.01 ; elapsed = 00:00:00.01 . Memory (MB): peak = 12081.492 ; gain = 0.000 ; free physical = 5625 ; free virtual = 14561
INFO: [Netlist 29-17] Analyzing 99 Unisim elements for replacement
INFO: [Netlist 29-28] Unisim Transformation completed in 0 CPU seconds
INFO: [Project 1-479] Netlist was created with Vivado 2025.1
INFO: [Project 1-570] Preparing netlist for logic optimization
Read ShapeDB Complete: Time (s): cpu = 00:00:00 ; elapsed = 00:00:00 . Memory (MB): peak = 12081.492 ; gain = 0.000 ; free physical = 5625 ; free virtual = 14561
INFO: [Timing 38-478] Restoring timing data from binary archive.
INFO: [Timing 38-479] Binary timing data restore complete.
INFO: [Project 1-856] Restoring constraints from binary archive.
INFO: [Project 1-853] Binary constraint restore complete.
INFO: [Designutils 20-5722] Start Reading Physical Databases.
Reading placement.
Read Netlist Cache: Time (s): cpu = 00:00:00 ; elapsed = 00:00:00 . Memory (MB): peak = 12081.492 ; gain = 0.000 ; free physical = 5495 ; free virtual = 14432
Reading placer database...
Read Device Cache: Time (s): cpu = 00:00:00 ; elapsed = 00:00:00.01 . Memory (MB): peak = 12081.492 ; gain = 0.000 ; free physical = 5495 ; free virtual = 14432
Read PlaceDB: Time (s): cpu = 00:00:00.05 ; elapsed = 00:00:00.04 . Memory (MB): peak = 12081.492 ; gain = 0.000 ; free physical = 5495 ; free virtual = 14432
Read PulsedLatchDB: Time (s): cpu = 00:00:00 ; elapsed = 00:00:00 . Memory (MB): peak = 12081.492 ; gain = 0.000 ; free physical = 5495 ; free virtual = 14432
Reading routing.
Read RouteStorage: Time (s): cpu = 00:00:00.03 ; elapsed = 00:00:00.01 . Memory (MB): peak = 12081.492 ; gain = 0.000 ; free physical = 5495 ; free virtual = 14432
Read Physdb Files: Time (s): cpu = 00:00:00.08 ; elapsed = 00:00:00.07 . Memory (MB): peak = 12081.492 ; gain = 0.000 ; free physical = 5495 ; free virtual = 14432
Restored from archive | CPU: 0.080000 secs | Memory: 2.050804 MB |
Finished XDEF File Restore: Time (s): cpu = 00:00:00.08 ; elapsed = 00:00:00.07 . Memory (MB): peak = 12081.492 ; gain = 0.000 ; free physical = 5495 ; free virtual = 14432
refresh_design: Time (s): cpu = 00:00:10 ; elapsed = 00:00:07 . Memory (MB): peak = 12113.410 ; gain = 31.918 ; free physical = 5491 ; free virtual = 14431
CRITICAL WARNING: [Timing 38-282] The design failed to meet the timing requirements. Please see the timing summary report for details on the timing violations.
WARNING: [filemgmt 56-199] Attempt to get parsing info during refresh. "On-the-fly" syntax checking information may be incorrect. [/home/srn6/pprojs/risc-v/risc-v/risc-v.srcs/sources_1/new/rv_pipe_pkg.sv:]
WARNING: [filemgmt 56-199] Attempt to get parsing info during refresh. "On-the-fly" syntax checking information may be incorrect. [/home/srn6/pprojs/risc-v/risc-v/risc-v.srcs/sources_1/new/decode_stage.sv:]
WARNING: [filemgmt 56-199] Attempt to get parsing info during refresh. "On-the-fly" syntax checking information may be incorrect. [/home/srn6/pprojs/risc-v/risc-v/risc-v.srcs/sources_1/new/fetch_stage.sv:]
WARNING: [filemgmt 56-199] Attempt to get parsing info during refresh. "On-the-fly" syntax checking information may be incorrect. [/home/srn6/pprojs/risc-v/risc-v/risc-v.srcs/sources_1/new/execute_stage.sv:]
WARNING: [filemgmt 56-199] Attempt to get parsing info during refresh. "On-the-fly" syntax checking information may be incorrect. [/home/srn6/pprojs/risc-v/risc-v/risc-v.srcs/sources_1/new/top.sv:]
WARNING: [filemgmt 56-199] Attempt to get parsing info during refresh. "On-the-fly" syntax checking information may be incorrect. [/home/srn6/pprojs/risc-v/risc-v/risc-v.srcs/sources_1/new/top.sv:]
WARNING: [filemgmt 56-199] Attempt to get parsing info during refresh. "On-the-fly" syntax checking information may be incorrect. [/home/srn6/pprojs/risc-v/risc-v/risc-v.srcs/sources_1/new/top.sv:]
WARNING: [filemgmt 56-199] Attempt to get parsing info during refresh. "On-the-fly" syntax checking information may be incorrect. [/home/srn6/pprojs/risc-v/risc-v/risc-v.srcs/sources_1/new/rv_pipe_pkg.sv:]
WARNING: [filemgmt 56-199] Attempt to get parsing info during refresh. "On-the-fly" syntax checking information may be incorrect. [/home/srn6/pprojs/risc-v/risc-v/risc-v.srcs/sources_1/new/decode_stage.sv:]
WARNING: [filemgmt 56-199] Attempt to get parsing info during refresh. "On-the-fly" syntax checking information may be incorrect. [/home/srn6/pprojs/risc-v/risc-v/risc-v.srcs/sources_1/new/fetch_stage.sv:]
WARNING: [filemgmt 56-199] Attempt to get parsing info during refresh. "On-the-fly" syntax checking information may be incorrect. [/home/srn6/pprojs/risc-v/risc-v/risc-v.srcs/sources_1/new/execute_stage.sv:]
WARNING: [filemgmt 56-199] Attempt to get parsing info during refresh. "On-the-fly" syntax checking information may be incorrect. [/home/srn6/pprojs/risc-v/risc-v/risc-v.srcs/sources_1/new/top.sv:]
WARNING: [filemgmt 56-199] Attempt to get parsing info during refresh. "On-the-fly" syntax checking information may be incorrect. [/home/srn6/pprojs/risc-v/risc-v/risc-v.srcs/sources_1/new/decode_stage.sv:]
WARNING: [filemgmt 56-199] Attempt to get parsing info during refresh. "On-the-fly" syntax checking information may be incorrect. [/home/srn6/pprojs/risc-v/risc-v/risc-v.srcs/sources_1/new/decode_stage.sv:]
WARNING: [filemgmt 56-199] Attempt to get parsing info during refresh. "On-the-fly" syntax checking information may be incorrect. [/home/srn6/pprojs/risc-v/risc-v/risc-v.srcs/sources_1/new/rv_pipe_pkg.sv:]
WARNING: [filemgmt 56-199] Attempt to get parsing info during refresh. "On-the-fly" syntax checking information may be incorrect. [/home/srn6/pprojs/risc-v/risc-v/risc-v.srcs/sources_1/new/decode_stage.sv:]
WARNING: [filemgmt 56-199] Attempt to get parsing info during refresh. "On-the-fly" syntax checking information may be incorrect. [/home/srn6/pprojs/risc-v/risc-v/risc-v.srcs/sources_1/new/fetch_stage.sv:]
WARNING: [filemgmt 56-199] Attempt to get parsing info during refresh. "On-the-fly" syntax checking information may be incorrect. [/home/srn6/pprojs/risc-v/risc-v/risc-v.srcs/sources_1/new/execute_stage.sv:]
WARNING: [filemgmt 56-199] Attempt to get parsing info during refresh. "On-the-fly" syntax checking information may be incorrect. [/home/srn6/pprojs/risc-v/risc-v/risc-v.srcs/sources_1/new/top.sv:]
WARNING: [filemgmt 56-199] Attempt to get parsing info during refresh. "On-the-fly" syntax checking information may be incorrect. [/home/srn6/pprojs/risc-v/risc-v/risc-v.srcs/sources_1/new/fetch_stage.sv:]
WARNING: [filemgmt 56-199] Attempt to get parsing info during refresh. "On-the-fly" syntax checking information may be incorrect. [/home/srn6/pprojs/risc-v/risc-v/risc-v.srcs/sources_1/new/fetch_stage.sv:]
WARNING: [filemgmt 56-199] Attempt to get parsing info during refresh. "On-the-fly" syntax checking information may be incorrect. [/home/srn6/pprojs/risc-v/risc-v/risc-v.srcs/sources_1/new/rv_pipe_pkg.sv:]
WARNING: [filemgmt 56-199] Attempt to get parsing info during refresh. "On-the-fly" syntax checking information may be incorrect. [/home/srn6/pprojs/risc-v/risc-v/risc-v.srcs/sources_1/new/decode_stage.sv:]
WARNING: [filemgmt 56-199] Attempt to get parsing info during refresh. "On-the-fly" syntax checking information may be incorrect. [/home/srn6/pprojs/risc-v/risc-v/risc-v.srcs/sources_1/new/fetch_stage.sv:]
WARNING: [filemgmt 56-199] Attempt to get parsing info during refresh. "On-the-fly" syntax checking information may be incorrect. [/home/srn6/pprojs/risc-v/risc-v/risc-v.srcs/sources_1/new/execute_stage.sv:]
WARNING: [filemgmt 56-199] Attempt to get parsing info during refresh. "On-the-fly" syntax checking information may be incorrect. [/home/srn6/pprojs/risc-v/risc-v/risc-v.srcs/sources_1/new/top.sv:]
WARNING: [filemgmt 56-199] Attempt to get parsing info during refresh. "On-the-fly" syntax checking information may be incorrect. [/home/srn6/pprojs/risc-v/risc-v/risc-v.srcs/sources_1/new/rv_pipe_pkg.sv:]
WARNING: [filemgmt 56-199] Attempt to get parsing info during refresh. "On-the-fly" syntax checking information may be incorrect. [/home/srn6/pprojs/risc-v/risc-v/risc-v.srcs/sources_1/new/rv_pipe_pkg.sv:]
reset_run synth_1
INFO: [Project 1-1161] Replacing file /home/srn6/pprojs/risc-v/risc-v/risc-v.srcs/utils_1/imports/synth_1/instruction_memory.dcp with file /home/srn6/pprojs/risc-v/risc-v/risc-v.runs/synth_1/top.dcp
launch_runs synth_1 -jobs 6
INFO: [Vivado 12-4149] The synthesis checkpoint for IP '/home/srn6/pprojs/risc-v/risc-v/risc-v.srcs/sources_1/ip/blk_mem_gen_1_1/blk_mem_gen_1.xci' is already up-to-date
INFO: [Vivado 12-4149] The synthesis checkpoint for IP '/home/srn6/pprojs/risc-v/risc-v/risc-v.srcs/sources_1/ip/blk_mem_gen_0_1/blk_mem_gen_0.xci' is already up-to-date
[Mon Mar  9 20:50:45 2026] Launched synth_1...
Run output will be captured here: /home/srn6/pprojs/risc-v/risc-v/risc-v.runs/synth_1/runme.log
WARNING: [filemgmt 56-199] Attempt to get parsing info during refresh. "On-the-fly" syntax checking information may be incorrect. [/home/srn6/pprojs/risc-v/risc-v/risc-v.srcs/sources_1/new/rv_pipe_pkg.sv:]
WARNING: [filemgmt 56-199] Attempt to get parsing info during refresh. "On-the-fly" syntax checking information may be incorrect. [/home/srn6/pprojs/risc-v/risc-v/risc-v.srcs/sources_1/new/decode_stage.sv:]
WARNING: [filemgmt 56-199] Attempt to get parsing info during refresh. "On-the-fly" syntax checking information may be incorrect. [/home/srn6/pprojs/risc-v/risc-v/risc-v.srcs/sources_1/new/fetch_stage.sv:]
WARNING: [filemgmt 56-199] Attempt to get parsing info during refresh. "On-the-fly" syntax checking information may be incorrect. [/home/srn6/pprojs/risc-v/risc-v/risc-v.srcs/sources_1/new/execute_stage.sv:]
WARNING: [filemgmt 56-199] Attempt to get parsing info during refresh. "On-the-fly" syntax checking information may be incorrect. [/home/srn6/pprojs/risc-v/risc-v/risc-v.srcs/sources_1/new/top.sv:]
WARNING: [filemgmt 56-199] Attempt to get parsing info during refresh. "On-the-fly" syntax checking information may be incorrect. [/home/srn6/pprojs/risc-v/risc-v/risc-v.srcs/sources_1/new/top.sv:]
WARNING: [filemgmt 56-199] Attempt to get parsing info during refresh. "On-the-fly" syntax checking information may be incorrect. [/home/srn6/pprojs/risc-v/risc-v/risc-v.srcs/sources_1/new/top.sv:]
WARNING: [filemgmt 56-199] Attempt to get parsing info during refresh. "On-the-fly" syntax checking information may be incorrect. [/home/srn6/pprojs/risc-v/risc-v/risc-v.srcs/sources_1/new/rv_pipe_pkg.sv:]
WARNING: [filemgmt 56-199] Attempt to get parsing info during refresh. "On-the-fly" syntax checking information may be incorrect. [/home/srn6/pprojs/risc-v/risc-v/risc-v.srcs/sources_1/new/decode_stage.sv:]
WARNING: [filemgmt 56-199] Attempt to get parsing info during refresh. "On-the-fly" syntax checking information may be incorrect. [/home/srn6/pprojs/risc-v/risc-v/risc-v.srcs/sources_1/new/fetch_stage.sv:]
WARNING: [filemgmt 56-199] Attempt to get parsing info during refresh. "On-the-fly" syntax checking information may be incorrect. [/home/srn6/pprojs/risc-v/risc-v/risc-v.srcs/sources_1/new/execute_stage.sv:]
WARNING: [filemgmt 56-199] Attempt to get parsing info during refresh. "On-the-fly" syntax checking information may be incorrect. [/home/srn6/pprojs/risc-v/risc-v/risc-v.srcs/sources_1/new/top.sv:]
WARNING: [filemgmt 56-199] Attempt to get parsing info during refresh. "On-the-fly" syntax checking information may be incorrect. [/home/srn6/pprojs/risc-v/risc-v/risc-v.srcs/sources_1/new/decode_stage.sv:]
WARNING: [filemgmt 56-199] Attempt to get parsing info during refresh. "On-the-fly" syntax checking information may be incorrect. [/home/srn6/pprojs/risc-v/risc-v/risc-v.srcs/sources_1/new/decode_stage.sv:]
WARNING: [filemgmt 56-199] Attempt to get parsing info during refresh. "On-the-fly" syntax checking information may be incorrect. [/home/srn6/pprojs/risc-v/risc-v/risc-v.srcs/sources_1/new/rv_pipe_pkg.sv:]
WARNING: [filemgmt 56-199] Attempt to get parsing info during refresh. "On-the-fly" syntax checking information may be incorrect. [/home/srn6/pprojs/risc-v/risc-v/risc-v.srcs/sources_1/new/decode_stage.sv:]
WARNING: [filemgmt 56-199] Attempt to get parsing info during refresh. "On-the-fly" syntax checking information may be incorrect. [/home/srn6/pprojs/risc-v/risc-v/risc-v.srcs/sources_1/new/fetch_stage.sv:]
WARNING: [filemgmt 56-199] Attempt to get parsing info during refresh. "On-the-fly" syntax checking information may be incorrect. [/home/srn6/pprojs/risc-v/risc-v/risc-v.srcs/sources_1/new/execute_stage.sv:]
WARNING: [filemgmt 56-199] Attempt to get parsing info during refresh. "On-the-fly" syntax checking information may be incorrect. [/home/srn6/pprojs/risc-v/risc-v/risc-v.srcs/sources_1/new/top.sv:]
WARNING: [filemgmt 56-199] Attempt to get parsing info during refresh. "On-the-fly" syntax checking information may be incorrect. [/home/srn6/pprojs/risc-v/risc-v/risc-v.srcs/sources_1/new/fetch_stage.sv:]
WARNING: [filemgmt 56-199] Attempt to get parsing info during refresh. "On-the-fly" syntax checking information may be incorrect. [/home/srn6/pprojs/risc-v/risc-v/risc-v.srcs/sources_1/new/fetch_stage.sv:]
WARNING: [filemgmt 56-199] Attempt to get parsing info during refresh. "On-the-fly" syntax checking information may be incorrect. [/home/srn6/pprojs/risc-v/risc-v/risc-v.srcs/sources_1/new/rv_pipe_pkg.sv:]
WARNING: [filemgmt 56-199] Attempt to get parsing info during refresh. "On-the-fly" syntax checking information may be incorrect. [/home/srn6/pprojs/risc-v/risc-v/risc-v.srcs/sources_1/new/decode_stage.sv:]
WARNING: [filemgmt 56-199] Attempt to get parsing info during refresh. "On-the-fly" syntax checking information may be incorrect. [/home/srn6/pprojs/risc-v/risc-v/risc-v.srcs/sources_1/new/fetch_stage.sv:]
WARNING: [filemgmt 56-199] Attempt to get parsing info during refresh. "On-the-fly" syntax checking information may be incorrect. [/home/srn6/pprojs/risc-v/risc-v/risc-v.srcs/sources_1/new/execute_stage.sv:]
WARNING: [filemgmt 56-199] Attempt to get parsing info during refresh. "On-the-fly" syntax checking information may be incorrect. [/home/srn6/pprojs/risc-v/risc-v/risc-v.srcs/sources_1/new/top.sv:]
WARNING: [filemgmt 56-199] Attempt to get parsing info during refresh. "On-the-fly" syntax checking information may be incorrect. [/home/srn6/pprojs/risc-v/risc-v/risc-v.srcs/sources_1/new/rv_pipe_pkg.sv:]
WARNING: [filemgmt 56-199] Attempt to get parsing info during refresh. "On-the-fly" syntax checking information may be incorrect. [/home/srn6/pprojs/risc-v/risc-v/risc-v.srcs/sources_1/new/rv_pipe_pkg.sv:]
open_run synth_1 -name synth_1
Design is defaulting to impl run constrset: constrs_1
Design is defaulting to synth run part: xc7s50csga324-1IL
INFO: [Project 1-5699] Read binary netlist with skipMacroContent - 1
INFO: [Project 1-454] Reading design checkpoint '/home/srn6/pprojs/risc-v/risc-v/risc-v.gen/sources_1/ip/blk_mem_gen_0_1/blk_mem_gen_0.dcp' for cell 'u_fetch/instr_mem/i_mem'
Netlist sorting complete. Time (s): cpu = 00:00:00 ; elapsed = 00:00:00.01 . Memory (MB): peak = 12125.781 ; gain = 0.000 ; free physical = 5624 ; free virtual = 14558
INFO: [Netlist 29-17] Analyzing 102 Unisim elements for replacement
INFO: [Netlist 29-28] Unisim Transformation completed in 0 CPU seconds
INFO: [Project 1-479] Netlist was created with Vivado 2025.1
INFO: [Project 1-570] Preparing netlist for logic optimization
Parsing XDC File [/home/srn6/pprojs/risc-v/risc-v/risc-v.srcs/constrs_1/new/constraints.xdc]
Finished Parsing XDC File [/home/srn6/pprojs/risc-v/risc-v/risc-v.srcs/constrs_1/new/constraints.xdc]
INFO: [Opt 31-138] Pushed 0 inverter(s) to 0 load pin(s).
Netlist sorting complete. Time (s): cpu = 00:00:00 ; elapsed = 00:00:00 . Memory (MB): peak = 12204.621 ; gain = 0.000 ; free physical = 5589 ; free virtual = 14523
INFO: [Project 1-111] Unisim Transformation Summary:
  A total of 14 instances were transformed.
  RAM32M => RAM32M (RAMD32(x6), RAMS32(x2)): 10 instances
  RAM32X1D => RAM32X1D (RAMD32(x2)): 4 instances

report_timing_summary -delay_type min_max -report_unconstrained -check_timing_verbose -max_paths 10 -input_pins -routable_nets -name timing_1
INFO: [Timing 38-35] Done setting XDC timing constraints.
INFO: [Timing 38-91] UpdateTimingParams: Speed grade: -1IL, Delay Type: min_max.
INFO: [Timing 38-191] Multithreading enabled for timing update using a maximum of 8 CPUs
report_timing_summary -delay_type min_max -report_unconstrained -check_timing_verbose -max_paths 10 -input_pins -routable_nets -name timing_1
INFO: [Timing 38-91] UpdateTimingParams: Speed grade: -1IL, Delay Type: min_max.
INFO: [Timing 38-191] Multithreading enabled for timing update using a maximum of 8 CPUs
current_design impl_1
report_timing_summary -delay_type min_max -report_unconstrained -check_timing_verbose -max_paths 10 -input_pins -routable_nets -name timing_1
INFO: [Timing 38-91] UpdateTimingParams: Speed grade: -1IL, Delay Type: min_max.
INFO: [Timing 38-191] Multithreading enabled for timing update using a maximum of 8 CPUs
WARNING: [filemgmt 56-199] Attempt to get parsing info during refresh. "On-the-fly" syntax checking information may be incorrect. [/home/srn6/pprojs/risc-v/risc-v/risc-v.srcs/sources_1/new/rv_pipe_pkg.sv:]
WARNING: [filemgmt 56-199] Attempt to get parsing info during refresh. "On-the-fly" syntax checking information may be incorrect. [/home/srn6/pprojs/risc-v/risc-v/risc-v.srcs/sources_1/new/decode_stage.sv:]
WARNING: [filemgmt 56-199] Attempt to get parsing info during refresh. "On-the-fly" syntax checking information may be incorrect. [/home/srn6/pprojs/risc-v/risc-v/risc-v.srcs/sources_1/new/fetch_stage.sv:]
WARNING: [filemgmt 56-199] Attempt to get parsing info during refresh. "On-the-fly" syntax checking information may be incorrect. [/home/srn6/pprojs/risc-v/risc-v/risc-v.srcs/sources_1/new/execute_stage.sv:]
WARNING: [filemgmt 56-199] Attempt to get parsing info during refresh. "On-the-fly" syntax checking information may be incorrect. [/home/srn6/pprojs/risc-v/risc-v/risc-v.srcs/sources_1/new/top.sv:]
WARNING: [filemgmt 56-199] Attempt to get parsing info during refresh. "On-the-fly" syntax checking information may be incorrect. [/home/srn6/pprojs/risc-v/risc-v/risc-v.srcs/sources_1/new/rv_pipe_pkg.sv:]
WARNING: [filemgmt 56-199] Attempt to get parsing info during refresh. "On-the-fly" syntax checking information may be incorrect. [/home/srn6/pprojs/risc-v/risc-v/risc-v.srcs/sources_1/new/rv_pipe_pkg.sv:]
WARNING: [filemgmt 56-199] Attempt to get parsing info during refresh. "On-the-fly" syntax checking information may be incorrect. [/home/srn6/pprojs/risc-v/risc-v/risc-v.srcs/sources_1/new/rv_pipe_pkg.sv:]
WARNING: [filemgmt 56-199] Attempt to get parsing info during refresh. "On-the-fly" syntax checking information may be incorrect. [/home/srn6/pprojs/risc-v/risc-v/risc-v.srcs/sources_1/new/decode_stage.sv:]
WARNING: [filemgmt 56-199] Attempt to get parsing info during refresh. "On-the-fly" syntax checking information may be incorrect. [/home/srn6/pprojs/risc-v/risc-v/risc-v.srcs/sources_1/new/fetch_stage.sv:]
WARNING: [filemgmt 56-199] Attempt to get parsing info during refresh. "On-the-fly" syntax checking information may be incorrect. [/home/srn6/pprojs/risc-v/risc-v/risc-v.srcs/sources_1/new/execute_stage.sv:]
WARNING: [filemgmt 56-199] Attempt to get parsing info during refresh. "On-the-fly" syntax checking information may be incorrect. [/home/srn6/pprojs/risc-v/risc-v/risc-v.srcs/sources_1/new/top.sv:]
WARNING: [filemgmt 56-199] Attempt to get parsing info during refresh. "On-the-fly" syntax checking information may be incorrect. [/home/srn6/pprojs/risc-v/risc-v/risc-v.srcs/sources_1/new/fetch_stage.sv:]
WARNING: [filemgmt 56-199] Attempt to get parsing info during refresh. "On-the-fly" syntax checking information may be incorrect. [/home/srn6/pprojs/risc-v/risc-v/risc-v.srcs/sources_1/new/fetch_stage.sv:]
WARNING: [filemgmt 56-199] Attempt to get parsing info during refresh. "On-the-fly" syntax checking information may be incorrect. [/home/srn6/pprojs/risc-v/risc-v/risc-v.srcs/sources_1/new/rv_pipe_pkg.sv:]
WARNING: [filemgmt 56-199] Attempt to get parsing info during refresh. "On-the-fly" syntax checking information may be incorrect. [/home/srn6/pprojs/risc-v/risc-v/risc-v.srcs/sources_1/new/decode_stage.sv:]
WARNING: [filemgmt 56-199] Attempt to get parsing info during refresh. "On-the-fly" syntax checking information may be incorrect. [/home/srn6/pprojs/risc-v/risc-v/risc-v.srcs/sources_1/new/fetch_stage.sv:]
WARNING: [filemgmt 56-199] Attempt to get parsing info during refresh. "On-the-fly" syntax checking information may be incorrect. [/home/srn6/pprojs/risc-v/risc-v/risc-v.srcs/sources_1/new/execute_stage.sv:]
WARNING: [filemgmt 56-199] Attempt to get parsing info during refresh. "On-the-fly" syntax checking information may be incorrect. [/home/srn6/pprojs/risc-v/risc-v/risc-v.srcs/sources_1/new/top.sv:]
WARNING: [filemgmt 56-199] Attempt to get parsing info during refresh. "On-the-fly" syntax checking information may be incorrect. [/home/srn6/pprojs/risc-v/risc-v/risc-v.srcs/sources_1/new/decode_stage.sv:]
WARNING: [filemgmt 56-199] Attempt to get parsing info during refresh. "On-the-fly" syntax checking information may be incorrect. [/home/srn6/pprojs/risc-v/risc-v/risc-v.srcs/sources_1/new/decode_stage.sv:]
WARNING: [filemgmt 56-199] Attempt to get parsing info during refresh. "On-the-fly" syntax checking information may be incorrect. [/home/srn6/pprojs/risc-v/risc-v/risc-v.srcs/sources_1/new/rv_pipe_pkg.sv:]
WARNING: [filemgmt 56-199] Attempt to get parsing info during refresh. "On-the-fly" syntax checking information may be incorrect. [/home/srn6/pprojs/risc-v/risc-v/risc-v.srcs/sources_1/new/decode_stage.sv:]
WARNING: [filemgmt 56-199] Attempt to get parsing info during refresh. "On-the-fly" syntax checking information may be incorrect. [/home/srn6/pprojs/risc-v/risc-v/risc-v.srcs/sources_1/new/fetch_stage.sv:]
WARNING: [filemgmt 56-199] Attempt to get parsing info during refresh. "On-the-fly" syntax checking information may be incorrect. [/home/srn6/pprojs/risc-v/risc-v/risc-v.srcs/sources_1/new/execute_stage.sv:]
WARNING: [filemgmt 56-199] Attempt to get parsing info during refresh. "On-the-fly" syntax checking information may be incorrect. [/home/srn6/pprojs/risc-v/risc-v/risc-v.srcs/sources_1/new/top.sv:]
WARNING: [filemgmt 56-199] Attempt to get parsing info during refresh. "On-the-fly" syntax checking information may be incorrect. [/home/srn6/pprojs/risc-v/risc-v/risc-v.srcs/sources_1/new/top.sv:]
WARNING: [filemgmt 56-199] Attempt to get parsing info during refresh. "On-the-fly" syntax checking information may be incorrect. [/home/srn6/pprojs/risc-v/risc-v/risc-v.srcs/sources_1/new/top.sv:]
WARNING: [filemgmt 56-199] Attempt to get parsing info during refresh. "On-the-fly" syntax checking information may be incorrect. [/home/srn6/pprojs/risc-v/risc-v/risc-v.srcs/sources_1/new/rv_pipe_pkg.sv:]
WARNING: [filemgmt 56-199] Attempt to get parsing info during refresh. "On-the-fly" syntax checking information may be incorrect. [/home/srn6/pprojs/risc-v/risc-v/risc-v.srcs/sources_1/new/decode_stage.sv:]
WARNING: [filemgmt 56-199] Attempt to get parsing info during refresh. "On-the-fly" syntax checking information may be incorrect. [/home/srn6/pprojs/risc-v/risc-v/risc-v.srcs/sources_1/new/fetch_stage.sv:]
WARNING: [filemgmt 56-199] Attempt to get parsing info during refresh. "On-the-fly" syntax checking information may be incorrect. [/home/srn6/pprojs/risc-v/risc-v/risc-v.srcs/sources_1/new/top.sv:]
WARNING: [filemgmt 56-199] Attempt to get parsing info during refresh. "On-the-fly" syntax checking information may be incorrect. [/home/srn6/pprojs/risc-v/risc-v/risc-v.srcs/sources_1/new/rv_pipe_pkg.sv:]
WARNING: [filemgmt 56-199] Attempt to get parsing info during refresh. "On-the-fly" syntax checking information may be incorrect. [/home/srn6/pprojs/risc-v/risc-v/risc-v.srcs/sources_1/new/rv_pipe_pkg.sv:]
WARNING: [filemgmt 56-199] Attempt to get parsing info during refresh. "On-the-fly" syntax checking information may be incorrect. [/home/srn6/pprojs/risc-v/risc-v/risc-v.srcs/sources_1/new/rv_pipe_pkg.sv:]
WARNING: [filemgmt 56-199] Attempt to get parsing info during refresh. "On-the-fly" syntax checking information may be incorrect. [/home/srn6/pprojs/risc-v/risc-v/risc-v.srcs/sources_1/new/decode_stage.sv:]
WARNING: [filemgmt 56-199] Attempt to get parsing info during refresh. "On-the-fly" syntax checking information may be incorrect. [/home/srn6/pprojs/risc-v/risc-v/risc-v.srcs/sources_1/new/fetch_stage.sv:]
WARNING: [filemgmt 56-199] Attempt to get parsing info during refresh. "On-the-fly" syntax checking information may be incorrect. [/home/srn6/pprojs/risc-v/risc-v/risc-v.srcs/sources_1/new/top.sv:]
WARNING: [filemgmt 56-199] Attempt to get parsing info during refresh. "On-the-fly" syntax checking information may be incorrect. [/home/srn6/pprojs/risc-v/risc-v/risc-v.srcs/sources_1/new/fetch_stage.sv:]
WARNING: [filemgmt 56-199] Attempt to get parsing info during refresh. "On-the-fly" syntax checking information may be incorrect. [/home/srn6/pprojs/risc-v/risc-v/risc-v.srcs/sources_1/new/fetch_stage.sv:]
WARNING: [filemgmt 56-199] Attempt to get parsing info during refresh. "On-the-fly" syntax checking information may be incorrect. [/home/srn6/pprojs/risc-v/risc-v/risc-v.srcs/sources_1/new/rv_pipe_pkg.sv:]
WARNING: [filemgmt 56-199] Attempt to get parsing info during refresh. "On-the-fly" syntax checking information may be incorrect. [/home/srn6/pprojs/risc-v/risc-v/risc-v.srcs/sources_1/new/decode_stage.sv:]
WARNING: [filemgmt 56-199] Attempt to get parsing info during refresh. "On-the-fly" syntax checking information may be incorrect. [/home/srn6/pprojs/risc-v/risc-v/risc-v.srcs/sources_1/new/fetch_stage.sv:]
WARNING: [filemgmt 56-199] Attempt to get parsing info during refresh. "On-the-fly" syntax checking information may be incorrect. [/home/srn6/pprojs/risc-v/risc-v/risc-v.srcs/sources_1/new/top.sv:]
WARNING: [filemgmt 56-199] Attempt to get parsing info during refresh. "On-the-fly" syntax checking information may be incorrect. [/home/srn6/pprojs/risc-v/risc-v/risc-v.srcs/sources_1/new/decode_stage.sv:]
WARNING: [filemgmt 56-199] Attempt to get parsing info during refresh. "On-the-fly" syntax checking information may be incorrect. [/home/srn6/pprojs/risc-v/risc-v/risc-v.srcs/sources_1/new/decode_stage.sv:]
reset_run synth_1
INFO: [Project 1-1161] Replacing file /home/srn6/pprojs/risc-v/risc-v/risc-v.srcs/utils_1/imports/synth_1/instruction_memory.dcp with file /home/srn6/pprojs/risc-v/risc-v/risc-v.runs/synth_1/top.dcp
launch_runs impl_1 -jobs 6
INFO: [Vivado 12-4149] The synthesis checkpoint for IP '/home/srn6/pprojs/risc-v/risc-v/risc-v.srcs/sources_1/ip/blk_mem_gen_1_1/blk_mem_gen_1.xci' is already up-to-date
INFO: [Vivado 12-4149] The synthesis checkpoint for IP '/home/srn6/pprojs/risc-v/risc-v/risc-v.srcs/sources_1/ip/blk_mem_gen_0_1/blk_mem_gen_0.xci' is already up-to-date
WARNING: [Project 1-478] Design 'synth_1' is stale and will not be used when launching 'impl_1'
[Mon Mar  9 21:29:45 2026] Launched synth_1...
Run output will be captured here: /home/srn6/pprojs/risc-v/risc-v/risc-v.runs/synth_1/runme.log
[Mon Mar  9 21:29:45 2026] Launched impl_1...
Run output will be captured here: /home/srn6/pprojs/risc-v/risc-v/risc-v.runs/impl_1/runme.log
WARNING: [filemgmt 56-199] Attempt to get parsing info during refresh. "On-the-fly" syntax checking information may be incorrect. [/home/srn6/pprojs/risc-v/risc-v/risc-v.srcs/sources_1/new/rv_pipe_pkg.sv:]
WARNING: [filemgmt 56-199] Attempt to get parsing info during refresh. "On-the-fly" syntax checking information may be incorrect. [/home/srn6/pprojs/risc-v/risc-v/risc-v.srcs/sources_1/new/decode_stage.sv:]
WARNING: [filemgmt 56-199] Attempt to get parsing info during refresh. "On-the-fly" syntax checking information may be incorrect. [/home/srn6/pprojs/risc-v/risc-v/risc-v.srcs/sources_1/new/fetch_stage.sv:]
WARNING: [filemgmt 56-199] Attempt to get parsing info during refresh. "On-the-fly" syntax checking information may be incorrect. [/home/srn6/pprojs/risc-v/risc-v/risc-v.srcs/sources_1/new/top.sv:]
WARNING: [filemgmt 56-199] Attempt to get parsing info during refresh. "On-the-fly" syntax checking information may be incorrect. [/home/srn6/pprojs/risc-v/risc-v/risc-v.srcs/sources_1/new/top.sv:]
WARNING: [filemgmt 56-199] Attempt to get parsing info during refresh. "On-the-fly" syntax checking information may be incorrect. [/home/srn6/pprojs/risc-v/risc-v/risc-v.srcs/sources_1/new/top.sv:]
WARNING: [filemgmt 56-199] Attempt to get parsing info during refresh. "On-the-fly" syntax checking information may be incorrect. [/home/srn6/pprojs/risc-v/risc-v/risc-v.srcs/sources_1/new/rv_pipe_pkg.sv:]
WARNING: [filemgmt 56-199] Attempt to get parsing info during refresh. "On-the-fly" syntax checking information may be incorrect. [/home/srn6/pprojs/risc-v/risc-v/risc-v.srcs/sources_1/new/decode_stage.sv:]
WARNING: [filemgmt 56-199] Attempt to get parsing info during refresh. "On-the-fly" syntax checking information may be incorrect. [/home/srn6/pprojs/risc-v/risc-v/risc-v.srcs/sources_1/new/fetch_stage.sv:]
WARNING: [filemgmt 56-199] Attempt to get parsing info during refresh. "On-the-fly" syntax checking information may be incorrect. [/home/srn6/pprojs/risc-v/risc-v/risc-v.srcs/sources_1/new/top.sv:]
WARNING: [filemgmt 56-199] Attempt to get parsing info during refresh. "On-the-fly" syntax checking information may be incorrect. [/home/srn6/pprojs/risc-v/risc-v/risc-v.srcs/sources_1/new/decode_stage.sv:]
WARNING: [filemgmt 56-199] Attempt to get parsing info during refresh. "On-the-fly" syntax checking information may be incorrect. [/home/srn6/pprojs/risc-v/risc-v/risc-v.srcs/sources_1/new/decode_stage.sv:]
WARNING: [filemgmt 56-199] Attempt to get parsing info during refresh. "On-the-fly" syntax checking information may be incorrect. [/home/srn6/pprojs/risc-v/risc-v/risc-v.srcs/sources_1/new/rv_pipe_pkg.sv:]
WARNING: [filemgmt 56-199] Attempt to get parsing info during refresh. "On-the-fly" syntax checking information may be incorrect. [/home/srn6/pprojs/risc-v/risc-v/risc-v.srcs/sources_1/new/decode_stage.sv:]
WARNING: [filemgmt 56-199] Attempt to get parsing info during refresh. "On-the-fly" syntax checking information may be incorrect. [/home/srn6/pprojs/risc-v/risc-v/risc-v.srcs/sources_1/new/fetch_stage.sv:]
WARNING: [filemgmt 56-199] Attempt to get parsing info during refresh. "On-the-fly" syntax checking information may be incorrect. [/home/srn6/pprojs/risc-v/risc-v/risc-v.srcs/sources_1/new/top.sv:]
WARNING: [filemgmt 56-199] Attempt to get parsing info during refresh. "On-the-fly" syntax checking information may be incorrect. [/home/srn6/pprojs/risc-v/risc-v/risc-v.srcs/sources_1/new/rv_pipe_pkg.sv:]
WARNING: [filemgmt 56-199] Attempt to get parsing info during refresh. "On-the-fly" syntax checking information may be incorrect. [/home/srn6/pprojs/risc-v/risc-v/risc-v.srcs/sources_1/new/rv_pipe_pkg.sv:]
WARNING: [filemgmt 56-199] Attempt to get parsing info during refresh. "On-the-fly" syntax checking information may be incorrect. [/home/srn6/pprojs/risc-v/risc-v/risc-v.srcs/sources_1/new/rv_pipe_pkg.sv:]
WARNING: [filemgmt 56-199] Attempt to get parsing info during refresh. "On-the-fly" syntax checking information may be incorrect. [/home/srn6/pprojs/risc-v/risc-v/risc-v.srcs/sources_1/new/decode_stage.sv:]
WARNING: [filemgmt 56-199] Attempt to get parsing info during refresh. "On-the-fly" syntax checking information may be incorrect. [/home/srn6/pprojs/risc-v/risc-v/risc-v.srcs/sources_1/new/fetch_stage.sv:]
WARNING: [filemgmt 56-199] Attempt to get parsing info during refresh. "On-the-fly" syntax checking information may be incorrect. [/home/srn6/pprojs/risc-v/risc-v/risc-v.srcs/sources_1/new/top.sv:]
WARNING: [filemgmt 56-199] Attempt to get parsing info during refresh. "On-the-fly" syntax checking information may be incorrect. [/home/srn6/pprojs/risc-v/risc-v/risc-v.srcs/sources_1/new/rv_pipe_pkg.sv:]
WARNING: [filemgmt 56-199] Attempt to get parsing info during refresh. "On-the-fly" syntax checking information may be incorrect. [/home/srn6/pprojs/risc-v/risc-v/risc-v.srcs/sources_1/new/rv_pipe_pkg.sv:]
WARNING: [filemgmt 56-199] Attempt to get parsing info during refresh. "On-the-fly" syntax checking information may be incorrect. [/home/srn6/pprojs/risc-v/risc-v/risc-v.srcs/sources_1/new/rv_pipe_pkg.sv:]
WARNING: [filemgmt 56-199] Attempt to get parsing info during refresh. "On-the-fly" syntax checking information may be incorrect. [/home/srn6/pprojs/risc-v/risc-v/risc-v.srcs/sources_1/new/decode_stage.sv:]
WARNING: [filemgmt 56-199] Attempt to get parsing info during refresh. "On-the-fly" syntax checking information may be incorrect. [/home/srn6/pprojs/risc-v/risc-v/risc-v.srcs/sources_1/new/fetch_stage.sv:]
WARNING: [filemgmt 56-199] Attempt to get parsing info during refresh. "On-the-fly" syntax checking information may be incorrect. [/home/srn6/pprojs/risc-v/risc-v/risc-v.srcs/sources_1/new/top.sv:]
WARNING: [filemgmt 56-199] Attempt to get parsing info during refresh. "On-the-fly" syntax checking information may be incorrect. [/home/srn6/pprojs/risc-v/risc-v/risc-v.srcs/sources_1/new/fetch_stage.sv:]
WARNING: [filemgmt 56-199] Attempt to get parsing info during refresh. "On-the-fly" syntax checking information may be incorrect. [/home/srn6/pprojs/risc-v/risc-v/risc-v.srcs/sources_1/new/fetch_stage.sv:]
WARNING: [filemgmt 56-199] Attempt to get parsing info during refresh. "On-the-fly" syntax checking information may be incorrect. [/home/srn6/pprojs/risc-v/risc-v/risc-v.srcs/sources_1/new/rv_pipe_pkg.sv:]
WARNING: [filemgmt 56-199] Attempt to get parsing info during refresh. "On-the-fly" syntax checking information may be incorrect. [/home/srn6/pprojs/risc-v/risc-v/risc-v.srcs/sources_1/new/decode_stage.sv:]
WARNING: [filemgmt 56-199] Attempt to get parsing info during refresh. "On-the-fly" syntax checking information may be incorrect. [/home/srn6/pprojs/risc-v/risc-v/risc-v.srcs/sources_1/new/fetch_stage.sv:]
WARNING: [filemgmt 56-199] Attempt to get parsing info during refresh. "On-the-fly" syntax checking information may be incorrect. [/home/srn6/pprojs/risc-v/risc-v/risc-v.srcs/sources_1/new/top.sv:]
WARNING: [filemgmt 56-199] Attempt to get parsing info during refresh. "On-the-fly" syntax checking information may be incorrect. [/home/srn6/pprojs/risc-v/risc-v/risc-v.srcs/sources_1/new/decode_stage.sv:]
WARNING: [filemgmt 56-199] Attempt to get parsing info during refresh. "On-the-fly" syntax checking information may be incorrect. [/home/srn6/pprojs/risc-v/risc-v/risc-v.srcs/sources_1/new/decode_stage.sv:]
reset_run synth_1
launch_runs impl_1 -jobs 6
INFO: [Vivado 12-4149] The synthesis checkpoint for IP '/home/srn6/pprojs/risc-v/risc-v/risc-v.srcs/sources_1/ip/blk_mem_gen_1_1/blk_mem_gen_1.xci' is already up-to-date
INFO: [Vivado 12-4149] The synthesis checkpoint for IP '/home/srn6/pprojs/risc-v/risc-v/risc-v.srcs/sources_1/ip/blk_mem_gen_0_1/blk_mem_gen_0.xci' is already up-to-date
WARNING: [Project 1-478] Design 'synth_1' is stale and will not be used when launching 'impl_1'
[Mon Mar  9 21:31:03 2026] Launched synth_1...
Run output will be captured here: /home/srn6/pprojs/risc-v/risc-v/risc-v.runs/synth_1/runme.log
[Mon Mar  9 21:31:03 2026] Launched impl_1...
Run output will be captured here: /home/srn6/pprojs/risc-v/risc-v/risc-v.runs/impl_1/runme.log
close_design
close_design
open_run impl_1
Netlist sorting complete. Time (s): cpu = 00:00:00.01 ; elapsed = 00:00:00.01 . Memory (MB): peak = 12456.102 ; gain = 0.000 ; free physical = 4509 ; free virtual = 13508
INFO: [Netlist 29-17] Analyzing 99 Unisim elements for replacement
INFO: [Netlist 29-28] Unisim Transformation completed in 0 CPU seconds
INFO: [Project 1-479] Netlist was created with Vivado 2025.1
INFO: [Project 1-570] Preparing netlist for logic optimization
Read ShapeDB Complete: Time (s): cpu = 00:00:00 ; elapsed = 00:00:00 . Memory (MB): peak = 12456.102 ; gain = 0.000 ; free physical = 4508 ; free virtual = 13507
INFO: [Timing 38-478] Restoring timing data from binary archive.
INFO: [Timing 38-479] Binary timing data restore complete.
INFO: [Project 1-856] Restoring constraints from binary archive.
INFO: [Project 1-853] Binary constraint restore complete.
INFO: [Designutils 20-5722] Start Reading Physical Databases.
Reading placement.
Read Netlist Cache: Time (s): cpu = 00:00:00 ; elapsed = 00:00:00 . Memory (MB): peak = 12456.102 ; gain = 0.000 ; free physical = 4510 ; free virtual = 13509
Reading placer database...
Read Device Cache: Time (s): cpu = 00:00:00 ; elapsed = 00:00:00 . Memory (MB): peak = 12456.102 ; gain = 0.000 ; free physical = 4510 ; free virtual = 13509
Read PlaceDB: Time (s): cpu = 00:00:00.05 ; elapsed = 00:00:00.05 . Memory (MB): peak = 12456.102 ; gain = 0.000 ; free physical = 4510 ; free virtual = 13509
Read PulsedLatchDB: Time (s): cpu = 00:00:00 ; elapsed = 00:00:00 . Memory (MB): peak = 12456.102 ; gain = 0.000 ; free physical = 4509 ; free virtual = 13508
Reading routing.
Read RouteStorage: Time (s): cpu = 00:00:00.04 ; elapsed = 00:00:00.01 . Memory (MB): peak = 12456.102 ; gain = 0.000 ; free physical = 4508 ; free virtual = 13507
Read Physdb Files: Time (s): cpu = 00:00:00.09 ; elapsed = 00:00:00.09 . Memory (MB): peak = 12456.102 ; gain = 0.000 ; free physical = 4508 ; free virtual = 13507
Restored from archive | CPU: 0.090000 secs | Memory: 2.287560 MB |
Finished XDEF File Restore: Time (s): cpu = 00:00:00.09 ; elapsed = 00:00:00.09 . Memory (MB): peak = 12456.102 ; gain = 0.000 ; free physical = 4508 ; free virtual = 13507
Netlist sorting complete. Time (s): cpu = 00:00:00 ; elapsed = 00:00:00 . Memory (MB): peak = 12456.102 ; gain = 0.000 ; free physical = 4509 ; free virtual = 13508
INFO: [Project 1-111] Unisim Transformation Summary:
  A total of 14 instances were transformed.
  RAM32M => RAM32M (RAMD32(x6), RAMS32(x2)): 10 instances
  RAM32X1D => RAM32X1D (RAMD32(x2)): 4 instances

open_run: Time (s): cpu = 00:00:10 ; elapsed = 00:00:06 . Memory (MB): peak = 12484.156 ; gain = 28.055 ; free physical = 4500 ; free virtual = 13503
CRITICAL WARNING: [Timing 38-282] The design failed to meet the timing requirements. Please see the timing summary report for details on the timing violations.
report_timing_summary -delay_type min_max -report_unconstrained -check_timing_verbose -max_paths 10 -input_pins -routable_nets -name timing_1
INFO: [Timing 38-91] UpdateTimingParams: Speed grade: -1IL, Delay Type: min_max.
INFO: [Timing 38-191] Multithreading enabled for timing update using a maximum of 8 CPUs
save_constraints
WARNING: [filemgmt 56-199] Attempt to get parsing info during refresh. "On-the-fly" syntax checking information may be incorrect. [/home/srn6/pprojs/risc-v/risc-v/risc-v.srcs/sources_1/new/rv_pipe_pkg.sv:]
WARNING: [filemgmt 56-199] Attempt to get parsing info during refresh. "On-the-fly" syntax checking information may be incorrect. [/home/srn6/pprojs/risc-v/risc-v/risc-v.srcs/sources_1/new/decode_stage.sv:]
WARNING: [filemgmt 56-199] Attempt to get parsing info during refresh. "On-the-fly" syntax checking information may be incorrect. [/home/srn6/pprojs/risc-v/risc-v/risc-v.srcs/sources_1/new/fetch_stage.sv:]
WARNING: [filemgmt 56-199] Attempt to get parsing info during refresh. "On-the-fly" syntax checking information may be incorrect. [/home/srn6/pprojs/risc-v/risc-v/risc-v.srcs/sources_1/new/top.sv:]
WARNING: [filemgmt 56-199] Attempt to get parsing info during refresh. "On-the-fly" syntax checking information may be incorrect. [/home/srn6/pprojs/risc-v/risc-v/risc-v.srcs/sources_1/new/rv_pipe_pkg.sv:]
WARNING: [filemgmt 56-199] Attempt to get parsing info during refresh. "On-the-fly" syntax checking information may be incorrect. [/home/srn6/pprojs/risc-v/risc-v/risc-v.srcs/sources_1/new/rv_pipe_pkg.sv:]
reset_run synth_1
WARNING: [filemgmt 56-199] Attempt to get parsing info during refresh. "On-the-fly" syntax checking information may be incorrect. [/home/srn6/pprojs/risc-v/risc-v/risc-v.srcs/sources_1/new/rv_pipe_pkg.sv:]
WARNING: [filemgmt 56-199] Attempt to get parsing info during refresh. "On-the-fly" syntax checking information may be incorrect. [/home/srn6/pprojs/risc-v/risc-v/risc-v.srcs/sources_1/new/decode_stage.sv:]
WARNING: [filemgmt 56-199] Attempt to get parsing info during refresh. "On-the-fly" syntax checking information may be incorrect. [/home/srn6/pprojs/risc-v/risc-v/risc-v.srcs/sources_1/new/fetch_stage.sv:]
WARNING: [filemgmt 56-199] Attempt to get parsing info during refresh. "On-the-fly" syntax checking information may be incorrect. [/home/srn6/pprojs/risc-v/risc-v/risc-v.srcs/sources_1/new/top.sv:]
WARNING: [filemgmt 56-199] Attempt to get parsing info during refresh. "On-the-fly" syntax checking information may be incorrect. [/home/srn6/pprojs/risc-v/risc-v/risc-v.srcs/sources_1/new/decode_stage.sv:]
WARNING: [filemgmt 56-199] Attempt to get parsing info during refresh. "On-the-fly" syntax checking information may be incorrect. [/home/srn6/pprojs/risc-v/risc-v/risc-v.srcs/sources_1/new/decode_stage.sv:]
INFO: [Project 1-1161] Replacing file /home/srn6/pprojs/risc-v/risc-v/risc-v.srcs/utils_1/imports/synth_1/instruction_memory.dcp with file /home/srn6/pprojs/risc-v/risc-v/risc-v.runs/synth_1/top.dcp
reset_run impl_1
WARNING: [filemgmt 56-199] Attempt to get parsing info during refresh. "On-the-fly" syntax checking information may be incorrect. [/home/srn6/pprojs/risc-v/risc-v/risc-v.srcs/sources_1/new/rv_pipe_pkg.sv:]
WARNING: [filemgmt 56-199] Attempt to get parsing info during refresh. "On-the-fly" syntax checking information may be incorrect. [/home/srn6/pprojs/risc-v/risc-v/risc-v.srcs/sources_1/new/decode_stage.sv:]
WARNING: [filemgmt 56-199] Attempt to get parsing info during refresh. "On-the-fly" syntax checking information may be incorrect. [/home/srn6/pprojs/risc-v/risc-v/risc-v.srcs/sources_1/new/fetch_stage.sv:]
WARNING: [filemgmt 56-199] Attempt to get parsing info during refresh. "On-the-fly" syntax checking information may be incorrect. [/home/srn6/pprojs/risc-v/risc-v/risc-v.srcs/sources_1/new/top.sv:]
WARNING: [filemgmt 56-199] Attempt to get parsing info during refresh. "On-the-fly" syntax checking information may be incorrect. [/home/srn6/pprojs/risc-v/risc-v/risc-v.srcs/sources_1/new/top.sv:]
WARNING: [filemgmt 56-199] Attempt to get parsing info during refresh. "On-the-fly" syntax checking information may be incorrect. [/home/srn6/pprojs/risc-v/risc-v/risc-v.srcs/sources_1/new/top.sv:]
launch_runs impl_1 -jobs 6
INFO: [Vivado 12-4149] The synthesis checkpoint for IP '/home/srn6/pprojs/risc-v/risc-v/risc-v.srcs/sources_1/ip/blk_mem_gen_1_1/blk_mem_gen_1.xci' is already up-to-date
INFO: [Vivado 12-4149] The synthesis checkpoint for IP '/home/srn6/pprojs/risc-v/risc-v/risc-v.srcs/sources_1/ip/blk_mem_gen_0_1/blk_mem_gen_0.xci' is already up-to-date
[Mon Mar  9 21:38:02 2026] Launched synth_1...
Run output will be captured here: /home/srn6/pprojs/risc-v/risc-v/risc-v.runs/synth_1/runme.log
[Mon Mar  9 21:38:02 2026] Launched impl_1...
Run output will be captured here: /home/srn6/pprojs/risc-v/risc-v/risc-v.runs/impl_1/runme.log
WARNING: [filemgmt 56-199] Attempt to get parsing info during refresh. "On-the-fly" syntax checking information may be incorrect. [/home/srn6/pprojs/risc-v/risc-v/risc-v.srcs/sources_1/new/rv_pipe_pkg.sv:]
WARNING: [filemgmt 56-199] Attempt to get parsing info during refresh. "On-the-fly" syntax checking information may be incorrect. [/home/srn6/pprojs/risc-v/risc-v/risc-v.srcs/sources_1/new/decode_stage.sv:]
WARNING: [filemgmt 56-199] Attempt to get parsing info during refresh. "On-the-fly" syntax checking information may be incorrect. [/home/srn6/pprojs/risc-v/risc-v/risc-v.srcs/sources_1/new/fetch_stage.sv:]
WARNING: [filemgmt 56-199] Attempt to get parsing info during refresh. "On-the-fly" syntax checking information may be incorrect. [/home/srn6/pprojs/risc-v/risc-v/risc-v.srcs/sources_1/new/top.sv:]
WARNING: [filemgmt 56-199] Attempt to get parsing info during refresh. "On-the-fly" syntax checking information may be incorrect. [/home/srn6/pprojs/risc-v/risc-v/risc-v.srcs/sources_1/new/rv_pipe_pkg.sv:]
WARNING: [filemgmt 56-199] Attempt to get parsing info during refresh. "On-the-fly" syntax checking information may be incorrect. [/home/srn6/pprojs/risc-v/risc-v/risc-v.srcs/sources_1/new/rv_pipe_pkg.sv:]
WARNING: [filemgmt 56-199] Attempt to get parsing info during refresh. "On-the-fly" syntax checking information may be incorrect. [/home/srn6/pprojs/risc-v/risc-v/risc-v.srcs/sources_1/new/rv_pipe_pkg.sv:]
WARNING: [filemgmt 56-199] Attempt to get parsing info during refresh. "On-the-fly" syntax checking information may be incorrect. [/home/srn6/pprojs/risc-v/risc-v/risc-v.srcs/sources_1/new/decode_stage.sv:]
WARNING: [filemgmt 56-199] Attempt to get parsing info during refresh. "On-the-fly" syntax checking information may be incorrect. [/home/srn6/pprojs/risc-v/risc-v/risc-v.srcs/sources_1/new/fetch_stage.sv:]
WARNING: [filemgmt 56-199] Attempt to get parsing info during refresh. "On-the-fly" syntax checking information may be incorrect. [/home/srn6/pprojs/risc-v/risc-v/risc-v.srcs/sources_1/new/top.sv:]
WARNING: [filemgmt 56-199] Attempt to get parsing info during refresh. "On-the-fly" syntax checking information may be incorrect. [/home/srn6/pprojs/risc-v/risc-v/risc-v.srcs/sources_1/new/decode_stage.sv:]
WARNING: [filemgmt 56-199] Attempt to get parsing info during refresh. "On-the-fly" syntax checking information may be incorrect. [/home/srn6/pprojs/risc-v/risc-v/risc-v.srcs/sources_1/new/decode_stage.sv:]
WARNING: [filemgmt 56-199] Attempt to get parsing info during refresh. "On-the-fly" syntax checking information may be incorrect. [/home/srn6/pprojs/risc-v/risc-v/risc-v.srcs/sources_1/new/rv_pipe_pkg.sv:]
WARNING: [filemgmt 56-199] Attempt to get parsing info during refresh. "On-the-fly" syntax checking information may be incorrect. [/home/srn6/pprojs/risc-v/risc-v/risc-v.srcs/sources_1/new/decode_stage.sv:]
WARNING: [filemgmt 56-199] Attempt to get parsing info during refresh. "On-the-fly" syntax checking information may be incorrect. [/home/srn6/pprojs/risc-v/risc-v/risc-v.srcs/sources_1/new/fetch_stage.sv:]
WARNING: [filemgmt 56-199] Attempt to get parsing info during refresh. "On-the-fly" syntax checking information may be incorrect. [/home/srn6/pprojs/risc-v/risc-v/risc-v.srcs/sources_1/new/top.sv:]
WARNING: [filemgmt 56-199] Attempt to get parsing info during refresh. "On-the-fly" syntax checking information may be incorrect. [/home/srn6/pprojs/risc-v/risc-v/risc-v.srcs/sources_1/new/top.sv:]
WARNING: [filemgmt 56-199] Attempt to get parsing info during refresh. "On-the-fly" syntax checking information may be incorrect. [/home/srn6/pprojs/risc-v/risc-v/risc-v.srcs/sources_1/new/top.sv:]
refresh_design
Netlist sorting complete. Time (s): cpu = 00:00:00 ; elapsed = 00:00:00.01 . Memory (MB): peak = 12484.156 ; gain = 0.000 ; free physical = 2431 ; free virtual = 11430
INFO: [Netlist 29-17] Analyzing 99 Unisim elements for replacement
INFO: [Netlist 29-28] Unisim Transformation completed in 0 CPU seconds
INFO: [Project 1-479] Netlist was created with Vivado 2025.1
INFO: [Project 1-570] Preparing netlist for logic optimization
Read ShapeDB Complete: Time (s): cpu = 00:00:00 ; elapsed = 00:00:00 . Memory (MB): peak = 12484.156 ; gain = 0.000 ; free physical = 2433 ; free virtual = 11432
INFO: [Timing 38-478] Restoring timing data from binary archive.
INFO: [Timing 38-479] Binary timing data restore complete.
INFO: [Project 1-856] Restoring constraints from binary archive.
INFO: [Project 1-853] Binary constraint restore complete.
INFO: [Designutils 20-5722] Start Reading Physical Databases.
Reading placement.
Read Netlist Cache: Time (s): cpu = 00:00:00 ; elapsed = 00:00:00 . Memory (MB): peak = 12484.156 ; gain = 0.000 ; free physical = 2443 ; free virtual = 11443
Reading placer database...
Read Device Cache: Time (s): cpu = 00:00:00.01 ; elapsed = 00:00:00 . Memory (MB): peak = 12484.156 ; gain = 0.000 ; free physical = 2443 ; free virtual = 11443
Read PlaceDB: Time (s): cpu = 00:00:00.04 ; elapsed = 00:00:00.04 . Memory (MB): peak = 12484.156 ; gain = 0.000 ; free physical = 2443 ; free virtual = 11443
Read PulsedLatchDB: Time (s): cpu = 00:00:00 ; elapsed = 00:00:00 . Memory (MB): peak = 12484.156 ; gain = 0.000 ; free physical = 2443 ; free virtual = 11443
Reading routing.
Read RouteStorage: Time (s): cpu = 00:00:00.03 ; elapsed = 00:00:00.02 . Memory (MB): peak = 12484.156 ; gain = 0.000 ; free physical = 2443 ; free virtual = 11443
Read Physdb Files: Time (s): cpu = 00:00:00.08 ; elapsed = 00:00:00.08 . Memory (MB): peak = 12484.156 ; gain = 0.000 ; free physical = 2443 ; free virtual = 11443
Restored from archive | CPU: 0.080000 secs | Memory: 2.078148 MB |
Finished XDEF File Restore: Time (s): cpu = 00:00:00.08 ; elapsed = 00:00:00.08 . Memory (MB): peak = 12484.156 ; gain = 0.000 ; free physical = 2443 ; free virtual = 11443
refresh_design: Time (s): cpu = 00:00:09 ; elapsed = 00:00:07 . Memory (MB): peak = 12484.156 ; gain = 0.000 ; free physical = 2445 ; free virtual = 11449
WARNING: [filemgmt 56-199] Attempt to get parsing info during refresh. "On-the-fly" syntax checking information may be incorrect. [/home/srn6/pprojs/risc-v/risc-v/risc-v.srcs/sources_1/new/rv_pipe_pkg.sv:]
WARNING: [filemgmt 56-199] Attempt to get parsing info during refresh. "On-the-fly" syntax checking information may be incorrect. [/home/srn6/pprojs/risc-v/risc-v/risc-v.srcs/sources_1/new/decode_stage.sv:]
WARNING: [filemgmt 56-199] Attempt to get parsing info during refresh. "On-the-fly" syntax checking information may be incorrect. [/home/srn6/pprojs/risc-v/risc-v/risc-v.srcs/sources_1/new/fetch_stage.sv:]
WARNING: [filemgmt 56-199] Attempt to get parsing info during refresh. "On-the-fly" syntax checking information may be incorrect. [/home/srn6/pprojs/risc-v/risc-v/risc-v.srcs/sources_1/new/top.sv:]
WARNING: [filemgmt 56-199] Attempt to get parsing info during refresh. "On-the-fly" syntax checking information may be incorrect. [/home/srn6/pprojs/risc-v/risc-v/risc-v.srcs/sources_1/new/top.sv:]
WARNING: [filemgmt 56-199] Attempt to get parsing info during refresh. "On-the-fly" syntax checking information may be incorrect. [/home/srn6/pprojs/risc-v/risc-v/risc-v.srcs/sources_1/new/top.sv:]
WARNING: [filemgmt 56-199] Attempt to get parsing info during refresh. "On-the-fly" syntax checking information may be incorrect. [/home/srn6/pprojs/risc-v/risc-v/risc-v.srcs/sources_1/new/rv_pipe_pkg.sv:]
WARNING: [filemgmt 56-199] Attempt to get parsing info during refresh. "On-the-fly" syntax checking information may be incorrect. [/home/srn6/pprojs/risc-v/risc-v/risc-v.srcs/sources_1/new/decode_stage.sv:]
WARNING: [filemgmt 56-199] Attempt to get parsing info during refresh. "On-the-fly" syntax checking information may be incorrect. [/home/srn6/pprojs/risc-v/risc-v/risc-v.srcs/sources_1/new/fetch_stage.sv:]
WARNING: [filemgmt 56-199] Attempt to get parsing info during refresh. "On-the-fly" syntax checking information may be incorrect. [/home/srn6/pprojs/risc-v/risc-v/risc-v.srcs/sources_1/new/top.sv:]
WARNING: [filemgmt 56-199] Attempt to get parsing info during refresh. "On-the-fly" syntax checking information may be incorrect. [/home/srn6/pprojs/risc-v/risc-v/risc-v.srcs/sources_1/new/decode_stage.sv:]
WARNING: [filemgmt 56-199] Attempt to get parsing info during refresh. "On-the-fly" syntax checking information may be incorrect. [/home/srn6/pprojs/risc-v/risc-v/risc-v.srcs/sources_1/new/decode_stage.sv:]
WARNING: [filemgmt 56-199] Attempt to get parsing info during refresh. "On-the-fly" syntax checking information may be incorrect. [/home/srn6/pprojs/risc-v/risc-v/risc-v.srcs/sources_1/new/rv_pipe_pkg.sv:]
WARNING: [filemgmt 56-199] Attempt to get parsing info during refresh. "On-the-fly" syntax checking information may be incorrect. [/home/srn6/pprojs/risc-v/risc-v/risc-v.srcs/sources_1/new/decode_stage.sv:]
WARNING: [filemgmt 56-199] Attempt to get parsing info during refresh. "On-the-fly" syntax checking information may be incorrect. [/home/srn6/pprojs/risc-v/risc-v/risc-v.srcs/sources_1/new/fetch_stage.sv:]
WARNING: [filemgmt 56-199] Attempt to get parsing info during refresh. "On-the-fly" syntax checking information may be incorrect. [/home/srn6/pprojs/risc-v/risc-v/risc-v.srcs/sources_1/new/top.sv:]
WARNING: [filemgmt 56-199] Attempt to get parsing info during refresh. "On-the-fly" syntax checking information may be incorrect. [/home/srn6/pprojs/risc-v/risc-v/risc-v.srcs/sources_1/new/fetch_stage.sv:]
WARNING: [filemgmt 56-199] Attempt to get parsing info during refresh. "On-the-fly" syntax checking information may be incorrect. [/home/srn6/pprojs/risc-v/risc-v/risc-v.srcs/sources_1/new/fetch_stage.sv:]
WARNING: [filemgmt 56-199] Attempt to get parsing info during refresh. "On-the-fly" syntax checking information may be incorrect. [/home/srn6/pprojs/risc-v/risc-v/risc-v.srcs/sources_1/new/rv_pipe_pkg.sv:]
WARNING: [filemgmt 56-199] Attempt to get parsing info during refresh. "On-the-fly" syntax checking information may be incorrect. [/home/srn6/pprojs/risc-v/risc-v/risc-v.srcs/sources_1/new/decode_stage.sv:]
WARNING: [filemgmt 56-199] Attempt to get parsing info during refresh. "On-the-fly" syntax checking information may be incorrect. [/home/srn6/pprojs/risc-v/risc-v/risc-v.srcs/sources_1/new/fetch_stage.sv:]
WARNING: [filemgmt 56-199] Attempt to get parsing info during refresh. "On-the-fly" syntax checking information may be incorrect. [/home/srn6/pprojs/risc-v/risc-v/risc-v.srcs/sources_1/new/top.sv:]
WARNING: [filemgmt 56-199] Attempt to get parsing info during refresh. "On-the-fly" syntax checking information may be incorrect. [/home/srn6/pprojs/risc-v/risc-v/risc-v.srcs/sources_1/new/top.sv:]
WARNING: [filemgmt 56-199] Attempt to get parsing info during refresh. "On-the-fly" syntax checking information may be incorrect. [/home/srn6/pprojs/risc-v/risc-v/risc-v.srcs/sources_1/new/top.sv:]
WARNING: [filemgmt 56-199] Attempt to get parsing info during refresh. "On-the-fly" syntax checking information may be incorrect. [/home/srn6/pprojs/risc-v/risc-v/risc-v.srcs/sources_1/new/rv_pipe_pkg.sv:]
WARNING: [filemgmt 56-199] Attempt to get parsing info during refresh. "On-the-fly" syntax checking information may be incorrect. [/home/srn6/pprojs/risc-v/risc-v/risc-v.srcs/sources_1/new/decode_stage.sv:]
WARNING: [filemgmt 56-199] Attempt to get parsing info during refresh. "On-the-fly" syntax checking information may be incorrect. [/home/srn6/pprojs/risc-v/risc-v/risc-v.srcs/sources_1/new/fetch_stage.sv:]
WARNING: [filemgmt 56-199] Attempt to get parsing info during refresh. "On-the-fly" syntax checking information may be incorrect. [/home/srn6/pprojs/risc-v/risc-v/risc-v.srcs/sources_1/new/top.sv:]
WARNING: [filemgmt 56-199] Attempt to get parsing info during refresh. "On-the-fly" syntax checking information may be incorrect. [/home/srn6/pprojs/risc-v/risc-v/risc-v.srcs/sources_1/new/rv_pipe_pkg.sv:]
WARNING: [filemgmt 56-199] Attempt to get parsing info during refresh. "On-the-fly" syntax checking information may be incorrect. [/home/srn6/pprojs/risc-v/risc-v/risc-v.srcs/sources_1/new/rv_pipe_pkg.sv:]
WARNING: [filemgmt 56-199] Attempt to get parsing info during refresh. "On-the-fly" syntax checking information may be incorrect. [/home/srn6/pprojs/risc-v/risc-v/risc-v.srcs/sources_1/new/rv_pipe_pkg.sv:]
WARNING: [filemgmt 56-199] Attempt to get parsing info during refresh. "On-the-fly" syntax checking information may be incorrect. [/home/srn6/pprojs/risc-v/risc-v/risc-v.srcs/sources_1/new/decode_stage.sv:]
WARNING: [filemgmt 56-199] Attempt to get parsing info during refresh. "On-the-fly" syntax checking information may be incorrect. [/home/srn6/pprojs/risc-v/risc-v/risc-v.srcs/sources_1/new/fetch_stage.sv:]
WARNING: [filemgmt 56-199] Attempt to get parsing info during refresh. "On-the-fly" syntax checking information may be incorrect. [/home/srn6/pprojs/risc-v/risc-v/risc-v.srcs/sources_1/new/top.sv:]
WARNING: [filemgmt 56-199] Attempt to get parsing info during refresh. "On-the-fly" syntax checking information may be incorrect. [/home/srn6/pprojs/risc-v/risc-v/risc-v.srcs/sources_1/new/fetch_stage.sv:]
WARNING: [filemgmt 56-199] Attempt to get parsing info during refresh. "On-the-fly" syntax checking information may be incorrect. [/home/srn6/pprojs/risc-v/risc-v/risc-v.srcs/sources_1/new/fetch_stage.sv:]
WARNING: [filemgmt 56-199] Attempt to get parsing info during refresh. "On-the-fly" syntax checking information may be incorrect. [/home/srn6/pprojs/risc-v/risc-v/risc-v.srcs/sources_1/new/rv_pipe_pkg.sv:]
WARNING: [filemgmt 56-199] Attempt to get parsing info during refresh. "On-the-fly" syntax checking information may be incorrect. [/home/srn6/pprojs/risc-v/risc-v/risc-v.srcs/sources_1/new/decode_stage.sv:]
WARNING: [filemgmt 56-199] Attempt to get parsing info during refresh. "On-the-fly" syntax checking information may be incorrect. [/home/srn6/pprojs/risc-v/risc-v/risc-v.srcs/sources_1/new/fetch_stage.sv:]
WARNING: [filemgmt 56-199] Attempt to get parsing info during refresh. "On-the-fly" syntax checking information may be incorrect. [/home/srn6/pprojs/risc-v/risc-v/risc-v.srcs/sources_1/new/top.sv:]
WARNING: [filemgmt 56-199] Attempt to get parsing info during refresh. "On-the-fly" syntax checking information may be incorrect. [/home/srn6/pprojs/risc-v/risc-v/risc-v.srcs/sources_1/new/rv_pipe_pkg.sv:]
WARNING: [filemgmt 56-199] Attempt to get parsing info during refresh. "On-the-fly" syntax checking information may be incorrect. [/home/srn6/pprojs/risc-v/risc-v/risc-v.srcs/sources_1/new/rv_pipe_pkg.sv:]
WARNING: [filemgmt 56-199] Attempt to get parsing info during refresh. "On-the-fly" syntax checking information may be incorrect. [/home/srn6/pprojs/risc-v/risc-v/risc-v.srcs/sources_1/new/rv_pipe_pkg.sv:]
WARNING: [filemgmt 56-199] Attempt to get parsing info during refresh. "On-the-fly" syntax checking information may be incorrect. [/home/srn6/pprojs/risc-v/risc-v/risc-v.srcs/sources_1/new/decode_stage.sv:]
WARNING: [filemgmt 56-199] Attempt to get parsing info during refresh. "On-the-fly" syntax checking information may be incorrect. [/home/srn6/pprojs/risc-v/risc-v/risc-v.srcs/sources_1/new/fetch_stage.sv:]
WARNING: [filemgmt 56-199] Attempt to get parsing info during refresh. "On-the-fly" syntax checking information may be incorrect. [/home/srn6/pprojs/risc-v/risc-v/risc-v.srcs/sources_1/new/top.sv:]
WARNING: [filemgmt 56-199] Attempt to get parsing info during refresh. "On-the-fly" syntax checking information may be incorrect. [/home/srn6/pprojs/risc-v/risc-v/risc-v.srcs/sources_1/new/top.sv:]
WARNING: [filemgmt 56-199] Attempt to get parsing info during refresh. "On-the-fly" syntax checking information may be incorrect. [/home/srn6/pprojs/risc-v/risc-v/risc-v.srcs/sources_1/new/top.sv:]
WARNING: [filemgmt 56-199] Attempt to get parsing info during refresh. "On-the-fly" syntax checking information may be incorrect. [/home/srn6/pprojs/risc-v/risc-v/risc-v.srcs/sources_1/new/rv_pipe_pkg.sv:]
WARNING: [filemgmt 56-199] Attempt to get parsing info during refresh. "On-the-fly" syntax checking information may be incorrect. [/home/srn6/pprojs/risc-v/risc-v/risc-v.srcs/sources_1/new/decode_stage.sv:]
WARNING: [filemgmt 56-199] Attempt to get parsing info during refresh. "On-the-fly" syntax checking information may be incorrect. [/home/srn6/pprojs/risc-v/risc-v/risc-v.srcs/sources_1/new/fetch_stage.sv:]
WARNING: [filemgmt 56-199] Attempt to get parsing info during refresh. "On-the-fly" syntax checking information may be incorrect. [/home/srn6/pprojs/risc-v/risc-v/risc-v.srcs/sources_1/new/top.sv:]
WARNING: [filemgmt 56-199] Attempt to get parsing info during refresh. "On-the-fly" syntax checking information may be incorrect. [/home/srn6/pprojs/risc-v/risc-v/risc-v.srcs/sources_1/new/fetch_stage.sv:]
WARNING: [filemgmt 56-199] Attempt to get parsing info during refresh. "On-the-fly" syntax checking information may be incorrect. [/home/srn6/pprojs/risc-v/risc-v/risc-v.srcs/sources_1/new/fetch_stage.sv:]
WARNING: [filemgmt 56-199] Attempt to get parsing info during refresh. "On-the-fly" syntax checking information may be incorrect. [/home/srn6/pprojs/risc-v/risc-v/risc-v.srcs/sources_1/new/rv_pipe_pkg.sv:]
WARNING: [filemgmt 56-199] Attempt to get parsing info during refresh. "On-the-fly" syntax checking information may be incorrect. [/home/srn6/pprojs/risc-v/risc-v/risc-v.srcs/sources_1/new/decode_stage.sv:]
WARNING: [filemgmt 56-199] Attempt to get parsing info during refresh. "On-the-fly" syntax checking information may be incorrect. [/home/srn6/pprojs/risc-v/risc-v/risc-v.srcs/sources_1/new/fetch_stage.sv:]
WARNING: [filemgmt 56-199] Attempt to get parsing info during refresh. "On-the-fly" syntax checking information may be incorrect. [/home/srn6/pprojs/risc-v/risc-v/risc-v.srcs/sources_1/new/top.sv:]
WARNING: [filemgmt 56-199] Attempt to get parsing info during refresh. "On-the-fly" syntax checking information may be incorrect. [/home/srn6/pprojs/risc-v/risc-v/risc-v.srcs/sources_1/new/top.sv:]
WARNING: [filemgmt 56-199] Attempt to get parsing info during refresh. "On-the-fly" syntax checking information may be incorrect. [/home/srn6/pprojs/risc-v/risc-v/risc-v.srcs/sources_1/new/top.sv:]
WARNING: [filemgmt 56-199] Attempt to get parsing info during refresh. "On-the-fly" syntax checking information may be incorrect. [/home/srn6/pprojs/risc-v/risc-v/risc-v.srcs/sources_1/new/rv_pipe_pkg.sv:]
WARNING: [filemgmt 56-199] Attempt to get parsing info during refresh. "On-the-fly" syntax checking information may be incorrect. [/home/srn6/pprojs/risc-v/risc-v/risc-v.srcs/sources_1/new/decode_stage.sv:]
WARNING: [filemgmt 56-199] Attempt to get parsing info during refresh. "On-the-fly" syntax checking information may be incorrect. [/home/srn6/pprojs/risc-v/risc-v/risc-v.srcs/sources_1/new/fetch_stage.sv:]
WARNING: [filemgmt 56-199] Attempt to get parsing info during refresh. "On-the-fly" syntax checking information may be incorrect. [/home/srn6/pprojs/risc-v/risc-v/risc-v.srcs/sources_1/new/top.sv:]
WARNING: [filemgmt 56-199] Attempt to get parsing info during refresh. "On-the-fly" syntax checking information may be incorrect. [/home/srn6/pprojs/risc-v/risc-v/risc-v.srcs/sources_1/new/fetch_stage.sv:]
WARNING: [filemgmt 56-199] Attempt to get parsing info during refresh. "On-the-fly" syntax checking information may be incorrect. [/home/srn6/pprojs/risc-v/risc-v/risc-v.srcs/sources_1/new/fetch_stage.sv:]
WARNING: [filemgmt 56-199] Attempt to get parsing info during refresh. "On-the-fly" syntax checking information may be incorrect. [/home/srn6/pprojs/risc-v/risc-v/risc-v.srcs/sources_1/new/rv_pipe_pkg.sv:]
WARNING: [filemgmt 56-199] Attempt to get parsing info during refresh. "On-the-fly" syntax checking information may be incorrect. [/home/srn6/pprojs/risc-v/risc-v/risc-v.srcs/sources_1/new/decode_stage.sv:]
WARNING: [filemgmt 56-199] Attempt to get parsing info during refresh. "On-the-fly" syntax checking information may be incorrect. [/home/srn6/pprojs/risc-v/risc-v/risc-v.srcs/sources_1/new/fetch_stage.sv:]
WARNING: [filemgmt 56-199] Attempt to get parsing info during refresh. "On-the-fly" syntax checking information may be incorrect. [/home/srn6/pprojs/risc-v/risc-v/risc-v.srcs/sources_1/new/top.sv:]
WARNING: [filemgmt 56-199] Attempt to get parsing info during refresh. "On-the-fly" syntax checking information may be incorrect. [/home/srn6/pprojs/risc-v/risc-v/risc-v.srcs/sources_1/new/rv_pipe_pkg.sv:]
WARNING: [filemgmt 56-199] Attempt to get parsing info during refresh. "On-the-fly" syntax checking information may be incorrect. [/home/srn6/pprojs/risc-v/risc-v/risc-v.srcs/sources_1/new/rv_pipe_pkg.sv:]
reset_run synth_1
INFO: [Project 1-1161] Replacing file /home/srn6/pprojs/risc-v/risc-v/risc-v.srcs/utils_1/imports/synth_1/instruction_memory.dcp with file /home/srn6/pprojs/risc-v/risc-v/risc-v.runs/synth_1/top.dcp
launch_runs impl_1 -jobs 6
WARNING: [filemgmt 56-199] Attempt to get parsing info during refresh. "On-the-fly" syntax checking information may be incorrect. [/home/srn6/pprojs/risc-v/risc-v/risc-v.srcs/sources_1/new/rv_pipe_pkg.sv:]
WARNING: [filemgmt 56-199] Attempt to get parsing info during refresh. "On-the-fly" syntax checking information may be incorrect. [/home/srn6/pprojs/risc-v/risc-v/risc-v.srcs/sources_1/new/memory_stage.sv:]
WARNING: [filemgmt 56-199] Attempt to get parsing info during refresh. "On-the-fly" syntax checking information may be incorrect. [/home/srn6/pprojs/risc-v/risc-v/risc-v.srcs/sources_1/new/decode_stage.sv:]
WARNING: [filemgmt 56-199] Attempt to get parsing info during refresh. "On-the-fly" syntax checking information may be incorrect. [/home/srn6/pprojs/risc-v/risc-v/risc-v.srcs/sources_1/new/fetch_stage.sv:]
WARNING: [filemgmt 56-199] Attempt to get parsing info during refresh. "On-the-fly" syntax checking information may be incorrect. [/home/srn6/pprojs/risc-v/risc-v/risc-v.srcs/sources_1/new/top.sv:]
WARNING: [filemgmt 56-199] Attempt to get parsing info during refresh. "On-the-fly" syntax checking information may be incorrect. [/home/srn6/pprojs/risc-v/risc-v/risc-v.srcs/sources_1/new/top.sv:]
WARNING: [filemgmt 56-199] Attempt to get parsing info during refresh. "On-the-fly" syntax checking information may be incorrect. [/home/srn6/pprojs/risc-v/risc-v/risc-v.srcs/sources_1/new/top.sv:]
INFO: [Vivado 12-4149] The synthesis checkpoint for IP '/home/srn6/pprojs/risc-v/risc-v/risc-v.srcs/sources_1/ip/blk_mem_gen_1_1/blk_mem_gen_1.xci' is already up-to-date
INFO: [Vivado 12-4149] The synthesis checkpoint for IP '/home/srn6/pprojs/risc-v/risc-v/risc-v.srcs/sources_1/ip/blk_mem_gen_0_1/blk_mem_gen_0.xci' is already up-to-date
[Mon Mar  9 21:54:38 2026] Launched synth_1...
Run output will be captured here: /home/srn6/pprojs/risc-v/risc-v/risc-v.runs/synth_1/runme.log
[Mon Mar  9 21:54:38 2026] Launched impl_1...
Run output will be captured here: /home/srn6/pprojs/risc-v/risc-v/risc-v.runs/impl_1/runme.log
WARNING: [filemgmt 56-199] Attempt to get parsing info during refresh. "On-the-fly" syntax checking information may be incorrect. [/home/srn6/pprojs/risc-v/risc-v/risc-v.srcs/sources_1/new/rv_pipe_pkg.sv:]
WARNING: [filemgmt 56-199] Attempt to get parsing info during refresh. "On-the-fly" syntax checking information may be incorrect. [/home/srn6/pprojs/risc-v/risc-v/risc-v.srcs/sources_1/new/memory_stage.sv:]
WARNING: [filemgmt 56-199] Attempt to get parsing info during refresh. "On-the-fly" syntax checking information may be incorrect. [/home/srn6/pprojs/risc-v/risc-v/risc-v.srcs/sources_1/new/decode_stage.sv:]
WARNING: [filemgmt 56-199] Attempt to get parsing info during refresh. "On-the-fly" syntax checking information may be incorrect. [/home/srn6/pprojs/risc-v/risc-v/risc-v.srcs/sources_1/new/fetch_stage.sv:]
WARNING: [filemgmt 56-199] Attempt to get parsing info during refresh. "On-the-fly" syntax checking information may be incorrect. [/home/srn6/pprojs/risc-v/risc-v/risc-v.srcs/sources_1/new/top.sv:]
WARNING: [filemgmt 56-199] Attempt to get parsing info during refresh. "On-the-fly" syntax checking information may be incorrect. [/home/srn6/pprojs/risc-v/risc-v/risc-v.srcs/sources_1/new/decode_stage.sv:]
WARNING: [filemgmt 56-199] Attempt to get parsing info during refresh. "On-the-fly" syntax checking information may be incorrect. [/home/srn6/pprojs/risc-v/risc-v/risc-v.srcs/sources_1/new/decode_stage.sv:]
WARNING: [filemgmt 56-199] Attempt to get parsing info during refresh. "On-the-fly" syntax checking information may be incorrect. [/home/srn6/pprojs/risc-v/risc-v/risc-v.srcs/sources_1/new/rv_pipe_pkg.sv:]
WARNING: [filemgmt 56-199] Attempt to get parsing info during refresh. "On-the-fly" syntax checking information may be incorrect. [/home/srn6/pprojs/risc-v/risc-v/risc-v.srcs/sources_1/new/memory_stage.sv:]
WARNING: [filemgmt 56-199] Attempt to get parsing info during refresh. "On-the-fly" syntax checking information may be incorrect. [/home/srn6/pprojs/risc-v/risc-v/risc-v.srcs/sources_1/new/decode_stage.sv:]
WARNING: [filemgmt 56-199] Attempt to get parsing info during refresh. "On-the-fly" syntax checking information may be incorrect. [/home/srn6/pprojs/risc-v/risc-v/risc-v.srcs/sources_1/new/fetch_stage.sv:]
WARNING: [filemgmt 56-199] Attempt to get parsing info during refresh. "On-the-fly" syntax checking information may be incorrect. [/home/srn6/pprojs/risc-v/risc-v/risc-v.srcs/sources_1/new/top.sv:]
WARNING: [filemgmt 56-199] Attempt to get parsing info during refresh. "On-the-fly" syntax checking information may be incorrect. [/home/srn6/pprojs/risc-v/risc-v/risc-v.srcs/sources_1/new/fetch_stage.sv:]
WARNING: [filemgmt 56-199] Attempt to get parsing info during refresh. "On-the-fly" syntax checking information may be incorrect. [/home/srn6/pprojs/risc-v/risc-v/risc-v.srcs/sources_1/new/fetch_stage.sv:]
WARNING: [filemgmt 56-199] Attempt to get parsing info during refresh. "On-the-fly" syntax checking information may be incorrect. [/home/srn6/pprojs/risc-v/risc-v/risc-v.srcs/sources_1/new/rv_pipe_pkg.sv:]
WARNING: [filemgmt 56-199] Attempt to get parsing info during refresh. "On-the-fly" syntax checking information may be incorrect. [/home/srn6/pprojs/risc-v/risc-v/risc-v.srcs/sources_1/new/memory_stage.sv:]
WARNING: [filemgmt 56-199] Attempt to get parsing info during refresh. "On-the-fly" syntax checking information may be incorrect. [/home/srn6/pprojs/risc-v/risc-v/risc-v.srcs/sources_1/new/decode_stage.sv:]
WARNING: [filemgmt 56-199] Attempt to get parsing info during refresh. "On-the-fly" syntax checking information may be incorrect. [/home/srn6/pprojs/risc-v/risc-v/risc-v.srcs/sources_1/new/fetch_stage.sv:]
WARNING: [filemgmt 56-199] Attempt to get parsing info during refresh. "On-the-fly" syntax checking information may be incorrect. [/home/srn6/pprojs/risc-v/risc-v/risc-v.srcs/sources_1/new/top.sv:]
WARNING: [filemgmt 56-199] Attempt to get parsing info during refresh. "On-the-fly" syntax checking information may be incorrect. [/home/srn6/pprojs/risc-v/risc-v/risc-v.srcs/sources_1/new/memory_stage.sv:]
WARNING: [filemgmt 56-199] Attempt to get parsing info during refresh. "On-the-fly" syntax checking information may be incorrect. [/home/srn6/pprojs/risc-v/risc-v/risc-v.srcs/sources_1/new/memory_stage.sv:]
close_design
open_run synth_1 -name synth_1
Design is defaulting to impl run constrset: constrs_1
Design is defaulting to synth run part: xc7s50csga324-1IL
INFO: [Project 1-5699] Read binary netlist with skipMacroContent - 1
INFO: [Project 1-454] Reading design checkpoint '/home/srn6/pprojs/risc-v/risc-v/risc-v.gen/sources_1/ip/blk_mem_gen_0_1/blk_mem_gen_0.dcp' for cell 'u_fetch/instr_mem/i_mem'
INFO: [Project 1-454] Reading design checkpoint '/home/srn6/pprojs/risc-v/risc-v/risc-v.gen/sources_1/ip/blk_mem_gen_1_1/blk_mem_gen_1.dcp' for cell 'u_memory/main_mem/main_mem_block'
Netlist sorting complete. Time (s): cpu = 00:00:00.02 ; elapsed = 00:00:00.02 . Memory (MB): peak = 12565.215 ; gain = 0.000 ; free physical = 4523 ; free virtual = 13517
INFO: [Netlist 29-17] Analyzing 262 Unisim elements for replacement
INFO: [Netlist 29-28] Unisim Transformation completed in 0 CPU seconds
INFO: [Project 1-479] Netlist was created with Vivado 2025.1
INFO: [Project 1-570] Preparing netlist for logic optimization
Parsing XDC File [/home/srn6/pprojs/risc-v/risc-v/risc-v.srcs/constrs_1/new/constraints.xdc]
Finished Parsing XDC File [/home/srn6/pprojs/risc-v/risc-v/risc-v.srcs/constrs_1/new/constraints.xdc]
INFO: [Opt 31-138] Pushed 0 inverter(s) to 0 load pin(s).
Netlist sorting complete. Time (s): cpu = 00:00:00 ; elapsed = 00:00:00 . Memory (MB): peak = 12565.215 ; gain = 0.000 ; free physical = 4523 ; free virtual = 13517
INFO: [Project 1-111] Unisim Transformation Summary:
  A total of 14 instances were transformed.
  RAM32M => RAM32M (RAMD32(x6), RAMS32(x2)): 10 instances
  RAM32X1D => RAM32X1D (RAMD32(x2)): 4 instances

report_utilization -name utilization_1
WARNING: [filemgmt 56-199] Attempt to get parsing info during refresh. "On-the-fly" syntax checking information may be incorrect. [/home/srn6/pprojs/risc-v/risc-v/risc-v.srcs/sources_1/new/rv_pipe_pkg.sv:]
WARNING: [filemgmt 56-199] Attempt to get parsing info during refresh. "On-the-fly" syntax checking information may be incorrect. [/home/srn6/pprojs/risc-v/risc-v/risc-v.srcs/sources_1/new/memory_stage.sv:]
WARNING: [filemgmt 56-199] Attempt to get parsing info during refresh. "On-the-fly" syntax checking information may be incorrect. [/home/srn6/pprojs/risc-v/risc-v/risc-v.srcs/sources_1/new/decode_stage.sv:]
WARNING: [filemgmt 56-199] Attempt to get parsing info during refresh. "On-the-fly" syntax checking information may be incorrect. [/home/srn6/pprojs/risc-v/risc-v/risc-v.srcs/sources_1/new/fetch_stage.sv:]
WARNING: [filemgmt 56-199] Attempt to get parsing info during refresh. "On-the-fly" syntax checking information may be incorrect. [/home/srn6/pprojs/risc-v/risc-v/risc-v.srcs/sources_1/new/top.sv:]
WARNING: [filemgmt 56-199] Attempt to get parsing info during refresh. "On-the-fly" syntax checking information may be incorrect. [/home/srn6/pprojs/risc-v/risc-v/risc-v.srcs/sources_1/new/rv_pipe_pkg.sv:]
WARNING: [filemgmt 56-199] Attempt to get parsing info during refresh. "On-the-fly" syntax checking information may be incorrect. [/home/srn6/pprojs/risc-v/risc-v/risc-v.srcs/sources_1/new/rv_pipe_pkg.sv:]
WARNING: [filemgmt 56-199] Attempt to get parsing info during refresh. "On-the-fly" syntax checking information may be incorrect. [/home/srn6/pprojs/risc-v/risc-v/risc-v.srcs/sources_1/new/rv_pipe_pkg.sv:]
WARNING: [filemgmt 56-199] Attempt to get parsing info during refresh. "On-the-fly" syntax checking information may be incorrect. [/home/srn6/pprojs/risc-v/risc-v/risc-v.srcs/sources_1/new/memory_stage.sv:]
WARNING: [filemgmt 56-199] Attempt to get parsing info during refresh. "On-the-fly" syntax checking information may be incorrect. [/home/srn6/pprojs/risc-v/risc-v/risc-v.srcs/sources_1/new/decode_stage.sv:]
WARNING: [filemgmt 56-199] Attempt to get parsing info during refresh. "On-the-fly" syntax checking information may be incorrect. [/home/srn6/pprojs/risc-v/risc-v/risc-v.srcs/sources_1/new/fetch_stage.sv:]
WARNING: [filemgmt 56-199] Attempt to get parsing info during refresh. "On-the-fly" syntax checking information may be incorrect. [/home/srn6/pprojs/risc-v/risc-v/risc-v.srcs/sources_1/new/top.sv:]
WARNING: [filemgmt 56-199] Attempt to get parsing info during refresh. "On-the-fly" syntax checking information may be incorrect. [/home/srn6/pprojs/risc-v/risc-v/risc-v.srcs/sources_1/new/fetch_stage.sv:]
WARNING: [filemgmt 56-199] Attempt to get parsing info during refresh. "On-the-fly" syntax checking information may be incorrect. [/home/srn6/pprojs/risc-v/risc-v/risc-v.srcs/sources_1/new/fetch_stage.sv:]
WARNING: [filemgmt 56-199] Attempt to get parsing info during refresh. "On-the-fly" syntax checking information may be incorrect. [/home/srn6/pprojs/risc-v/risc-v/risc-v.srcs/sources_1/new/rv_pipe_pkg.sv:]
WARNING: [filemgmt 56-199] Attempt to get parsing info during refresh. "On-the-fly" syntax checking information may be incorrect. [/home/srn6/pprojs/risc-v/risc-v/risc-v.srcs/sources_1/new/memory_stage.sv:]
WARNING: [filemgmt 56-199] Attempt to get parsing info during refresh. "On-the-fly" syntax checking information may be incorrect. [/home/srn6/pprojs/risc-v/risc-v/risc-v.srcs/sources_1/new/decode_stage.sv:]
WARNING: [filemgmt 56-199] Attempt to get parsing info during refresh. "On-the-fly" syntax checking information may be incorrect. [/home/srn6/pprojs/risc-v/risc-v/risc-v.srcs/sources_1/new/fetch_stage.sv:]
WARNING: [filemgmt 56-199] Attempt to get parsing info during refresh. "On-the-fly" syntax checking information may be incorrect. [/home/srn6/pprojs/risc-v/risc-v/risc-v.srcs/sources_1/new/top.sv:]
WARNING: [filemgmt 56-199] Attempt to get parsing info during refresh. "On-the-fly" syntax checking information may be incorrect. [/home/srn6/pprojs/risc-v/risc-v/risc-v.srcs/sources_1/new/decode_stage.sv:]
WARNING: [filemgmt 56-199] Attempt to get parsing info during refresh. "On-the-fly" syntax checking information may be incorrect. [/home/srn6/pprojs/risc-v/risc-v/risc-v.srcs/sources_1/new/decode_stage.sv:]
WARNING: [filemgmt 56-199] Attempt to get parsing info during refresh. "On-the-fly" syntax checking information may be incorrect. [/home/srn6/pprojs/risc-v/risc-v/risc-v.srcs/sources_1/new/rv_pipe_pkg.sv:]
WARNING: [filemgmt 56-199] Attempt to get parsing info during refresh. "On-the-fly" syntax checking information may be incorrect. [/home/srn6/pprojs/risc-v/risc-v/risc-v.srcs/sources_1/new/memory_stage.sv:]
WARNING: [filemgmt 56-199] Attempt to get parsing info during refresh. "On-the-fly" syntax checking information may be incorrect. [/home/srn6/pprojs/risc-v/risc-v/risc-v.srcs/sources_1/new/decode_stage.sv:]
WARNING: [filemgmt 56-199] Attempt to get parsing info during refresh. "On-the-fly" syntax checking information may be incorrect. [/home/srn6/pprojs/risc-v/risc-v/risc-v.srcs/sources_1/new/fetch_stage.sv:]
WARNING: [filemgmt 56-199] Attempt to get parsing info during refresh. "On-the-fly" syntax checking information may be incorrect. [/home/srn6/pprojs/risc-v/risc-v/risc-v.srcs/sources_1/new/top.sv:]
WARNING: [filemgmt 56-199] Attempt to get parsing info during refresh. "On-the-fly" syntax checking information may be incorrect. [/home/srn6/pprojs/risc-v/risc-v/risc-v.srcs/sources_1/new/top.sv:]
WARNING: [filemgmt 56-199] Attempt to get parsing info during refresh. "On-the-fly" syntax checking information may be incorrect. [/home/srn6/pprojs/risc-v/risc-v/risc-v.srcs/sources_1/new/top.sv:]
WARNING: [IP_Flow 19-4067] Ignoring invalid widget type specified checkbox.Providing a default widget
WARNING: [IP_Flow 19-4067] Ignoring invalid widget type specified checkbox.Providing a default widget
set_property CONFIG.Write_Depth_A {47104} [get_ips blk_mem_gen_1]
WARNING: [filemgmt 56-199] Attempt to get parsing info during refresh. "On-the-fly" syntax checking information may be incorrect. [/home/srn6/pprojs/risc-v/risc-v/risc-v.srcs/sources_1/new/rv_pipe_pkg.sv:]
WARNING: [filemgmt 56-199] Attempt to get parsing info during refresh. "On-the-fly" syntax checking information may be incorrect. [/home/srn6/pprojs/risc-v/risc-v/risc-v.srcs/sources_1/new/memory_stage.sv:]
WARNING: [filemgmt 56-199] Attempt to get parsing info during refresh. "On-the-fly" syntax checking information may be incorrect. [/home/srn6/pprojs/risc-v/risc-v/risc-v.srcs/sources_1/new/decode_stage.sv:]
WARNING: [filemgmt 56-199] Attempt to get parsing info during refresh. "On-the-fly" syntax checking information may be incorrect. [/home/srn6/pprojs/risc-v/risc-v/risc-v.srcs/sources_1/new/fetch_stage.sv:]
WARNING: [filemgmt 56-199] Attempt to get parsing info during refresh. "On-the-fly" syntax checking information may be incorrect. [/home/srn6/pprojs/risc-v/risc-v/risc-v.srcs/sources_1/new/top.sv:]
WARNING: [filemgmt 56-199] Attempt to get parsing info during refresh. "On-the-fly" syntax checking information may be incorrect. [/home/srn6/pprojs/risc-v/risc-v/risc-v.srcs/sources_1/new/main_memory.sv:]
WARNING: [filemgmt 56-199] Attempt to get parsing info during refresh. "On-the-fly" syntax checking information may be incorrect. [/home/srn6/pprojs/risc-v/risc-v/risc-v.srcs/sources_1/new/rv_pipe_pkg.sv:]
WARNING: [filemgmt 56-199] Attempt to get parsing info during refresh. "On-the-fly" syntax checking information may be incorrect. [/home/srn6/pprojs/risc-v/risc-v/risc-v.srcs/sources_1/new/rv_pipe_pkg.sv:]
WARNING: [filemgmt 56-199] Attempt to get parsing info during refresh. "On-the-fly" syntax checking information may be incorrect. [/home/srn6/pprojs/risc-v/risc-v/risc-v.srcs/sources_1/new/rv_pipe_pkg.sv:]
WARNING: [filemgmt 56-199] Attempt to get parsing info during refresh. "On-the-fly" syntax checking information may be incorrect. [/home/srn6/pprojs/risc-v/risc-v/risc-v.srcs/sources_1/new/memory_stage.sv:]
WARNING: [filemgmt 56-199] Attempt to get parsing info during refresh. "On-the-fly" syntax checking information may be incorrect. [/home/srn6/pprojs/risc-v/risc-v/risc-v.srcs/sources_1/new/decode_stage.sv:]
WARNING: [filemgmt 56-199] Attempt to get parsing info during refresh. "On-the-fly" syntax checking information may be incorrect. [/home/srn6/pprojs/risc-v/risc-v/risc-v.srcs/sources_1/new/fetch_stage.sv:]
WARNING: [filemgmt 56-199] Attempt to get parsing info during refresh. "On-the-fly" syntax checking information may be incorrect. [/home/srn6/pprojs/risc-v/risc-v/risc-v.srcs/sources_1/new/top.sv:]
WARNING: [filemgmt 56-199] Attempt to get parsing info during refresh. "On-the-fly" syntax checking information may be incorrect. [/home/srn6/pprojs/risc-v/risc-v/risc-v.srcs/sources_1/new/main_memory.sv:]
WARNING: [filemgmt 56-199] Attempt to get parsing info during refresh. "On-the-fly" syntax checking information may be incorrect. [/home/srn6/pprojs/risc-v/risc-v/risc-v.srcs/sources_1/new/fetch_stage.sv:]
WARNING: [filemgmt 56-199] Attempt to get parsing info during refresh. "On-the-fly" syntax checking information may be incorrect. [/home/srn6/pprojs/risc-v/risc-v/risc-v.srcs/sources_1/new/fetch_stage.sv:]
WARNING: [filemgmt 56-199] Attempt to get parsing info during refresh. "On-the-fly" syntax checking information may be incorrect. [/home/srn6/pprojs/risc-v/risc-v/risc-v.srcs/sources_1/new/rv_pipe_pkg.sv:]
WARNING: [filemgmt 56-199] Attempt to get parsing info during refresh. "On-the-fly" syntax checking information may be incorrect. [/home/srn6/pprojs/risc-v/risc-v/risc-v.srcs/sources_1/new/memory_stage.sv:]
WARNING: [filemgmt 56-199] Attempt to get parsing info during refresh. "On-the-fly" syntax checking information may be incorrect. [/home/srn6/pprojs/risc-v/risc-v/risc-v.srcs/sources_1/new/decode_stage.sv:]
WARNING: [filemgmt 56-199] Attempt to get parsing info during refresh. "On-the-fly" syntax checking information may be incorrect. [/home/srn6/pprojs/risc-v/risc-v/risc-v.srcs/sources_1/new/fetch_stage.sv:]
WARNING: [filemgmt 56-199] Attempt to get parsing info during refresh. "On-the-fly" syntax checking information may be incorrect. [/home/srn6/pprojs/risc-v/risc-v/risc-v.srcs/sources_1/new/top.sv:]
WARNING: [filemgmt 56-199] Attempt to get parsing info during refresh. "On-the-fly" syntax checking information may be incorrect. [/home/srn6/pprojs/risc-v/risc-v/risc-v.srcs/sources_1/new/main_memory.sv:]
WARNING: [filemgmt 56-199] Attempt to get parsing info during refresh. "On-the-fly" syntax checking information may be incorrect. [/home/srn6/pprojs/risc-v/risc-v/risc-v.srcs/sources_1/new/decode_stage.sv:]
WARNING: [filemgmt 56-199] Attempt to get parsing info during refresh. "On-the-fly" syntax checking information may be incorrect. [/home/srn6/pprojs/risc-v/risc-v/risc-v.srcs/sources_1/new/decode_stage.sv:]
WARNING: [filemgmt 56-199] Attempt to get parsing info during refresh. "On-the-fly" syntax checking information may be incorrect. [/home/srn6/pprojs/risc-v/risc-v/risc-v.srcs/sources_1/new/rv_pipe_pkg.sv:]
WARNING: [filemgmt 56-199] Attempt to get parsing info during refresh. "On-the-fly" syntax checking information may be incorrect. [/home/srn6/pprojs/risc-v/risc-v/risc-v.srcs/sources_1/new/memory_stage.sv:]
WARNING: [filemgmt 56-199] Attempt to get parsing info during refresh. "On-the-fly" syntax checking information may be incorrect. [/home/srn6/pprojs/risc-v/risc-v/risc-v.srcs/sources_1/new/decode_stage.sv:]
WARNING: [filemgmt 56-199] Attempt to get parsing info during refresh. "On-the-fly" syntax checking information may be incorrect. [/home/srn6/pprojs/risc-v/risc-v/risc-v.srcs/sources_1/new/fetch_stage.sv:]
WARNING: [filemgmt 56-199] Attempt to get parsing info during refresh. "On-the-fly" syntax checking information may be incorrect. [/home/srn6/pprojs/risc-v/risc-v/risc-v.srcs/sources_1/new/top.sv:]
WARNING: [filemgmt 56-199] Attempt to get parsing info during refresh. "On-the-fly" syntax checking information may be incorrect. [/home/srn6/pprojs/risc-v/risc-v/risc-v.srcs/sources_1/new/main_memory.sv:]
WARNING: [filemgmt 56-199] Attempt to get parsing info during refresh. "On-the-fly" syntax checking information may be incorrect. [/home/srn6/pprojs/risc-v/risc-v/risc-v.srcs/sources_1/new/main_memory.sv:]
WARNING: [filemgmt 56-199] Attempt to get parsing info during refresh. "On-the-fly" syntax checking information may be incorrect. [/home/srn6/pprojs/risc-v/risc-v/risc-v.srcs/sources_1/new/main_memory.sv:]
WARNING: [filemgmt 56-199] Attempt to get parsing info during refresh. "On-the-fly" syntax checking information may be incorrect. [/home/srn6/pprojs/risc-v/risc-v/risc-v.srcs/sources_1/new/rv_pipe_pkg.sv:]
WARNING: [filemgmt 56-199] Attempt to get parsing info during refresh. "On-the-fly" syntax checking information may be incorrect. [/home/srn6/pprojs/risc-v/risc-v/risc-v.srcs/sources_1/new/memory_stage.sv:]
WARNING: [filemgmt 56-199] Attempt to get parsing info during refresh. "On-the-fly" syntax checking information may be incorrect. [/home/srn6/pprojs/risc-v/risc-v/risc-v.srcs/sources_1/new/decode_stage.sv:]
WARNING: [filemgmt 56-199] Attempt to get parsing info during refresh. "On-the-fly" syntax checking information may be incorrect. [/home/srn6/pprojs/risc-v/risc-v/risc-v.srcs/sources_1/new/fetch_stage.sv:]
WARNING: [filemgmt 56-199] Attempt to get parsing info during refresh. "On-the-fly" syntax checking information may be incorrect. [/home/srn6/pprojs/risc-v/risc-v/risc-v.srcs/sources_1/new/top.sv:]
WARNING: [filemgmt 56-199] Attempt to get parsing info during refresh. "On-the-fly" syntax checking information may be incorrect. [/home/srn6/pprojs/risc-v/risc-v/risc-v.srcs/sources_1/new/main_memory.sv:]
WARNING: [filemgmt 56-199] Attempt to get parsing info during refresh. "On-the-fly" syntax checking information may be incorrect. [/home/srn6/pprojs/risc-v/risc-v/risc-v.srcs/sources_1/new/top.sv:]
WARNING: [filemgmt 56-199] Attempt to get parsing info during refresh. "On-the-fly" syntax checking information may be incorrect. [/home/srn6/pprojs/risc-v/risc-v/risc-v.srcs/sources_1/new/top.sv:]
generate_target all [get_files  /home/srn6/pprojs/risc-v/risc-v/risc-v.srcs/sources_1/ip/blk_mem_gen_1_1/blk_mem_gen_1.xci]
INFO: [IP_Flow 19-1686] Generating 'Instantiation Template' target for IP 'blk_mem_gen_1'...
INFO: [IP_Flow 19-1686] Generating 'Synthesis' target for IP 'blk_mem_gen_1'...
INFO: [IP_Flow 19-1686] Generating 'Simulation' target for IP 'blk_mem_gen_1'...
INFO: [IP_Flow 19-1686] Generating 'Miscellaneous' target for IP 'blk_mem_gen_1'...
INFO: [IP_Flow 19-1686] Generating 'Change Log' target for IP 'blk_mem_gen_1'...
catch { config_ip_cache -export [get_ips -all blk_mem_gen_1] }
export_ip_user_files -of_objects [get_files /home/srn6/pprojs/risc-v/risc-v/risc-v.srcs/sources_1/ip/blk_mem_gen_1_1/blk_mem_gen_1.xci] -no_script -sync -force -quiet
create_ip_run [get_files -of_objects [get_fileset sources_1] /home/srn6/pprojs/risc-v/risc-v/risc-v.srcs/sources_1/ip/blk_mem_gen_1_1/blk_mem_gen_1.xci]
launch_runs blk_mem_gen_1_synth_1 -jobs 6
[Mon Mar  9 22:05:51 2026] Launched blk_mem_gen_1_synth_1...
Run output will be captured here: /home/srn6/pprojs/risc-v/risc-v/risc-v.runs/blk_mem_gen_1_synth_1/runme.log
export_simulation -lib_map_path [list {modelsim=/home/srn6/pprojs/risc-v/risc-v/risc-v.cache/compile_simlib/modelsim} {questa=/home/srn6/pprojs/risc-v/risc-v/risc-v.cache/compile_simlib/questa} {xcelium=/home/srn6/pprojs/risc-v/risc-v/risc-v.cache/compile_simlib/xcelium} {vcs=/home/srn6/pprojs/risc-v/risc-v/risc-v.cache/compile_simlib/vcs} {riviera=/home/srn6/pprojs/risc-v/risc-v/risc-v.cache/compile_simlib/riviera}] -of_objects [get_files /home/srn6/pprojs/risc-v/risc-v/risc-v.srcs/sources_1/ip/blk_mem_gen_1_1/blk_mem_gen_1.xci] -directory /home/srn6/pprojs/risc-v/risc-v/risc-v.ip_user_files/sim_scripts -ip_user_files_dir /home/srn6/pprojs/risc-v/risc-v/risc-v.ip_user_files -ipstatic_source_dir /home/srn6/pprojs/risc-v/risc-v/risc-v.ip_user_files/ipstatic -use_ip_compiled_libs -force -quiet
wait_on_run blk_mem_gen_1_synth_1
[Mon Mar  9 22:06:05 2026] Waiting for blk_mem_gen_1_synth_1 to finish...
INFO: [Common 17-41] Interrupt caught. Command should exit soon.
[Mon Mar  9 22:06:10 2026] Waiting for blk_mem_gen_1_synth_1 to finish...
[Mon Mar  9 22:06:10 2026] Interrupt received

*** Running vivado
    with args -log blk_mem_gen_1.vds -m64 -product Vivado -mode batch -messageDb vivado.pb -notrace -source blk_mem_gen_1.tcl


****** Vivado v2025.1 (64-bit)
  **** SW Build 6140274 on Wed May 21 22:58:25 MDT 2025
  **** IP Build 6138677 on Thu May 22 03:10:11 MDT 2025
  **** SharedData Build 6139179 on Tue May 20 17:58:58 MDT 2025
  **** Start of session at: Tue Feb 17 21:29:59 2026
    ** Copyright 1986-2022 Xilinx, Inc. All Rights Reserved.
    ** Copyright 2022-2025 Advanced Micro Devices, Inc. All Rights Reserved.

source blk_mem_gen_1.tcl -notrace
Command: synth_design -top blk_mem_gen_1 -part xc7s50csga324-1IL -incremental_mode off -mode out_of_context
Starting synth_design
Attempting to get a license for feature 'Synthesis' and/or device 'xc7s50'
INFO: [Common 17-349] Got license for feature 'Synthesis' and/or device 'xc7s50'
INFO: [Device 21-403] Loading part xc7s50csga324-1IL
INFO: [Synth 8-7079] Multithreading enabled for synth_design using a maximum of 7 processes.
INFO: [Synth 8-7078] Launching helper process for spawning children vivado processes
INFO: [Synth 8-7075] Helper process launched with PID 895101
---------------------------------------------------------------------------------
Starting RTL Elaboration : Time (s): cpu = 00:00:03 ; elapsed = 00:00:04 . Memory (MB): peak = 2422.422 ; gain = 438.742 ; free physical = 2815 ; free virtual = 12522
---------------------------------------------------------------------------------
INFO: [Synth 8-638] synthesizing module 'blk_mem_gen_1' [/home/srn6/pprojs/risc-v/risc-v/risc-v.gen/sources_1/ip/blk_mem_gen_1/synth/blk_mem_gen_1.vhd:76]
	Parameter C_FAMILY bound to: spartan7 - type: string 
	Parameter C_XDEVICEFAMILY bound to: spartan7 - type: string 
	Parameter C_ELABORATION_DIR bound to: ./ - type: string 
	Parameter C_INTERFACE_TYPE bound to: 0 - type: integer 
	Parameter C_AXI_TYPE bound to: 1 - type: integer 
	Parameter C_AXI_SLAVE_TYPE bound to: 0 - type: integer 
	Parameter C_USE_BRAM_BLOCK bound to: 0 - type: integer 
	Parameter C_ENABLE_32BIT_ADDRESS bound to: 1 - type: integer 
	Parameter C_CTRL_ECC_ALGO bound to: NONE - type: string 
	Parameter C_HAS_AXI_ID bound to: 0 - type: integer 
	Parameter C_AXI_ID_WIDTH bound to: 4 - type: integer 
	Parameter C_MEM_TYPE bound to: 1 - type: integer 
	Parameter C_BYTE_SIZE bound to: 8 - type: integer 
	Parameter C_ALGORITHM bound to: 1 - type: integer 
	Parameter C_PRIM_TYPE bound to: 1 - type: integer 
	Parameter C_LOAD_INIT_FILE bound to: 0 - type: integer 
	Parameter C_INIT_FILE_NAME bound to: no_coe_file_loaded - type: string 
	Parameter C_INIT_FILE bound to: blk_mem_gen_1.mem - type: string 
	Parameter C_USE_DEFAULT_DATA bound to: 0 - type: integer 
	Parameter C_DEFAULT_DATA bound to: 0 - type: string 
	Parameter C_HAS_RSTA bound to: 0 - type: integer 
	Parameter C_RST_PRIORITY_A bound to: CE - type: string 
	Parameter C_RSTRAM_A bound to: 0 - type: integer 
	Parameter C_INITA_VAL bound to: 0 - type: string 
	Parameter C_HAS_ENA bound to: 1 - type: integer 
	Parameter C_HAS_REGCEA bound to: 0 - type: integer 
	Parameter C_USE_BYTE_WEA bound to: 1 - type: integer 
	Parameter C_WEA_WIDTH bound to: 4 - type: integer 
	Parameter C_WRITE_MODE_A bound to: WRITE_FIRST - type: string 
	Parameter C_WRITE_WIDTH_A bound to: 32 - type: integer 
	Parameter C_READ_WIDTH_A bound to: 32 - type: integer 
	Parameter C_WRITE_DEPTH_A bound to: 65536 - type: integer 
	Parameter C_READ_DEPTH_A bound to: 65536 - type: integer 
	Parameter C_ADDRA_WIDTH bound to: 32 - type: integer 
	Parameter C_HAS_RSTB bound to: 1 - type: integer 
	Parameter C_RST_PRIORITY_B bound to: CE - type: string 
	Parameter C_RSTRAM_B bound to: 0 - type: integer 
	Parameter C_INITB_VAL bound to: 0 - type: string 
	Parameter C_HAS_ENB bound to: 1 - type: integer 
	Parameter C_HAS_REGCEB bound to: 0 - type: integer 
	Parameter C_USE_BYTE_WEB bound to: 1 - type: integer 
	Parameter C_WEB_WIDTH bound to: 4 - type: integer 
	Parameter C_WRITE_MODE_B bound to: WRITE_FIRST - type: string 
	Parameter C_WRITE_WIDTH_B bound to: 32 - type: integer 
	Parameter C_READ_WIDTH_B bound to: 32 - type: integer 
	Parameter C_WRITE_DEPTH_B bound to: 65536 - type: integer 
	Parameter C_READ_DEPTH_B bound to: 65536 - type: integer 
	Parameter C_ADDRB_WIDTH bound to: 32 - type: integer 
	Parameter C_HAS_MEM_OUTPUT_REGS_A bound to: 0 - type: integer 
	Parameter C_HAS_MEM_OUTPUT_REGS_B bound to: 1 - type: integer 
	Parameter C_HAS_MUX_OUTPUT_REGS_A bound to: 0 - type: integer 
	Parameter C_HAS_MUX_OUTPUT_REGS_B bound to: 0 - type: integer 
	Parameter C_MUX_PIPELINE_STAGES bound to: 0 - type: integer 
	Parameter C_HAS_SOFTECC_INPUT_REGS_A bound to: 0 - type: integer 
	Parameter C_HAS_SOFTECC_OUTPUT_REGS_B bound to: 0 - type: integer 
	Parameter C_USE_SOFTECC bound to: 0 - type: integer 
	Parameter C_USE_ECC bound to: 0 - type: integer 
	Parameter C_EN_ECC_PIPE bound to: 0 - type: integer 
	Parameter C_READ_LATENCY_A bound to: 1 - type: integer 
	Parameter C_READ_LATENCY_B bound to: 1 - type: integer 
	Parameter C_HAS_INJECTERR bound to: 0 - type: integer 
	Parameter C_SIM_COLLISION_CHECK bound to: ALL - type: string 
	Parameter C_COMMON_CLK bound to: 0 - type: integer 
	Parameter C_DISABLE_WARN_BHV_COLL bound to: 0 - type: integer 
	Parameter C_EN_SLEEP_PIN bound to: 0 - type: integer 
	Parameter C_USE_URAM bound to: 0 - type: integer 
	Parameter C_EN_RDADDRA_CHG bound to: 0 - type: integer 
	Parameter C_EN_RDADDRB_CHG bound to: 0 - type: integer 
	Parameter C_EN_DEEPSLEEP_PIN bound to: 0 - type: integer 
	Parameter C_EN_SHUTDOWN_PIN bound to: 0 - type: integer 
	Parameter C_EN_SAFETY_CKT bound to: 1 - type: integer 
	Parameter C_DISABLE_WARN_BHV_RANGE bound to: 0 - type: integer 
	Parameter C_COUNT_36K_BRAM bound to: 64 - type: string 
	Parameter C_COUNT_18K_BRAM bound to: 0 - type: string 
	Parameter C_EST_POWER_SUMMARY bound to: Estimated Power for IP     :     18.573258 mW - type: string 
INFO: [Synth 8-3491] module 'blk_mem_gen_v8_4_11' declared at '/home/srn6/pprojs/risc-v/risc-v/risc-v.gen/sources_1/ip/blk_mem_gen_1/hdl/blk_mem_gen_v8_4_vhsyn_rfs.vhd:195209' bound to instance 'U0' of component 'blk_mem_gen_v8_4_11' [/home/srn6/pprojs/risc-v/risc-v/risc-v.gen/sources_1/ip/blk_mem_gen_1/synth/blk_mem_gen_1.vhd:250]
INFO: [Synth 8-256] done synthesizing module 'blk_mem_gen_1' (0#1) [/home/srn6/pprojs/risc-v/risc-v/risc-v.gen/sources_1/ip/blk_mem_gen_1/synth/blk_mem_gen_1.vhd:76]
WARNING: [Synth 8-7129] Port CLKB in module blk_mem_output_block is either unconnected or has no load
WARNING: [Synth 8-7129] Port DOUTA_I[31] in module blk_mem_output_block is either unconnected or has no load
WARNING: [Synth 8-7129] Port DOUTA_I[30] in module blk_mem_output_block is either unconnected or has no load
WARNING: [Synth 8-7129] Port DOUTA_I[29] in module blk_mem_output_block is either unconnected or has no load
WARNING: [Synth 8-7129] Port DOUTA_I[28] in module blk_mem_output_block is either unconnected or has no load
WARNING: [Synth 8-7129] Port DOUTA_I[27] in module blk_mem_output_block is either unconnected or has no load
WARNING: [Synth 8-7129] Port DOUTA_I[26] in module blk_mem_output_block is either unconnected or has no load
WARNING: [Synth 8-7129] Port DOUTA_I[25] in module blk_mem_output_block is either unconnected or has no load
WARNING: [Synth 8-7129] Port DOUTA_I[24] in module blk_mem_output_block is either unconnected or has no load
WARNING: [Synth 8-7129] Port DOUTA_I[23] in module blk_mem_output_block is either unconnected or has no load
WARNING: [Synth 8-7129] Port DOUTA_I[22] in module blk_mem_output_block is either unconnected or has no load
WARNING: [Synth 8-7129] Port DOUTA_I[21] in module blk_mem_output_block is either unconnected or has no load
WARNING: [Synth 8-7129] Port DOUTA_I[20] in module blk_mem_output_block is either unconnected or has no load
WARNING: [Synth 8-7129] Port DOUTA_I[19] in module blk_mem_output_block is either unconnected or has no load
WARNING: [Synth 8-7129] Port DOUTA_I[18] in module blk_mem_output_block is either unconnected or has no load
WARNING: [Synth 8-7129] Port DOUTA_I[17] in module blk_mem_output_block is either unconnected or has no load
WARNING: [Synth 8-7129] Port DOUTA_I[16] in module blk_mem_output_block is either unconnected or has no load
WARNING: [Synth 8-7129] Port DOUTA_I[15] in module blk_mem_output_block is either unconnected or has no load
WARNING: [Synth 8-7129] Port DOUTA_I[14] in module blk_mem_output_block is either unconnected or has no load
WARNING: [Synth 8-7129] Port DOUTA_I[13] in module blk_mem_output_block is either unconnected or has no load
WARNING: [Synth 8-7129] Port DOUTA_I[12] in module blk_mem_output_block is either unconnected or has no load
WARNING: [Synth 8-7129] Port DOUTA_I[11] in module blk_mem_output_block is either unconnected or has no load
WARNING: [Synth 8-7129] Port DOUTA_I[10] in module blk_mem_output_block is either unconnected or has no load
WARNING: [Synth 8-7129] Port DOUTA_I[9] in module blk_mem_output_block is either unconnected or has no load
WARNING: [Synth 8-7129] Port DOUTA_I[8] in module blk_mem_output_block is either unconnected or has no load
WARNING: [Synth 8-7129] Port DOUTA_I[7] in module blk_mem_output_block is either unconnected or has no load
WARNING: [Synth 8-7129] Port DOUTA_I[6] in module blk_mem_output_block is either unconnected or has no load
WARNING: [Synth 8-7129] Port DOUTA_I[5] in module blk_mem_output_block is either unconnected or has no load
WARNING: [Synth 8-7129] Port DOUTA_I[4] in module blk_mem_output_block is either unconnected or has no load
WARNING: [Synth 8-7129] Port DOUTA_I[3] in module blk_mem_output_block is either unconnected or has no load
WARNING: [Synth 8-7129] Port DOUTA_I[2] in module blk_mem_output_block is either unconnected or has no load
WARNING: [Synth 8-7129] Port DOUTA_I[1] in module blk_mem_output_block is either unconnected or has no load
WARNING: [Synth 8-7129] Port DOUTA_I[0] in module blk_mem_output_block is either unconnected or has no load
WARNING: [Synth 8-7129] Port SBITERR_I in module blk_mem_output_block is either unconnected or has no load
WARNING: [Synth 8-7129] Port DBITERR_I in module blk_mem_output_block is either unconnected or has no load
WARNING: [Synth 8-7129] Port RDADDRECC_I[15] in module blk_mem_output_block is either unconnected or has no load
WARNING: [Synth 8-7129] Port RDADDRECC_I[14] in module blk_mem_output_block is either unconnected or has no load
WARNING: [Synth 8-7129] Port RDADDRECC_I[13] in module blk_mem_output_block is either unconnected or has no load
WARNING: [Synth 8-7129] Port RDADDRECC_I[12] in module blk_mem_output_block is either unconnected or has no load
WARNING: [Synth 8-7129] Port RDADDRECC_I[11] in module blk_mem_output_block is either unconnected or has no load
WARNING: [Synth 8-7129] Port RDADDRECC_I[10] in module blk_mem_output_block is either unconnected or has no load
WARNING: [Synth 8-7129] Port RDADDRECC_I[9] in module blk_mem_output_block is either unconnected or has no load
WARNING: [Synth 8-7129] Port RDADDRECC_I[8] in module blk_mem_output_block is either unconnected or has no load
WARNING: [Synth 8-7129] Port RDADDRECC_I[7] in module blk_mem_output_block is either unconnected or has no load
WARNING: [Synth 8-7129] Port RDADDRECC_I[6] in module blk_mem_output_block is either unconnected or has no load
WARNING: [Synth 8-7129] Port RDADDRECC_I[5] in module blk_mem_output_block is either unconnected or has no load
WARNING: [Synth 8-7129] Port RDADDRECC_I[4] in module blk_mem_output_block is either unconnected or has no load
WARNING: [Synth 8-7129] Port RDADDRECC_I[3] in module blk_mem_output_block is either unconnected or has no load
WARNING: [Synth 8-7129] Port RDADDRECC_I[2] in module blk_mem_output_block is either unconnected or has no load
WARNING: [Synth 8-7129] Port RDADDRECC_I[1] in module blk_mem_output_block is either unconnected or has no load
WARNING: [Synth 8-7129] Port RDADDRECC_I[0] in module blk_mem_output_block is either unconnected or has no load
WARNING: [Synth 8-7129] Port DOUTA[8] in module blk_mem_gen_prim_wrapper__parameterized62 is either unconnected or has no load
WARNING: [Synth 8-7129] Port DOUTA[7] in module blk_mem_gen_prim_wrapper__parameterized62 is either unconnected or has no load
WARNING: [Synth 8-7129] Port DOUTA[6] in module blk_mem_gen_prim_wrapper__parameterized62 is either unconnected or has no load
WARNING: [Synth 8-7129] Port DOUTA[5] in module blk_mem_gen_prim_wrapper__parameterized62 is either unconnected or has no load
WARNING: [Synth 8-7129] Port DOUTA[4] in module blk_mem_gen_prim_wrapper__parameterized62 is either unconnected or has no load
WARNING: [Synth 8-7129] Port DOUTA[3] in module blk_mem_gen_prim_wrapper__parameterized62 is either unconnected or has no load
WARNING: [Synth 8-7129] Port DOUTA[2] in module blk_mem_gen_prim_wrapper__parameterized62 is either unconnected or has no load
WARNING: [Synth 8-7129] Port DOUTA[1] in module blk_mem_gen_prim_wrapper__parameterized62 is either unconnected or has no load
WARNING: [Synth 8-7129] Port DOUTA[0] in module blk_mem_gen_prim_wrapper__parameterized62 is either unconnected or has no load
WARNING: [Synth 8-7129] Port SBITERR in module blk_mem_gen_prim_wrapper__parameterized62 is either unconnected or has no load
WARNING: [Synth 8-7129] Port DBITERR in module blk_mem_gen_prim_wrapper__parameterized62 is either unconnected or has no load
WARNING: [Synth 8-7129] Port SSRA in module blk_mem_gen_prim_wrapper__parameterized62 is either unconnected or has no load
WARNING: [Synth 8-7129] Port REGCEA in module blk_mem_gen_prim_wrapper__parameterized62 is either unconnected or has no load
WARNING: [Synth 8-7129] Port SSRB in module blk_mem_gen_prim_wrapper__parameterized62 is either unconnected or has no load
WARNING: [Synth 8-7129] Port WEB[0] in module blk_mem_gen_prim_wrapper__parameterized62 is either unconnected or has no load
WARNING: [Synth 8-7129] Port DINB[8] in module blk_mem_gen_prim_wrapper__parameterized62 is either unconnected or has no load
WARNING: [Synth 8-7129] Port DINB[7] in module blk_mem_gen_prim_wrapper__parameterized62 is either unconnected or has no load
WARNING: [Synth 8-7129] Port DINB[6] in module blk_mem_gen_prim_wrapper__parameterized62 is either unconnected or has no load
WARNING: [Synth 8-7129] Port DINB[5] in module blk_mem_gen_prim_wrapper__parameterized62 is either unconnected or has no load
WARNING: [Synth 8-7129] Port DINB[4] in module blk_mem_gen_prim_wrapper__parameterized62 is either unconnected or has no load
WARNING: [Synth 8-7129] Port DINB[3] in module blk_mem_gen_prim_wrapper__parameterized62 is either unconnected or has no load
WARNING: [Synth 8-7129] Port DINB[2] in module blk_mem_gen_prim_wrapper__parameterized62 is either unconnected or has no load
WARNING: [Synth 8-7129] Port DINB[1] in module blk_mem_gen_prim_wrapper__parameterized62 is either unconnected or has no load
WARNING: [Synth 8-7129] Port DINB[0] in module blk_mem_gen_prim_wrapper__parameterized62 is either unconnected or has no load
WARNING: [Synth 8-7129] Port SLEEP in module blk_mem_gen_prim_wrapper__parameterized62 is either unconnected or has no load
WARNING: [Synth 8-7129] Port INJECTSBITERR in module blk_mem_gen_prim_wrapper__parameterized62 is either unconnected or has no load
WARNING: [Synth 8-7129] Port INJECTDBITERR in module blk_mem_gen_prim_wrapper__parameterized62 is either unconnected or has no load
WARNING: [Synth 8-7129] Port ECCPIPECE in module blk_mem_gen_prim_wrapper__parameterized62 is either unconnected or has no load
WARNING: [Synth 8-7129] Port DOUTA[8] in module blk_mem_gen_prim_wrapper__parameterized61 is either unconnected or has no load
WARNING: [Synth 8-7129] Port DOUTA[7] in module blk_mem_gen_prim_wrapper__parameterized61 is either unconnected or has no load
WARNING: [Synth 8-7129] Port DOUTA[6] in module blk_mem_gen_prim_wrapper__parameterized61 is either unconnected or has no load
WARNING: [Synth 8-7129] Port DOUTA[5] in module blk_mem_gen_prim_wrapper__parameterized61 is either unconnected or has no load
WARNING: [Synth 8-7129] Port DOUTA[4] in module blk_mem_gen_prim_wrapper__parameterized61 is either unconnected or has no load
WARNING: [Synth 8-7129] Port DOUTA[3] in module blk_mem_gen_prim_wrapper__parameterized61 is either unconnected or has no load
WARNING: [Synth 8-7129] Port DOUTA[2] in module blk_mem_gen_prim_wrapper__parameterized61 is either unconnected or has no load
WARNING: [Synth 8-7129] Port DOUTA[1] in module blk_mem_gen_prim_wrapper__parameterized61 is either unconnected or has no load
WARNING: [Synth 8-7129] Port DOUTA[0] in module blk_mem_gen_prim_wrapper__parameterized61 is either unconnected or has no load
WARNING: [Synth 8-7129] Port SBITERR in module blk_mem_gen_prim_wrapper__parameterized61 is either unconnected or has no load
WARNING: [Synth 8-7129] Port DBITERR in module blk_mem_gen_prim_wrapper__parameterized61 is either unconnected or has no load
WARNING: [Synth 8-7129] Port SSRA in module blk_mem_gen_prim_wrapper__parameterized61 is either unconnected or has no load
WARNING: [Synth 8-7129] Port REGCEA in module blk_mem_gen_prim_wrapper__parameterized61 is either unconnected or has no load
WARNING: [Synth 8-7129] Port SSRB in module blk_mem_gen_prim_wrapper__parameterized61 is either unconnected or has no load
WARNING: [Synth 8-7129] Port WEB[0] in module blk_mem_gen_prim_wrapper__parameterized61 is either unconnected or has no load
WARNING: [Synth 8-7129] Port DINB[8] in module blk_mem_gen_prim_wrapper__parameterized61 is either unconnected or has no load
WARNING: [Synth 8-7129] Port DINB[7] in module blk_mem_gen_prim_wrapper__parameterized61 is either unconnected or has no load
WARNING: [Synth 8-7129] Port DINB[6] in module blk_mem_gen_prim_wrapper__parameterized61 is either unconnected or has no load
WARNING: [Synth 8-7129] Port DINB[5] in module blk_mem_gen_prim_wrapper__parameterized61 is either unconnected or has no load
WARNING: [Synth 8-7129] Port DINB[4] in module blk_mem_gen_prim_wrapper__parameterized61 is either unconnected or has no load
WARNING: [Synth 8-7129] Port DINB[3] in module blk_mem_gen_prim_wrapper__parameterized61 is either unconnected or has no load
INFO: [Common 17-14] Message 'Synth 8-7129' appears 100 times and further instances of the messages will be disabled. Use the Tcl command set_msg_config to change the current settings.
---------------------------------------------------------------------------------
Finished RTL Elaboration : Time (s): cpu = 00:00:11 ; elapsed = 00:00:13 . Memory (MB): peak = 2756.867 ; gain = 773.188 ; free physical = 2497 ; free virtual = 12207
---------------------------------------------------------------------------------
---------------------------------------------------------------------------------
Start Handling Custom Attributes
---------------------------------------------------------------------------------
---------------------------------------------------------------------------------
Finished Handling Custom Attributes : Time (s): cpu = 00:00:11 ; elapsed = 00:00:13 . Memory (MB): peak = 2756.867 ; gain = 773.188 ; free physical = 2499 ; free virtual = 12209
---------------------------------------------------------------------------------
---------------------------------------------------------------------------------
Finished RTL Optimization Phase 1 : Time (s): cpu = 00:00:11 ; elapsed = 00:00:13 . Memory (MB): peak = 2756.867 ; gain = 773.188 ; free physical = 2499 ; free virtual = 12209
---------------------------------------------------------------------------------
Netlist sorting complete. Time (s): cpu = 00:00:00.03 ; elapsed = 00:00:00.03 . Memory (MB): peak = 2756.867 ; gain = 0.000 ; free physical = 2500 ; free virtual = 12210
INFO: [Netlist 29-17] Analyzing 64 Unisim elements for replacement
INFO: [Netlist 29-28] Unisim Transformation completed in 0 CPU seconds
INFO: [Project 1-570] Preparing netlist for logic optimization

Processing XDC Constraints
Initializing timing engine
Parsing XDC File [/home/srn6/pprojs/risc-v/risc-v/risc-v.gen/sources_1/ip/blk_mem_gen_1/blk_mem_gen_1_ooc.xdc] for cell 'U0'
Finished Parsing XDC File [/home/srn6/pprojs/risc-v/risc-v/risc-v.gen/sources_1/ip/blk_mem_gen_1/blk_mem_gen_1_ooc.xdc] for cell 'U0'
Parsing XDC File [/home/srn6/pprojs/risc-v/risc-v/risc-v.runs/blk_mem_gen_1_synth_1/dont_touch.xdc]
Finished Parsing XDC File [/home/srn6/pprojs/risc-v/risc-v/risc-v.runs/blk_mem_gen_1_synth_1/dont_touch.xdc]
Completed Processing XDC Constraints

Netlist sorting complete. Time (s): cpu = 00:00:00 ; elapsed = 00:00:00 . Memory (MB): peak = 2796.887 ; gain = 0.000 ; free physical = 2491 ; free virtual = 12211
INFO: [Project 1-111] Unisim Transformation Summary:
No Unisim elements were transformed.

Constraint Validation Runtime : Time (s): cpu = 00:00:00.06 ; elapsed = 00:00:00.05 . Memory (MB): peak = 2796.922 ; gain = 0.000 ; free physical = 2494 ; free virtual = 12214
INFO: [Designutils 20-5008] Incremental synthesis strategy off
---------------------------------------------------------------------------------
Finished Constraint Validation : Time (s): cpu = 00:00:16 ; elapsed = 00:00:19 . Memory (MB): peak = 2796.922 ; gain = 813.242 ; free physical = 2465 ; free virtual = 12186
---------------------------------------------------------------------------------
---------------------------------------------------------------------------------
Start Loading Part and Timing Information
---------------------------------------------------------------------------------
Loading part: xc7s50csga324-1IL
---------------------------------------------------------------------------------
Finished Loading Part and Timing Information : Time (s): cpu = 00:00:16 ; elapsed = 00:00:19 . Memory (MB): peak = 2804.891 ; gain = 821.211 ; free physical = 2465 ; free virtual = 12186
---------------------------------------------------------------------------------
---------------------------------------------------------------------------------
Start Applying 'set_property' XDC Constraints
---------------------------------------------------------------------------------
---------------------------------------------------------------------------------
Finished applying 'set_property' XDC Constraints : Time (s): cpu = 00:00:16 ; elapsed = 00:00:19 . Memory (MB): peak = 2804.891 ; gain = 821.211 ; free physical = 2465 ; free virtual = 12186
---------------------------------------------------------------------------------
---------------------------------------------------------------------------------
Finished RTL Optimization Phase 2 : Time (s): cpu = 00:00:17 ; elapsed = 00:00:20 . Memory (MB): peak = 2804.891 ; gain = 821.211 ; free physical = 2461 ; free virtual = 12183
---------------------------------------------------------------------------------
---------------------------------------------------------------------------------
Start RTL Component Statistics 
---------------------------------------------------------------------------------
Detailed RTL Component Info : 
+---XORs : 
	   2 Input      1 Bit         XORs := 128   
+---Registers : 
	               16 Bit    Registers := 1     
	                5 Bit    Registers := 131   
	                1 Bit    Registers := 512   
+---Muxes : 
	   2 Input    1 Bit        Muxes := 1     
---------------------------------------------------------------------------------
Finished RTL Component Statistics 
---------------------------------------------------------------------------------
---------------------------------------------------------------------------------
Start Part Resource Summary
---------------------------------------------------------------------------------
Part Resources:
DSPs: 120 (col length:60)
BRAMs: 150 (col length: RAMB18 60 RAMB36 30)
---------------------------------------------------------------------------------
Finished Part Resource Summary
---------------------------------------------------------------------------------
---------------------------------------------------------------------------------
Start Cross Boundary and Area Optimization
---------------------------------------------------------------------------------
WARNING: [Synth 8-7080] Parallel synthesis criteria is not met
---------------------------------------------------------------------------------
Finished Cross Boundary and Area Optimization : Time (s): cpu = 00:00:19 ; elapsed = 00:00:22 . Memory (MB): peak = 2804.891 ; gain = 821.211 ; free physical = 2465 ; free virtual = 12187
---------------------------------------------------------------------------------
---------------------------------------------------------------------------------
Start Applying XDC Timing Constraints
---------------------------------------------------------------------------------
---------------------------------------------------------------------------------
Finished Applying XDC Timing Constraints : Time (s): cpu = 00:00:22 ; elapsed = 00:00:25 . Memory (MB): peak = 2804.891 ; gain = 821.211 ; free physical = 2488 ; free virtual = 12217
---------------------------------------------------------------------------------
---------------------------------------------------------------------------------
Start Timing Optimization
---------------------------------------------------------------------------------
---------------------------------------------------------------------------------
Finished Timing Optimization : Time (s): cpu = 00:00:22 ; elapsed = 00:00:25 . Memory (MB): peak = 2804.891 ; gain = 821.211 ; free physical = 2488 ; free virtual = 12217
---------------------------------------------------------------------------------
---------------------------------------------------------------------------------
Start Technology Mapping
---------------------------------------------------------------------------------
---------------------------------------------------------------------------------
Finished Technology Mapping : Time (s): cpu = 00:00:22 ; elapsed = 00:00:25 . Memory (MB): peak = 2804.891 ; gain = 821.211 ; free physical = 2488 ; free virtual = 12217
---------------------------------------------------------------------------------
---------------------------------------------------------------------------------
Start IO Insertion
---------------------------------------------------------------------------------
---------------------------------------------------------------------------------
Start Flattening Before IO Insertion
---------------------------------------------------------------------------------
---------------------------------------------------------------------------------
Finished Flattening Before IO Insertion
---------------------------------------------------------------------------------
---------------------------------------------------------------------------------
Start Final Netlist Cleanup
---------------------------------------------------------------------------------
---------------------------------------------------------------------------------
Finished Final Netlist Cleanup
---------------------------------------------------------------------------------
---------------------------------------------------------------------------------
Finished IO Insertion : Time (s): cpu = 00:00:24 ; elapsed = 00:00:28 . Memory (MB): peak = 2910.703 ; gain = 927.023 ; free physical = 2402 ; free virtual = 12131
---------------------------------------------------------------------------------
---------------------------------------------------------------------------------
Start Renaming Generated Instances
---------------------------------------------------------------------------------
---------------------------------------------------------------------------------
Finished Renaming Generated Instances : Time (s): cpu = 00:00:24 ; elapsed = 00:00:28 . Memory (MB): peak = 2910.703 ; gain = 927.023 ; free physical = 2402 ; free virtual = 12131
---------------------------------------------------------------------------------
---------------------------------------------------------------------------------
Start Rebuilding User Hierarchy
---------------------------------------------------------------------------------
---------------------------------------------------------------------------------
Finished Rebuilding User Hierarchy : Time (s): cpu = 00:00:25 ; elapsed = 00:00:28 . Memory (MB): peak = 2910.703 ; gain = 927.023 ; free physical = 2402 ; free virtual = 12131
---------------------------------------------------------------------------------
---------------------------------------------------------------------------------
Start Renaming Generated Ports
---------------------------------------------------------------------------------
---------------------------------------------------------------------------------
Finished Renaming Generated Ports : Time (s): cpu = 00:00:25 ; elapsed = 00:00:28 . Memory (MB): peak = 2910.703 ; gain = 927.023 ; free physical = 2402 ; free virtual = 12131
---------------------------------------------------------------------------------
---------------------------------------------------------------------------------
Start Handling Custom Attributes
---------------------------------------------------------------------------------
---------------------------------------------------------------------------------
Finished Handling Custom Attributes : Time (s): cpu = 00:00:25 ; elapsed = 00:00:28 . Memory (MB): peak = 2910.703 ; gain = 927.023 ; free physical = 2402 ; free virtual = 12131
---------------------------------------------------------------------------------
---------------------------------------------------------------------------------
Start Renaming Generated Nets
---------------------------------------------------------------------------------
---------------------------------------------------------------------------------
Finished Renaming Generated Nets : Time (s): cpu = 00:00:25 ; elapsed = 00:00:28 . Memory (MB): peak = 2910.703 ; gain = 927.023 ; free physical = 2402 ; free virtual = 12131
---------------------------------------------------------------------------------
---------------------------------------------------------------------------------
Start ROM, RAM, DSP, Shift Register and Retiming Reporting
---------------------------------------------------------------------------------

Static Shift Register Report:
+--------------------+-----------------------------------------------------------------------------------------------------------------------------------------+--------+-------+--------------+--------------------+-------------------+--------+---------+
|Module Name         | RTL Name                                                                                                                                | Length | Width | Reset Signal | Pull out first Reg | Pull out last Reg | SRL16E | SRLC32E | 
+--------------------+-----------------------------------------------------------------------------------------------------------------------------------------+--------+-------+--------------+--------------------+-------------------+--------+---------+
|blk_mem_gen_v8_4_11 | inst_blk_mem_gen/gnbram.gnative_mem_map_bmg.native_mem_map_blk_mem_gen/valid.cstr/ramloop[48].ram.r/SAFETY_CKT_GEN.RSTA_SHFT_REG_reg[4] | 4      | 2     | NO           | NO                 | YES               | 2      | 0       | 
+--------------------+-----------------------------------------------------------------------------------------------------------------------------------------+--------+-------+--------------+--------------------+-------------------+--------+---------+

---------------------------------------------------------------------------------
Finished ROM, RAM, DSP, Shift Register and Retiming Reporting
---------------------------------------------------------------------------------
---------------------------------------------------------------------------------
Start Writing Synthesis Report
---------------------------------------------------------------------------------

Report BlackBoxes: 
+-+--------------+----------+
| |BlackBox name |Instances |
+-+--------------+----------+
+-+--------------+----------+

Report Cell Usage: 
+------+---------+------+
|      |Cell     |Count |
+------+---------+------+
|1     |LUT2     |    12|
|2     |LUT3     |     1|
|3     |LUT4     |     1|
|4     |LUT6     |   160|
|5     |MUXF7    |    64|
|6     |MUXF8    |    32|
|7     |RAMB36E1 |    64|
|8     |SRL16E   |     2|
|9     |FDRE     |    26|
+------+---------+------+
---------------------------------------------------------------------------------
Finished Writing Synthesis Report : Time (s): cpu = 00:00:25 ; elapsed = 00:00:28 . Memory (MB): peak = 2910.703 ; gain = 927.023 ; free physical = 2402 ; free virtual = 12131
---------------------------------------------------------------------------------
Synthesis finished with 0 errors, 0 critical warnings and 262 warnings.
Synthesis Optimization Runtime : Time (s): cpu = 00:00:23 ; elapsed = 00:00:26 . Memory (MB): peak = 2910.703 ; gain = 886.969 ; free physical = 2402 ; free virtual = 12131
Synthesis Optimization Complete : Time (s): cpu = 00:00:25 ; elapsed = 00:00:28 . Memory (MB): peak = 2910.711 ; gain = 927.023 ; free physical = 2402 ; free virtual = 12131
INFO: [Project 1-571] Translating synthesized netlist
Netlist sorting complete. Time (s): cpu = 00:00:00.01 ; elapsed = 00:00:00.01 . Memory (MB): peak = 2910.711 ; gain = 0.000 ; free physical = 2568 ; free virtual = 12297
INFO: [Netlist 29-17] Analyzing 160 Unisim elements for replacement
INFO: [Netlist 29-28] Unisim Transformation completed in 0 CPU seconds
INFO: [Project 1-570] Preparing netlist for logic optimization
INFO: [Opt 31-138] Pushed 0 inverter(s) to 0 load pin(s).
Netlist sorting complete. Time (s): cpu = 00:00:00 ; elapsed = 00:00:00 . Memory (MB): peak = 2910.711 ; gain = 0.000 ; free physical = 2562 ; free virtual = 12291
INFO: [Project 1-111] Unisim Transformation Summary:
No Unisim elements were transformed.

Synth Design complete | Checksum: a5d7e32e
INFO: [Common 17-83] Releasing license: Synthesis
21 Infos, 101 Warnings, 0 Critical Warnings and 0 Errors encountered.
synth_design completed successfully
synth_design: Time (s): cpu = 00:00:29 ; elapsed = 00:00:33 . Memory (MB): peak = 2910.738 ; gain = 1064.074 ; free physical = 2563 ; free virtual = 12292
INFO: [Common 17-2834] synth_design peak Physical Memory [PSS] (MB): overall = 2030.175; main = 1909.773; forked = 285.383
INFO: [Common 17-2834] synth_design peak Virtual Memory [VSS] (MB): overall = 4391.758; main = 2910.707; forked = 1586.863
Write ShapeDB Complete: Time (s): cpu = 00:00:00 ; elapsed = 00:00:00.01 . Memory (MB): peak = 2934.715 ; gain = 0.000 ; free physical = 2564 ; free virtual = 12293
INFO: [Common 17-1381] The checkpoint '/home/srn6/pprojs/risc-v/risc-v/risc-v.runs/blk_mem_gen_1_synth_1/blk_mem_gen_1.dcp' has been generated.
INFO: [Coretcl 2-1648] Added synthesis output to IP cache for IP blk_mem_gen_1, cache-ID = cb8b3e5c474449d8
INFO: [Coretcl 2-1174] Renamed 133 cell refs.
Write ShapeDB Complete: Time (s): cpu = 00:00:00 ; elapsed = 00:00:00 . Memory (MB): peak = 2934.715 ; gain = 0.000 ; free physical = 2551 ; free virtual = 12284
INFO: [Common 17-1381] The checkpoint '/home/srn6/pprojs/risc-v/risc-v/risc-v.runs/blk_mem_gen_1_synth_1/blk_mem_gen_1.dcp' has been generated.
INFO: [Vivado 12-24828] Executing command : report_utilization -file blk_mem_gen_1_utilization_synth.rpt -pb blk_mem_gen_1_utilization_synth.pb
INFO: [Common 17-206] Exiting Vivado at Tue Feb 17 21:30:46 2026...

*** Running vivado
    with args -log blk_mem_gen_1.vds -m64 -product Vivado -mode batch -messageDb vivado.pb -notrace -source blk_mem_gen_1.tcl


****** Vivado v2025.1 (64-bit)
  **** SW Build 6140274 on Wed May 21 22:58:25 MDT 2025
  **** IP Build 6138677 on Thu May 22 03:10:11 MDT 2025
  **** SharedData Build 6139179 on Tue May 20 17:58:58 MDT 2025
  **** Start of session at: Mon Mar  9 22:05:54 2026
    ** Copyright 1986-2022 Xilinx, Inc. All Rights Reserved.
    ** Copyright 2022-2025 Advanced Micro Devices, Inc. All Rights Reserved.

source blk_mem_gen_1.tcl -notrace
Command: synth_design -top blk_mem_gen_1 -part xc7s50csga324-1IL -incremental_mode off -mode out_of_context
Starting synth_design
Attempting to get a license for feature 'Synthesis' and/or device 'xc7s50'
INFO: [Common 17-349] Got license for feature 'Synthesis' and/or device 'xc7s50'
INFO: [Device 21-403] Loading part xc7s50csga324-1IL
wait_on_runs: Time (s): cpu = 00:00:00.38 ; elapsed = 00:00:05 . Memory (MB): peak = 12686.316 ; gain = 0.000 ; free physical = 3015 ; free virtual = 12037
INFO: [Common 17-344] 'wait_on_runs' was cancelled
close_design
WARNING: [filemgmt 56-199] Attempt to get parsing info during refresh. "On-the-fly" syntax checking information may be incorrect. [/home/srn6/pprojs/risc-v/risc-v/risc-v.srcs/sources_1/new/rv_pipe_pkg.sv:]
WARNING: [filemgmt 56-199] Attempt to get parsing info during refresh. "On-the-fly" syntax checking information may be incorrect. [/home/srn6/pprojs/risc-v/risc-v/risc-v.srcs/sources_1/new/memory_stage.sv:]
WARNING: [filemgmt 56-199] Attempt to get parsing info during refresh. "On-the-fly" syntax checking information may be incorrect. [/home/srn6/pprojs/risc-v/risc-v/risc-v.srcs/sources_1/new/decode_stage.sv:]
WARNING: [filemgmt 56-199] Attempt to get parsing info during refresh. "On-the-fly" syntax checking information may be incorrect. [/home/srn6/pprojs/risc-v/risc-v/risc-v.srcs/sources_1/new/fetch_stage.sv:]
WARNING: [filemgmt 56-199] Attempt to get parsing info during refresh. "On-the-fly" syntax checking information may be incorrect. [/home/srn6/pprojs/risc-v/risc-v/risc-v.srcs/sources_1/new/top.sv:]
WARNING: [filemgmt 56-199] Attempt to get parsing info during refresh. "On-the-fly" syntax checking information may be incorrect. [/home/srn6/pprojs/risc-v/risc-v/risc-v.srcs/sources_1/new/main_memory.sv:]
WARNING: [filemgmt 56-199] Attempt to get parsing info during refresh. "On-the-fly" syntax checking information may be incorrect. [/home/srn6/pprojs/risc-v/risc-v/risc-v.srcs/sources_1/new/decode_stage.sv:]
WARNING: [filemgmt 56-199] Attempt to get parsing info during refresh. "On-the-fly" syntax checking information may be incorrect. [/home/srn6/pprojs/risc-v/risc-v/risc-v.srcs/sources_1/new/decode_stage.sv:]
WARNING: [filemgmt 56-199] Attempt to get parsing info during refresh. "On-the-fly" syntax checking information may be incorrect. [/home/srn6/pprojs/risc-v/risc-v/risc-v.srcs/sources_1/new/rv_pipe_pkg.sv:]
WARNING: [filemgmt 56-199] Attempt to get parsing info during refresh. "On-the-fly" syntax checking information may be incorrect. [/home/srn6/pprojs/risc-v/risc-v/risc-v.srcs/sources_1/new/memory_stage.sv:]
WARNING: [filemgmt 56-199] Attempt to get parsing info during refresh. "On-the-fly" syntax checking information may be incorrect. [/home/srn6/pprojs/risc-v/risc-v/risc-v.srcs/sources_1/new/decode_stage.sv:]
WARNING: [filemgmt 56-199] Attempt to get parsing info during refresh. "On-the-fly" syntax checking information may be incorrect. [/home/srn6/pprojs/risc-v/risc-v/risc-v.srcs/sources_1/new/fetch_stage.sv:]
WARNING: [filemgmt 56-199] Attempt to get parsing info during refresh. "On-the-fly" syntax checking information may be incorrect. [/home/srn6/pprojs/risc-v/risc-v/risc-v.srcs/sources_1/new/top.sv:]
WARNING: [filemgmt 56-199] Attempt to get parsing info during refresh. "On-the-fly" syntax checking information may be incorrect. [/home/srn6/pprojs/risc-v/risc-v/risc-v.srcs/sources_1/new/main_memory.sv:]
WARNING: [filemgmt 56-199] Attempt to get parsing info during refresh. "On-the-fly" syntax checking information may be incorrect. [/home/srn6/pprojs/risc-v/risc-v/risc-v.srcs/sources_1/new/rv_pipe_pkg.sv:]
WARNING: [filemgmt 56-199] Attempt to get parsing info during refresh. "On-the-fly" syntax checking information may be incorrect. [/home/srn6/pprojs/risc-v/risc-v/risc-v.srcs/sources_1/new/rv_pipe_pkg.sv:]
WARNING: [filemgmt 56-199] Attempt to get parsing info during refresh. "On-the-fly" syntax checking information may be incorrect. [/home/srn6/pprojs/risc-v/risc-v/risc-v.srcs/sources_1/new/rv_pipe_pkg.sv:]
WARNING: [filemgmt 56-199] Attempt to get parsing info during refresh. "On-the-fly" syntax checking information may be incorrect. [/home/srn6/pprojs/risc-v/risc-v/risc-v.srcs/sources_1/new/memory_stage.sv:]
WARNING: [filemgmt 56-199] Attempt to get parsing info during refresh. "On-the-fly" syntax checking information may be incorrect. [/home/srn6/pprojs/risc-v/risc-v/risc-v.srcs/sources_1/new/decode_stage.sv:]
WARNING: [filemgmt 56-199] Attempt to get parsing info during refresh. "On-the-fly" syntax checking information may be incorrect. [/home/srn6/pprojs/risc-v/risc-v/risc-v.srcs/sources_1/new/fetch_stage.sv:]
WARNING: [filemgmt 56-199] Attempt to get parsing info during refresh. "On-the-fly" syntax checking information may be incorrect. [/home/srn6/pprojs/risc-v/risc-v/risc-v.srcs/sources_1/new/top.sv:]
WARNING: [filemgmt 56-199] Attempt to get parsing info during refresh. "On-the-fly" syntax checking information may be incorrect. [/home/srn6/pprojs/risc-v/risc-v/risc-v.srcs/sources_1/new/main_memory.sv:]
WARNING: [filemgmt 56-199] Attempt to get parsing info during refresh. "On-the-fly" syntax checking information may be incorrect. [/home/srn6/pprojs/risc-v/risc-v/risc-v.srcs/sources_1/new/memory_stage.sv:]
WARNING: [filemgmt 56-199] Attempt to get parsing info during refresh. "On-the-fly" syntax checking information may be incorrect. [/home/srn6/pprojs/risc-v/risc-v/risc-v.srcs/sources_1/new/memory_stage.sv:]
WARNING: [filemgmt 56-199] Attempt to get parsing info during refresh. "On-the-fly" syntax checking information may be incorrect. [/home/srn6/pprojs/risc-v/risc-v/risc-v.srcs/sources_1/new/rv_pipe_pkg.sv:]
WARNING: [filemgmt 56-199] Attempt to get parsing info during refresh. "On-the-fly" syntax checking information may be incorrect. [/home/srn6/pprojs/risc-v/risc-v/risc-v.srcs/sources_1/new/memory_stage.sv:]
WARNING: [filemgmt 56-199] Attempt to get parsing info during refresh. "On-the-fly" syntax checking information may be incorrect. [/home/srn6/pprojs/risc-v/risc-v/risc-v.srcs/sources_1/new/decode_stage.sv:]
WARNING: [filemgmt 56-199] Attempt to get parsing info during refresh. "On-the-fly" syntax checking information may be incorrect. [/home/srn6/pprojs/risc-v/risc-v/risc-v.srcs/sources_1/new/fetch_stage.sv:]
WARNING: [filemgmt 56-199] Attempt to get parsing info during refresh. "On-the-fly" syntax checking information may be incorrect. [/home/srn6/pprojs/risc-v/risc-v/risc-v.srcs/sources_1/new/top.sv:]
WARNING: [filemgmt 56-199] Attempt to get parsing info during refresh. "On-the-fly" syntax checking information may be incorrect. [/home/srn6/pprojs/risc-v/risc-v/risc-v.srcs/sources_1/new/main_memory.sv:]
WARNING: [filemgmt 56-199] Attempt to get parsing info during refresh. "On-the-fly" syntax checking information may be incorrect. [/home/srn6/pprojs/risc-v/risc-v/risc-v.srcs/sources_1/new/fetch_stage.sv:]
WARNING: [filemgmt 56-199] Attempt to get parsing info during refresh. "On-the-fly" syntax checking information may be incorrect. [/home/srn6/pprojs/risc-v/risc-v/risc-v.srcs/sources_1/new/fetch_stage.sv:]
WARNING: [filemgmt 56-199] Attempt to get parsing info during refresh. "On-the-fly" syntax checking information may be incorrect. [/home/srn6/pprojs/risc-v/risc-v/risc-v.srcs/sources_1/new/rv_pipe_pkg.sv:]
WARNING: [filemgmt 56-199] Attempt to get parsing info during refresh. "On-the-fly" syntax checking information may be incorrect. [/home/srn6/pprojs/risc-v/risc-v/risc-v.srcs/sources_1/new/memory_stage.sv:]
WARNING: [filemgmt 56-199] Attempt to get parsing info during refresh. "On-the-fly" syntax checking information may be incorrect. [/home/srn6/pprojs/risc-v/risc-v/risc-v.srcs/sources_1/new/decode_stage.sv:]
WARNING: [filemgmt 56-199] Attempt to get parsing info during refresh. "On-the-fly" syntax checking information may be incorrect. [/home/srn6/pprojs/risc-v/risc-v/risc-v.srcs/sources_1/new/fetch_stage.sv:]
WARNING: [filemgmt 56-199] Attempt to get parsing info during refresh. "On-the-fly" syntax checking information may be incorrect. [/home/srn6/pprojs/risc-v/risc-v/risc-v.srcs/sources_1/new/top.sv:]
WARNING: [filemgmt 56-199] Attempt to get parsing info during refresh. "On-the-fly" syntax checking information may be incorrect. [/home/srn6/pprojs/risc-v/risc-v/risc-v.srcs/sources_1/new/main_memory.sv:]
WARNING: [filemgmt 56-199] Attempt to get parsing info during refresh. "On-the-fly" syntax checking information may be incorrect. [/home/srn6/pprojs/risc-v/risc-v/risc-v.srcs/sources_1/new/top.sv:]
WARNING: [filemgmt 56-199] Attempt to get parsing info during refresh. "On-the-fly" syntax checking information may be incorrect. [/home/srn6/pprojs/risc-v/risc-v/risc-v.srcs/sources_1/new/top.sv:]
reset_run synth_1
INFO: [Project 1-1161] Replacing file /home/srn6/pprojs/risc-v/risc-v/risc-v.srcs/utils_1/imports/synth_1/instruction_memory.dcp with file /home/srn6/pprojs/risc-v/risc-v/risc-v.runs/synth_1/top.dcp
WARNING: [Vivado 12-1017] Problems encountered:
1. Failed to delete one or more files in run directory /home/srn6/pprojs/risc-v/risc-v/risc-v.runs/synth_1

WARNING: [filemgmt 56-199] Attempt to get parsing info during refresh. "On-the-fly" syntax checking information may be incorrect. [/home/srn6/pprojs/risc-v/risc-v/risc-v.srcs/sources_1/new/rv_pipe_pkg.sv:]
WARNING: [filemgmt 56-199] Attempt to get parsing info during refresh. "On-the-fly" syntax checking information may be incorrect. [/home/srn6/pprojs/risc-v/risc-v/risc-v.srcs/sources_1/new/memory_stage.sv:]
WARNING: [filemgmt 56-199] Attempt to get parsing info during refresh. "On-the-fly" syntax checking information may be incorrect. [/home/srn6/pprojs/risc-v/risc-v/risc-v.srcs/sources_1/new/decode_stage.sv:]
WARNING: [filemgmt 56-199] Attempt to get parsing info during refresh. "On-the-fly" syntax checking information may be incorrect. [/home/srn6/pprojs/risc-v/risc-v/risc-v.srcs/sources_1/new/fetch_stage.sv:]
WARNING: [filemgmt 56-199] Attempt to get parsing info during refresh. "On-the-fly" syntax checking information may be incorrect. [/home/srn6/pprojs/risc-v/risc-v/risc-v.srcs/sources_1/new/top.sv:]
WARNING: [filemgmt 56-199] Attempt to get parsing info during refresh. "On-the-fly" syntax checking information may be incorrect. [/home/srn6/pprojs/risc-v/risc-v/risc-v.srcs/sources_1/new/main_memory.sv:]
WARNING: [filemgmt 56-199] Attempt to get parsing info during refresh. "On-the-fly" syntax checking information may be incorrect. [/home/srn6/pprojs/risc-v/risc-v/risc-v.srcs/sources_1/new/rv_pipe_pkg.sv:]
WARNING: [filemgmt 56-199] Attempt to get parsing info during refresh. "On-the-fly" syntax checking information may be incorrect. [/home/srn6/pprojs/risc-v/risc-v/risc-v.srcs/sources_1/new/rv_pipe_pkg.sv:]
launch_runs impl_1 -jobs 6
INFO: [Vivado 12-4149] The synthesis checkpoint for IP '/home/srn6/pprojs/risc-v/risc-v/risc-v.srcs/sources_1/ip/blk_mem_gen_0_1/blk_mem_gen_0.xci' is already up-to-date
WARNING: [filemgmt 56-199] Attempt to get parsing info during refresh. "On-the-fly" syntax checking information may be incorrect. [/home/srn6/pprojs/risc-v/risc-v/risc-v.srcs/sources_1/new/rv_pipe_pkg.sv:]
WARNING: [filemgmt 56-199] Attempt to get parsing info during refresh. "On-the-fly" syntax checking information may be incorrect. [/home/srn6/pprojs/risc-v/risc-v/risc-v.srcs/sources_1/new/memory_stage.sv:]
WARNING: [filemgmt 56-199] Attempt to get parsing info during refresh. "On-the-fly" syntax checking information may be incorrect. [/home/srn6/pprojs/risc-v/risc-v/risc-v.srcs/sources_1/new/decode_stage.sv:]
WARNING: [filemgmt 56-199] Attempt to get parsing info during refresh. "On-the-fly" syntax checking information may be incorrect. [/home/srn6/pprojs/risc-v/risc-v/risc-v.srcs/sources_1/new/fetch_stage.sv:]
WARNING: [filemgmt 56-199] Attempt to get parsing info during refresh. "On-the-fly" syntax checking information may be incorrect. [/home/srn6/pprojs/risc-v/risc-v/risc-v.srcs/sources_1/new/top.sv:]
WARNING: [filemgmt 56-199] Attempt to get parsing info during refresh. "On-the-fly" syntax checking information may be incorrect. [/home/srn6/pprojs/risc-v/risc-v/risc-v.srcs/sources_1/new/main_memory.sv:]
WARNING: [filemgmt 56-199] Attempt to get parsing info during refresh. "On-the-fly" syntax checking information may be incorrect. [/home/srn6/pprojs/risc-v/risc-v/risc-v.srcs/sources_1/new/fetch_stage.sv:]
WARNING: [filemgmt 56-199] Attempt to get parsing info during refresh. "On-the-fly" syntax checking information may be incorrect. [/home/srn6/pprojs/risc-v/risc-v/risc-v.srcs/sources_1/new/fetch_stage.sv:]
WARNING: [filemgmt 56-199] Attempt to get parsing info during refresh. "On-the-fly" syntax checking information may be incorrect. [/home/srn6/pprojs/risc-v/risc-v/risc-v.srcs/sources_1/new/rv_pipe_pkg.sv:]
WARNING: [filemgmt 56-199] Attempt to get parsing info during refresh. "On-the-fly" syntax checking information may be incorrect. [/home/srn6/pprojs/risc-v/risc-v/risc-v.srcs/sources_1/new/memory_stage.sv:]
WARNING: [filemgmt 56-199] Attempt to get parsing info during refresh. "On-the-fly" syntax checking information may be incorrect. [/home/srn6/pprojs/risc-v/risc-v/risc-v.srcs/sources_1/new/decode_stage.sv:]
WARNING: [filemgmt 56-199] Attempt to get parsing info during refresh. "On-the-fly" syntax checking information may be incorrect. [/home/srn6/pprojs/risc-v/risc-v/risc-v.srcs/sources_1/new/fetch_stage.sv:]
WARNING: [filemgmt 56-199] Attempt to get parsing info during refresh. "On-the-fly" syntax checking information may be incorrect. [/home/srn6/pprojs/risc-v/risc-v/risc-v.srcs/sources_1/new/top.sv:]
WARNING: [filemgmt 56-199] Attempt to get parsing info during refresh. "On-the-fly" syntax checking information may be incorrect. [/home/srn6/pprojs/risc-v/risc-v/risc-v.srcs/sources_1/new/main_memory.sv:]
WARNING: [filemgmt 56-199] Attempt to get parsing info during refresh. "On-the-fly" syntax checking information may be incorrect. [/home/srn6/pprojs/risc-v/risc-v/risc-v.srcs/sources_1/new/decode_stage.sv:]
WARNING: [filemgmt 56-199] Attempt to get parsing info during refresh. "On-the-fly" syntax checking information may be incorrect. [/home/srn6/pprojs/risc-v/risc-v/risc-v.srcs/sources_1/new/decode_stage.sv:]
WARNING: [filemgmt 56-199] Attempt to get parsing info during refresh. "On-the-fly" syntax checking information may be incorrect. [/home/srn6/pprojs/risc-v/risc-v/risc-v.srcs/sources_1/new/rv_pipe_pkg.sv:]
WARNING: [filemgmt 56-199] Attempt to get parsing info during refresh. "On-the-fly" syntax checking information may be incorrect. [/home/srn6/pprojs/risc-v/risc-v/risc-v.srcs/sources_1/new/memory_stage.sv:]
WARNING: [filemgmt 56-199] Attempt to get parsing info during refresh. "On-the-fly" syntax checking information may be incorrect. [/home/srn6/pprojs/risc-v/risc-v/risc-v.srcs/sources_1/new/decode_stage.sv:]
WARNING: [filemgmt 56-199] Attempt to get parsing info during refresh. "On-the-fly" syntax checking information may be incorrect. [/home/srn6/pprojs/risc-v/risc-v/risc-v.srcs/sources_1/new/fetch_stage.sv:]
WARNING: [filemgmt 56-199] Attempt to get parsing info during refresh. "On-the-fly" syntax checking information may be incorrect. [/home/srn6/pprojs/risc-v/risc-v/risc-v.srcs/sources_1/new/top.sv:]
WARNING: [filemgmt 56-199] Attempt to get parsing info during refresh. "On-the-fly" syntax checking information may be incorrect. [/home/srn6/pprojs/risc-v/risc-v/risc-v.srcs/sources_1/new/main_memory.sv:]
WARNING: [filemgmt 56-199] Attempt to get parsing info during refresh. "On-the-fly" syntax checking information may be incorrect. [/home/srn6/pprojs/risc-v/risc-v/risc-v.srcs/sources_1/new/memory_stage.sv:]
WARNING: [filemgmt 56-199] Attempt to get parsing info during refresh. "On-the-fly" syntax checking information may be incorrect. [/home/srn6/pprojs/risc-v/risc-v/risc-v.srcs/sources_1/new/memory_stage.sv:]
[Mon Mar  9 22:06:49 2026] Launched blk_mem_gen_1_synth_1, synth_1...
Run output will be captured here:
blk_mem_gen_1_synth_1: /home/srn6/pprojs/risc-v/risc-v/risc-v.runs/blk_mem_gen_1_synth_1/runme.log
synth_1: /home/srn6/pprojs/risc-v/risc-v/risc-v.runs/synth_1/runme.log
[Mon Mar  9 22:06:49 2026] Launched impl_1...
Run output will be captured here: /home/srn6/pprojs/risc-v/risc-v/risc-v.runs/impl_1/runme.log
WARNING: [filemgmt 56-199] Attempt to get parsing info during refresh. "On-the-fly" syntax checking information may be incorrect. [/home/srn6/pprojs/risc-v/risc-v/risc-v.srcs/sources_1/new/rv_pipe_pkg.sv:]
WARNING: [filemgmt 56-199] Attempt to get parsing info during refresh. "On-the-fly" syntax checking information may be incorrect. [/home/srn6/pprojs/risc-v/risc-v/risc-v.srcs/sources_1/new/memory_stage.sv:]
WARNING: [filemgmt 56-199] Attempt to get parsing info during refresh. "On-the-fly" syntax checking information may be incorrect. [/home/srn6/pprojs/risc-v/risc-v/risc-v.srcs/sources_1/new/decode_stage.sv:]
WARNING: [filemgmt 56-199] Attempt to get parsing info during refresh. "On-the-fly" syntax checking information may be incorrect. [/home/srn6/pprojs/risc-v/risc-v/risc-v.srcs/sources_1/new/fetch_stage.sv:]
WARNING: [filemgmt 56-199] Attempt to get parsing info during refresh. "On-the-fly" syntax checking information may be incorrect. [/home/srn6/pprojs/risc-v/risc-v/risc-v.srcs/sources_1/new/top.sv:]
WARNING: [filemgmt 56-199] Attempt to get parsing info during refresh. "On-the-fly" syntax checking information may be incorrect. [/home/srn6/pprojs/risc-v/risc-v/risc-v.srcs/sources_1/new/main_memory.sv:]
WARNING: [filemgmt 56-199] Attempt to get parsing info during refresh. "On-the-fly" syntax checking information may be incorrect. [/home/srn6/pprojs/risc-v/risc-v/risc-v.srcs/sources_1/new/top.sv:]
WARNING: [filemgmt 56-199] Attempt to get parsing info during refresh. "On-the-fly" syntax checking information may be incorrect. [/home/srn6/pprojs/risc-v/risc-v/risc-v.srcs/sources_1/new/top.sv:]
open_run impl_1
Netlist sorting complete. Time (s): cpu = 00:00:00.02 ; elapsed = 00:00:00.02 . Memory (MB): peak = 12708.078 ; gain = 0.000 ; free physical = 1785 ; free virtual = 10831
INFO: [Netlist 29-17] Analyzing 142 Unisim elements for replacement
INFO: [Netlist 29-28] Unisim Transformation completed in 0 CPU seconds
INFO: [Project 1-479] Netlist was created with Vivado 2025.1
INFO: [Project 1-570] Preparing netlist for logic optimization
Read ShapeDB Complete: Time (s): cpu = 00:00:00 ; elapsed = 00:00:00.01 . Memory (MB): peak = 12708.078 ; gain = 0.000 ; free physical = 1786 ; free virtual = 10832
INFO: [Timing 38-478] Restoring timing data from binary archive.
INFO: [Timing 38-479] Binary timing data restore complete.
INFO: [Project 1-856] Restoring constraints from binary archive.
INFO: [Project 1-853] Binary constraint restore complete.
INFO: [Designutils 20-5722] Start Reading Physical Databases.
Reading placement.
Read Netlist Cache: Time (s): cpu = 00:00:00 ; elapsed = 00:00:00 . Memory (MB): peak = 12708.078 ; gain = 0.000 ; free physical = 1792 ; free virtual = 10838
Reading placer database...
Read Device Cache: Time (s): cpu = 00:00:00 ; elapsed = 00:00:00.01 . Memory (MB): peak = 12708.078 ; gain = 0.000 ; free physical = 1792 ; free virtual = 10838
Read PlaceDB: Time (s): cpu = 00:00:00.07 ; elapsed = 00:00:00.07 . Memory (MB): peak = 12708.078 ; gain = 0.000 ; free physical = 1792 ; free virtual = 10838
Read PulsedLatchDB: Time (s): cpu = 00:00:00 ; elapsed = 00:00:00 . Memory (MB): peak = 12708.078 ; gain = 0.000 ; free physical = 1792 ; free virtual = 10838
Reading routing.
Read RouteStorage: Time (s): cpu = 00:00:00.05 ; elapsed = 00:00:00.03 . Memory (MB): peak = 12708.078 ; gain = 0.000 ; free physical = 1792 ; free virtual = 10838
Read Physdb Files: Time (s): cpu = 00:00:00.13 ; elapsed = 00:00:00.11 . Memory (MB): peak = 12708.078 ; gain = 0.000 ; free physical = 1792 ; free virtual = 10838
Restored from archive | CPU: 0.140000 secs | Memory: 3.647545 MB |
Finished XDEF File Restore: Time (s): cpu = 00:00:00.13 ; elapsed = 00:00:00.11 . Memory (MB): peak = 12708.078 ; gain = 0.000 ; free physical = 1792 ; free virtual = 10838
Netlist sorting complete. Time (s): cpu = 00:00:00 ; elapsed = 00:00:00.01 . Memory (MB): peak = 12708.078 ; gain = 0.000 ; free physical = 1792 ; free virtual = 10838
INFO: [Project 1-111] Unisim Transformation Summary:
  A total of 14 instances were transformed.
  RAM32M => RAM32M (RAMD32(x6), RAMS32(x2)): 10 instances
  RAM32X1D => RAM32X1D (RAMD32(x2)): 4 instances

open_run: Time (s): cpu = 00:00:11 ; elapsed = 00:00:07 . Memory (MB): peak = 12755.148 ; gain = 47.070 ; free physical = 1785 ; free virtual = 10835
WARNING: [filemgmt 56-199] Attempt to get parsing info during refresh. "On-the-fly" syntax checking information may be incorrect. [/home/srn6/pprojs/risc-v/risc-v/risc-v.srcs/sources_1/new/rv_pipe_pkg.sv:]
WARNING: [filemgmt 56-199] Attempt to get parsing info during refresh. "On-the-fly" syntax checking information may be incorrect. [/home/srn6/pprojs/risc-v/risc-v/risc-v.srcs/sources_1/new/memory_stage.sv:]
WARNING: [filemgmt 56-199] Attempt to get parsing info during refresh. "On-the-fly" syntax checking information may be incorrect. [/home/srn6/pprojs/risc-v/risc-v/risc-v.srcs/sources_1/new/decode_stage.sv:]
WARNING: [filemgmt 56-199] Attempt to get parsing info during refresh. "On-the-fly" syntax checking information may be incorrect. [/home/srn6/pprojs/risc-v/risc-v/risc-v.srcs/sources_1/new/fetch_stage.sv:]
WARNING: [filemgmt 56-199] Attempt to get parsing info during refresh. "On-the-fly" syntax checking information may be incorrect. [/home/srn6/pprojs/risc-v/risc-v/risc-v.srcs/sources_1/new/top.sv:]
WARNING: [filemgmt 56-199] Attempt to get parsing info during refresh. "On-the-fly" syntax checking information may be incorrect. [/home/srn6/pprojs/risc-v/risc-v/risc-v.srcs/sources_1/new/main_memory.sv:]
WARNING: [filemgmt 56-199] Attempt to get parsing info during refresh. "On-the-fly" syntax checking information may be incorrect. [/home/srn6/pprojs/risc-v/risc-v/risc-v.srcs/sources_1/new/rv_pipe_pkg.sv:]
WARNING: [filemgmt 56-199] Attempt to get parsing info during refresh. "On-the-fly" syntax checking information may be incorrect. [/home/srn6/pprojs/risc-v/risc-v/risc-v.srcs/sources_1/new/rv_pipe_pkg.sv:]
WARNING: [filemgmt 56-199] Attempt to get parsing info during refresh. "On-the-fly" syntax checking information may be incorrect. [/home/srn6/pprojs/risc-v/risc-v/risc-v.srcs/sources_1/new/rv_pipe_pkg.sv:]
WARNING: [filemgmt 56-199] Attempt to get parsing info during refresh. "On-the-fly" syntax checking information may be incorrect. [/home/srn6/pprojs/risc-v/risc-v/risc-v.srcs/sources_1/new/memory_stage.sv:]
WARNING: [filemgmt 56-199] Attempt to get parsing info during refresh. "On-the-fly" syntax checking information may be incorrect. [/home/srn6/pprojs/risc-v/risc-v/risc-v.srcs/sources_1/new/decode_stage.sv:]
WARNING: [filemgmt 56-199] Attempt to get parsing info during refresh. "On-the-fly" syntax checking information may be incorrect. [/home/srn6/pprojs/risc-v/risc-v/risc-v.srcs/sources_1/new/fetch_stage.sv:]
WARNING: [filemgmt 56-199] Attempt to get parsing info during refresh. "On-the-fly" syntax checking information may be incorrect. [/home/srn6/pprojs/risc-v/risc-v/risc-v.srcs/sources_1/new/top.sv:]
WARNING: [filemgmt 56-199] Attempt to get parsing info during refresh. "On-the-fly" syntax checking information may be incorrect. [/home/srn6/pprojs/risc-v/risc-v/risc-v.srcs/sources_1/new/main_memory.sv:]
WARNING: [filemgmt 56-199] Attempt to get parsing info during refresh. "On-the-fly" syntax checking information may be incorrect. [/home/srn6/pprojs/risc-v/risc-v/risc-v.srcs/sources_1/new/fetch_stage.sv:]
WARNING: [filemgmt 56-199] Attempt to get parsing info during refresh. "On-the-fly" syntax checking information may be incorrect. [/home/srn6/pprojs/risc-v/risc-v/risc-v.srcs/sources_1/new/fetch_stage.sv:]
WARNING: [filemgmt 56-199] Attempt to get parsing info during refresh. "On-the-fly" syntax checking information may be incorrect. [/home/srn6/pprojs/risc-v/risc-v/risc-v.srcs/sources_1/new/rv_pipe_pkg.sv:]
WARNING: [filemgmt 56-199] Attempt to get parsing info during refresh. "On-the-fly" syntax checking information may be incorrect. [/home/srn6/pprojs/risc-v/risc-v/risc-v.srcs/sources_1/new/memory_stage.sv:]
WARNING: [filemgmt 56-199] Attempt to get parsing info during refresh. "On-the-fly" syntax checking information may be incorrect. [/home/srn6/pprojs/risc-v/risc-v/risc-v.srcs/sources_1/new/decode_stage.sv:]
WARNING: [filemgmt 56-199] Attempt to get parsing info during refresh. "On-the-fly" syntax checking information may be incorrect. [/home/srn6/pprojs/risc-v/risc-v/risc-v.srcs/sources_1/new/fetch_stage.sv:]
INFO: [Common 17-14] Message 'filemgmt 56-199' appears 100 times and further instances of the messages will be disabled. Use the Tcl command set_msg_config to change the current settings.
WARNING: [filemgmt 56-199] Attempt to get parsing info during refresh. "On-the-fly" syntax checking information may be incorrect. [/home/srn6/pprojs/risc-v/risc-v/risc-v.srcs/sources_1/new/rv_pipe_pkg.sv:]
WARNING: [filemgmt 56-199] Attempt to get parsing info during refresh. "On-the-fly" syntax checking information may be incorrect. [/home/srn6/pprojs/risc-v/risc-v/risc-v.srcs/sources_1/new/memory_stage.sv:]
WARNING: [filemgmt 56-199] Attempt to get parsing info during refresh. "On-the-fly" syntax checking information may be incorrect. [/home/srn6/pprojs/risc-v/risc-v/risc-v.srcs/sources_1/new/decode_stage.sv:]
WARNING: [filemgmt 56-199] Attempt to get parsing info during refresh. "On-the-fly" syntax checking information may be incorrect. [/home/srn6/pprojs/risc-v/risc-v/risc-v.srcs/sources_1/new/fetch_stage.sv:]
WARNING: [filemgmt 56-199] Attempt to get parsing info during refresh. "On-the-fly" syntax checking information may be incorrect. [/home/srn6/pprojs/risc-v/risc-v/risc-v.srcs/sources_1/new/top.sv:]
WARNING: [filemgmt 56-199] Attempt to get parsing info during refresh. "On-the-fly" syntax checking information may be incorrect. [/home/srn6/pprojs/risc-v/risc-v/risc-v.srcs/sources_1/new/main_memory.sv:]
WARNING: [filemgmt 56-199] Attempt to get parsing info during refresh. "On-the-fly" syntax checking information may be incorrect. [/home/srn6/pprojs/risc-v/risc-v/risc-v.srcs/sources_1/new/rv_pipe_pkg.sv:]
WARNING: [filemgmt 56-199] Attempt to get parsing info during refresh. "On-the-fly" syntax checking information may be incorrect. [/home/srn6/pprojs/risc-v/risc-v/risc-v.srcs/sources_1/new/rv_pipe_pkg.sv:]
WARNING: [filemgmt 56-199] Attempt to get parsing info during refresh. "On-the-fly" syntax checking information may be incorrect. [/home/srn6/pprojs/risc-v/risc-v/risc-v.srcs/sources_1/new/rv_pipe_pkg.sv:]
WARNING: [filemgmt 56-199] Attempt to get parsing info during refresh. "On-the-fly" syntax checking information may be incorrect. [/home/srn6/pprojs/risc-v/risc-v/risc-v.srcs/sources_1/new/memory_stage.sv:]
WARNING: [filemgmt 56-199] Attempt to get parsing info during refresh. "On-the-fly" syntax checking information may be incorrect. [/home/srn6/pprojs/risc-v/risc-v/risc-v.srcs/sources_1/new/decode_stage.sv:]
WARNING: [filemgmt 56-199] Attempt to get parsing info during refresh. "On-the-fly" syntax checking information may be incorrect. [/home/srn6/pprojs/risc-v/risc-v/risc-v.srcs/sources_1/new/fetch_stage.sv:]
WARNING: [filemgmt 56-199] Attempt to get parsing info during refresh. "On-the-fly" syntax checking information may be incorrect. [/home/srn6/pprojs/risc-v/risc-v/risc-v.srcs/sources_1/new/top.sv:]
WARNING: [filemgmt 56-199] Attempt to get parsing info during refresh. "On-the-fly" syntax checking information may be incorrect. [/home/srn6/pprojs/risc-v/risc-v/risc-v.srcs/sources_1/new/main_memory.sv:]
WARNING: [filemgmt 56-199] Attempt to get parsing info during refresh. "On-the-fly" syntax checking information may be incorrect. [/home/srn6/pprojs/risc-v/risc-v/risc-v.srcs/sources_1/new/decode_stage.sv:]
WARNING: [filemgmt 56-199] Attempt to get parsing info during refresh. "On-the-fly" syntax checking information may be incorrect. [/home/srn6/pprojs/risc-v/risc-v/risc-v.srcs/sources_1/new/decode_stage.sv:]
WARNING: [filemgmt 56-199] Attempt to get parsing info during refresh. "On-the-fly" syntax checking information may be incorrect. [/home/srn6/pprojs/risc-v/risc-v/risc-v.srcs/sources_1/new/rv_pipe_pkg.sv:]
WARNING: [filemgmt 56-199] Attempt to get parsing info during refresh. "On-the-fly" syntax checking information may be incorrect. [/home/srn6/pprojs/risc-v/risc-v/risc-v.srcs/sources_1/new/memory_stage.sv:]
WARNING: [filemgmt 56-199] Attempt to get parsing info during refresh. "On-the-fly" syntax checking information may be incorrect. [/home/srn6/pprojs/risc-v/risc-v/risc-v.srcs/sources_1/new/decode_stage.sv:]
WARNING: [filemgmt 56-199] Attempt to get parsing info during refresh. "On-the-fly" syntax checking information may be incorrect. [/home/srn6/pprojs/risc-v/risc-v/risc-v.srcs/sources_1/new/fetch_stage.sv:]
WARNING: [filemgmt 56-199] Attempt to get parsing info during refresh. "On-the-fly" syntax checking information may be incorrect. [/home/srn6/pprojs/risc-v/risc-v/risc-v.srcs/sources_1/new/top.sv:]
WARNING: [filemgmt 56-199] Attempt to get parsing info during refresh. "On-the-fly" syntax checking information may be incorrect. [/home/srn6/pprojs/risc-v/risc-v/risc-v.srcs/sources_1/new/main_memory.sv:]
WARNING: [filemgmt 56-199] Attempt to get parsing info during refresh. "On-the-fly" syntax checking information may be incorrect. [/home/srn6/pprojs/risc-v/risc-v/risc-v.srcs/sources_1/new/fetch_stage.sv:]
WARNING: [filemgmt 56-199] Attempt to get parsing info during refresh. "On-the-fly" syntax checking information may be incorrect. [/home/srn6/pprojs/risc-v/risc-v/risc-v.srcs/sources_1/new/fetch_stage.sv:]
WARNING: [filemgmt 56-199] Attempt to get parsing info during refresh. "On-the-fly" syntax checking information may be incorrect. [/home/srn6/pprojs/risc-v/risc-v/risc-v.srcs/sources_1/new/rv_pipe_pkg.sv:]
WARNING: [filemgmt 56-199] Attempt to get parsing info during refresh. "On-the-fly" syntax checking information may be incorrect. [/home/srn6/pprojs/risc-v/risc-v/risc-v.srcs/sources_1/new/memory_stage.sv:]
WARNING: [filemgmt 56-199] Attempt to get parsing info during refresh. "On-the-fly" syntax checking information may be incorrect. [/home/srn6/pprojs/risc-v/risc-v/risc-v.srcs/sources_1/new/decode_stage.sv:]
WARNING: [filemgmt 56-199] Attempt to get parsing info during refresh. "On-the-fly" syntax checking information may be incorrect. [/home/srn6/pprojs/risc-v/risc-v/risc-v.srcs/sources_1/new/fetch_stage.sv:]
WARNING: [filemgmt 56-199] Attempt to get parsing info during refresh. "On-the-fly" syntax checking information may be incorrect. [/home/srn6/pprojs/risc-v/risc-v/risc-v.srcs/sources_1/new/top.sv:]
WARNING: [filemgmt 56-199] Attempt to get parsing info during refresh. "On-the-fly" syntax checking information may be incorrect. [/home/srn6/pprojs/risc-v/risc-v/risc-v.srcs/sources_1/new/main_memory.sv:]
WARNING: [filemgmt 56-199] Attempt to get parsing info during refresh. "On-the-fly" syntax checking information may be incorrect. [/home/srn6/pprojs/risc-v/risc-v/risc-v.srcs/sources_1/new/main_memory.sv:]
WARNING: [filemgmt 56-199] Attempt to get parsing info during refresh. "On-the-fly" syntax checking information may be incorrect. [/home/srn6/pprojs/risc-v/risc-v/risc-v.srcs/sources_1/new/main_memory.sv:]
WARNING: [filemgmt 56-199] Attempt to get parsing info during refresh. "On-the-fly" syntax checking information may be incorrect. [/home/srn6/pprojs/risc-v/risc-v/risc-v.srcs/sources_1/new/rv_pipe_pkg.sv:]
WARNING: [filemgmt 56-199] Attempt to get parsing info during refresh. "On-the-fly" syntax checking information may be incorrect. [/home/srn6/pprojs/risc-v/risc-v/risc-v.srcs/sources_1/new/memory_stage.sv:]
WARNING: [filemgmt 56-199] Attempt to get parsing info during refresh. "On-the-fly" syntax checking information may be incorrect. [/home/srn6/pprojs/risc-v/risc-v/risc-v.srcs/sources_1/new/decode_stage.sv:]
WARNING: [filemgmt 56-199] Attempt to get parsing info during refresh. "On-the-fly" syntax checking information may be incorrect. [/home/srn6/pprojs/risc-v/risc-v/risc-v.srcs/sources_1/new/fetch_stage.sv:]
WARNING: [filemgmt 56-199] Attempt to get parsing info during refresh. "On-the-fly" syntax checking information may be incorrect. [/home/srn6/pprojs/risc-v/risc-v/risc-v.srcs/sources_1/new/top.sv:]
WARNING: [filemgmt 56-199] Attempt to get parsing info during refresh. "On-the-fly" syntax checking information may be incorrect. [/home/srn6/pprojs/risc-v/risc-v/risc-v.srcs/sources_1/new/main_memory.sv:]
WARNING: [filemgmt 56-199] Attempt to get parsing info during refresh. "On-the-fly" syntax checking information may be incorrect. [/home/srn6/pprojs/risc-v/risc-v/risc-v.srcs/sources_1/new/top.sv:]
WARNING: [filemgmt 56-199] Attempt to get parsing info during refresh. "On-the-fly" syntax checking information may be incorrect. [/home/srn6/pprojs/risc-v/risc-v/risc-v.srcs/sources_1/new/top.sv:]
reset_run synth_1
INFO: [Project 1-1161] Replacing file /home/srn6/pprojs/risc-v/risc-v/risc-v.srcs/utils_1/imports/synth_1/instruction_memory.dcp with file /home/srn6/pprojs/risc-v/risc-v/risc-v.runs/synth_1/top.dcp
WARNING: [filemgmt 56-199] Attempt to get parsing info during refresh. "On-the-fly" syntax checking information may be incorrect. [/home/srn6/pprojs/risc-v/risc-v/risc-v.srcs/sources_1/new/rv_pipe_pkg.sv:]
WARNING: [filemgmt 56-199] Attempt to get parsing info during refresh. "On-the-fly" syntax checking information may be incorrect. [/home/srn6/pprojs/risc-v/risc-v/risc-v.srcs/sources_1/new/memory_stage.sv:]
WARNING: [filemgmt 56-199] Attempt to get parsing info during refresh. "On-the-fly" syntax checking information may be incorrect. [/home/srn6/pprojs/risc-v/risc-v/risc-v.srcs/sources_1/new/decode_stage.sv:]
WARNING: [filemgmt 56-199] Attempt to get parsing info during refresh. "On-the-fly" syntax checking information may be incorrect. [/home/srn6/pprojs/risc-v/risc-v/risc-v.srcs/sources_1/new/fetch_stage.sv:]
WARNING: [filemgmt 56-199] Attempt to get parsing info during refresh. "On-the-fly" syntax checking information may be incorrect. [/home/srn6/pprojs/risc-v/risc-v/risc-v.srcs/sources_1/new/top.sv:]
WARNING: [filemgmt 56-199] Attempt to get parsing info during refresh. "On-the-fly" syntax checking information may be incorrect. [/home/srn6/pprojs/risc-v/risc-v/risc-v.srcs/sources_1/new/main_memory.sv:]
WARNING: [filemgmt 56-199] Attempt to get parsing info during refresh. "On-the-fly" syntax checking information may be incorrect. [/home/srn6/pprojs/risc-v/risc-v/risc-v.srcs/sources_1/new/top.sv:]
WARNING: [filemgmt 56-199] Attempt to get parsing info during refresh. "On-the-fly" syntax checking information may be incorrect. [/home/srn6/pprojs/risc-v/risc-v/risc-v.srcs/sources_1/new/top.sv:]
WARNING: [filemgmt 56-199] Attempt to get parsing info during refresh. "On-the-fly" syntax checking information may be incorrect. [/home/srn6/pprojs/risc-v/risc-v/risc-v.srcs/sources_1/new/rv_pipe_pkg.sv:]
WARNING: [filemgmt 56-199] Attempt to get parsing info during refresh. "On-the-fly" syntax checking information may be incorrect. [/home/srn6/pprojs/risc-v/risc-v/risc-v.srcs/sources_1/new/memory_stage.sv:]
WARNING: [filemgmt 56-199] Attempt to get parsing info during refresh. "On-the-fly" syntax checking information may be incorrect. [/home/srn6/pprojs/risc-v/risc-v/risc-v.srcs/sources_1/new/decode_stage.sv:]
WARNING: [filemgmt 56-199] Attempt to get parsing info during refresh. "On-the-fly" syntax checking information may be incorrect. [/home/srn6/pprojs/risc-v/risc-v/risc-v.srcs/sources_1/new/fetch_stage.sv:]
WARNING: [filemgmt 56-199] Attempt to get parsing info during refresh. "On-the-fly" syntax checking information may be incorrect. [/home/srn6/pprojs/risc-v/risc-v/risc-v.srcs/sources_1/new/top.sv:]
WARNING: [filemgmt 56-199] Attempt to get parsing info during refresh. "On-the-fly" syntax checking information may be incorrect. [/home/srn6/pprojs/risc-v/risc-v/risc-v.srcs/sources_1/new/main_memory.sv:]
WARNING: [filemgmt 56-199] Attempt to get parsing info during refresh. "On-the-fly" syntax checking information may be incorrect. [/home/srn6/pprojs/risc-v/risc-v/risc-v.srcs/sources_1/new/rv_pipe_pkg.sv:]
WARNING: [filemgmt 56-199] Attempt to get parsing info during refresh. "On-the-fly" syntax checking information may be incorrect. [/home/srn6/pprojs/risc-v/risc-v/risc-v.srcs/sources_1/new/rv_pipe_pkg.sv:]
WARNING: [filemgmt 56-199] Attempt to get parsing info during refresh. "On-the-fly" syntax checking information may be incorrect. [/home/srn6/pprojs/risc-v/risc-v/risc-v.srcs/sources_1/new/rv_pipe_pkg.sv:]
WARNING: [filemgmt 56-199] Attempt to get parsing info during refresh. "On-the-fly" syntax checking information may be incorrect. [/home/srn6/pprojs/risc-v/risc-v/risc-v.srcs/sources_1/new/memory_stage.sv:]
WARNING: [filemgmt 56-199] Attempt to get parsing info during refresh. "On-the-fly" syntax checking information may be incorrect. [/home/srn6/pprojs/risc-v/risc-v/risc-v.srcs/sources_1/new/decode_stage.sv:]
WARNING: [filemgmt 56-199] Attempt to get parsing info during refresh. "On-the-fly" syntax checking information may be incorrect. [/home/srn6/pprojs/risc-v/risc-v/risc-v.srcs/sources_1/new/fetch_stage.sv:]
WARNING: [filemgmt 56-199] Attempt to get parsing info during refresh. "On-the-fly" syntax checking information may be incorrect. [/home/srn6/pprojs/risc-v/risc-v/risc-v.srcs/sources_1/new/top.sv:]
WARNING: [filemgmt 56-199] Attempt to get parsing info during refresh. "On-the-fly" syntax checking information may be incorrect. [/home/srn6/pprojs/risc-v/risc-v/risc-v.srcs/sources_1/new/main_memory.sv:]
WARNING: [filemgmt 56-199] Attempt to get parsing info during refresh. "On-the-fly" syntax checking information may be incorrect. [/home/srn6/pprojs/risc-v/risc-v/risc-v.srcs/sources_1/new/memory_stage.sv:]
WARNING: [filemgmt 56-199] Attempt to get parsing info during refresh. "On-the-fly" syntax checking information may be incorrect. [/home/srn6/pprojs/risc-v/risc-v/risc-v.srcs/sources_1/new/memory_stage.sv:]
WARNING: [filemgmt 56-199] Attempt to get parsing info during refresh. "On-the-fly" syntax checking information may be incorrect. [/home/srn6/pprojs/risc-v/risc-v/risc-v.srcs/sources_1/new/rv_pipe_pkg.sv:]
WARNING: [filemgmt 56-199] Attempt to get parsing info during refresh. "On-the-fly" syntax checking information may be incorrect. [/home/srn6/pprojs/risc-v/risc-v/risc-v.srcs/sources_1/new/memory_stage.sv:]
WARNING: [filemgmt 56-199] Attempt to get parsing info during refresh. "On-the-fly" syntax checking information may be incorrect. [/home/srn6/pprojs/risc-v/risc-v/risc-v.srcs/sources_1/new/decode_stage.sv:]
WARNING: [filemgmt 56-199] Attempt to get parsing info during refresh. "On-the-fly" syntax checking information may be incorrect. [/home/srn6/pprojs/risc-v/risc-v/risc-v.srcs/sources_1/new/fetch_stage.sv:]
WARNING: [filemgmt 56-199] Attempt to get parsing info during refresh. "On-the-fly" syntax checking information may be incorrect. [/home/srn6/pprojs/risc-v/risc-v/risc-v.srcs/sources_1/new/top.sv:]
WARNING: [filemgmt 56-199] Attempt to get parsing info during refresh. "On-the-fly" syntax checking information may be incorrect. [/home/srn6/pprojs/risc-v/risc-v/risc-v.srcs/sources_1/new/main_memory.sv:]
WARNING: [filemgmt 56-199] Attempt to get parsing info during refresh. "On-the-fly" syntax checking information may be incorrect. [/home/srn6/pprojs/risc-v/risc-v/risc-v.srcs/sources_1/new/fetch_stage.sv:]
WARNING: [filemgmt 56-199] Attempt to get parsing info during refresh. "On-the-fly" syntax checking information may be incorrect. [/home/srn6/pprojs/risc-v/risc-v/risc-v.srcs/sources_1/new/fetch_stage.sv:]
launch_runs impl_1 -jobs 6
INFO: [Vivado 12-4149] The synthesis checkpoint for IP '/home/srn6/pprojs/risc-v/risc-v/risc-v.srcs/sources_1/ip/blk_mem_gen_0_1/blk_mem_gen_0.xci' is already up-to-date
WARNING: [filemgmt 56-199] Attempt to get parsing info during refresh. "On-the-fly" syntax checking information may be incorrect. [/home/srn6/pprojs/risc-v/risc-v/risc-v.srcs/sources_1/new/rv_pipe_pkg.sv:]
WARNING: [filemgmt 56-199] Attempt to get parsing info during refresh. "On-the-fly" syntax checking information may be incorrect. [/home/srn6/pprojs/risc-v/risc-v/risc-v.srcs/sources_1/new/memory_stage.sv:]
WARNING: [filemgmt 56-199] Attempt to get parsing info during refresh. "On-the-fly" syntax checking information may be incorrect. [/home/srn6/pprojs/risc-v/risc-v/risc-v.srcs/sources_1/new/decode_stage.sv:]
WARNING: [filemgmt 56-199] Attempt to get parsing info during refresh. "On-the-fly" syntax checking information may be incorrect. [/home/srn6/pprojs/risc-v/risc-v/risc-v.srcs/sources_1/new/fetch_stage.sv:]
WARNING: [filemgmt 56-199] Attempt to get parsing info during refresh. "On-the-fly" syntax checking information may be incorrect. [/home/srn6/pprojs/risc-v/risc-v/risc-v.srcs/sources_1/new/top.sv:]
WARNING: [filemgmt 56-199] Attempt to get parsing info during refresh. "On-the-fly" syntax checking information may be incorrect. [/home/srn6/pprojs/risc-v/risc-v/risc-v.srcs/sources_1/new/main_memory.sv:]
WARNING: [filemgmt 56-199] Attempt to get parsing info during refresh. "On-the-fly" syntax checking information may be incorrect. [/home/srn6/pprojs/risc-v/risc-v/risc-v.srcs/sources_1/new/decode_stage.sv:]
WARNING: [filemgmt 56-199] Attempt to get parsing info during refresh. "On-the-fly" syntax checking information may be incorrect. [/home/srn6/pprojs/risc-v/risc-v/risc-v.srcs/sources_1/new/decode_stage.sv:]
[Mon Mar  9 22:18:17 2026] Launched synth_1...
Run output will be captured here: /home/srn6/pprojs/risc-v/risc-v/risc-v.runs/synth_1/runme.log
[Mon Mar  9 22:18:17 2026] Launched impl_1...
Run output will be captured here: /home/srn6/pprojs/risc-v/risc-v/risc-v.runs/impl_1/runme.log
close_design
WARNING: [filemgmt 56-199] Attempt to get parsing info during refresh. "On-the-fly" syntax checking information may be incorrect. [/home/srn6/pprojs/risc-v/risc-v/risc-v.srcs/sources_1/new/rv_pipe_pkg.sv:]
WARNING: [filemgmt 56-199] Attempt to get parsing info during refresh. "On-the-fly" syntax checking information may be incorrect. [/home/srn6/pprojs/risc-v/risc-v/risc-v.srcs/sources_1/new/memory_stage.sv:]
WARNING: [filemgmt 56-199] Attempt to get parsing info during refresh. "On-the-fly" syntax checking information may be incorrect. [/home/srn6/pprojs/risc-v/risc-v/risc-v.srcs/sources_1/new/decode_stage.sv:]
WARNING: [filemgmt 56-199] Attempt to get parsing info during refresh. "On-the-fly" syntax checking information may be incorrect. [/home/srn6/pprojs/risc-v/risc-v/risc-v.srcs/sources_1/new/fetch_stage.sv:]
WARNING: [filemgmt 56-199] Attempt to get parsing info during refresh. "On-the-fly" syntax checking information may be incorrect. [/home/srn6/pprojs/risc-v/risc-v/risc-v.srcs/sources_1/new/top.sv:]
WARNING: [filemgmt 56-199] Attempt to get parsing info during refresh. "On-the-fly" syntax checking information may be incorrect. [/home/srn6/pprojs/risc-v/risc-v/risc-v.srcs/sources_1/new/main_memory.sv:]
WARNING: [filemgmt 56-199] Attempt to get parsing info during refresh. "On-the-fly" syntax checking information may be incorrect. [/home/srn6/pprojs/risc-v/risc-v/risc-v.srcs/sources_1/new/rv_pipe_pkg.sv:]
WARNING: [filemgmt 56-199] Attempt to get parsing info during refresh. "On-the-fly" syntax checking information may be incorrect. [/home/srn6/pprojs/risc-v/risc-v/risc-v.srcs/sources_1/new/rv_pipe_pkg.sv:]
WARNING: [filemgmt 56-199] Attempt to get parsing info during refresh. "On-the-fly" syntax checking information may be incorrect. [/home/srn6/pprojs/risc-v/risc-v/risc-v.srcs/sources_1/new/rv_pipe_pkg.sv:]
WARNING: [filemgmt 56-199] Attempt to get parsing info during refresh. "On-the-fly" syntax checking information may be incorrect. [/home/srn6/pprojs/risc-v/risc-v/risc-v.srcs/sources_1/new/memory_stage.sv:]
WARNING: [filemgmt 56-199] Attempt to get parsing info during refresh. "On-the-fly" syntax checking information may be incorrect. [/home/srn6/pprojs/risc-v/risc-v/risc-v.srcs/sources_1/new/decode_stage.sv:]
WARNING: [filemgmt 56-199] Attempt to get parsing info during refresh. "On-the-fly" syntax checking information may be incorrect. [/home/srn6/pprojs/risc-v/risc-v/risc-v.srcs/sources_1/new/fetch_stage.sv:]
WARNING: [filemgmt 56-199] Attempt to get parsing info during refresh. "On-the-fly" syntax checking information may be incorrect. [/home/srn6/pprojs/risc-v/risc-v/risc-v.srcs/sources_1/new/top.sv:]
WARNING: [filemgmt 56-199] Attempt to get parsing info during refresh. "On-the-fly" syntax checking information may be incorrect. [/home/srn6/pprojs/risc-v/risc-v/risc-v.srcs/sources_1/new/main_memory.sv:]
WARNING: [filemgmt 56-199] Attempt to get parsing info during refresh. "On-the-fly" syntax checking information may be incorrect. [/home/srn6/pprojs/risc-v/risc-v/risc-v.srcs/sources_1/new/decode_stage.sv:]
WARNING: [filemgmt 56-199] Attempt to get parsing info during refresh. "On-the-fly" syntax checking information may be incorrect. [/home/srn6/pprojs/risc-v/risc-v/risc-v.srcs/sources_1/new/decode_stage.sv:]
WARNING: [filemgmt 56-199] Attempt to get parsing info during refresh. "On-the-fly" syntax checking information may be incorrect. [/home/srn6/pprojs/risc-v/risc-v/risc-v.srcs/sources_1/new/rv_pipe_pkg.sv:]
WARNING: [filemgmt 56-199] Attempt to get parsing info during refresh. "On-the-fly" syntax checking information may be incorrect. [/home/srn6/pprojs/risc-v/risc-v/risc-v.srcs/sources_1/new/memory_stage.sv:]
WARNING: [filemgmt 56-199] Attempt to get parsing info during refresh. "On-the-fly" syntax checking information may be incorrect. [/home/srn6/pprojs/risc-v/risc-v/risc-v.srcs/sources_1/new/decode_stage.sv:]
WARNING: [filemgmt 56-199] Attempt to get parsing info during refresh. "On-the-fly" syntax checking information may be incorrect. [/home/srn6/pprojs/risc-v/risc-v/risc-v.srcs/sources_1/new/fetch_stage.sv:]
WARNING: [filemgmt 56-199] Attempt to get parsing info during refresh. "On-the-fly" syntax checking information may be incorrect. [/home/srn6/pprojs/risc-v/risc-v/risc-v.srcs/sources_1/new/top.sv:]
WARNING: [filemgmt 56-199] Attempt to get parsing info during refresh. "On-the-fly" syntax checking information may be incorrect. [/home/srn6/pprojs/risc-v/risc-v/risc-v.srcs/sources_1/new/main_memory.sv:]
WARNING: [filemgmt 56-199] Attempt to get parsing info during refresh. "On-the-fly" syntax checking information may be incorrect. [/home/srn6/pprojs/risc-v/risc-v/risc-v.srcs/sources_1/new/main_memory.sv:]
WARNING: [filemgmt 56-199] Attempt to get parsing info during refresh. "On-the-fly" syntax checking information may be incorrect. [/home/srn6/pprojs/risc-v/risc-v/risc-v.srcs/sources_1/new/main_memory.sv:]
WARNING: [filemgmt 56-199] Attempt to get parsing info during refresh. "On-the-fly" syntax checking information may be incorrect. [/home/srn6/pprojs/risc-v/risc-v/risc-v.srcs/sources_1/new/rv_pipe_pkg.sv:]
WARNING: [filemgmt 56-199] Attempt to get parsing info during refresh. "On-the-fly" syntax checking information may be incorrect. [/home/srn6/pprojs/risc-v/risc-v/risc-v.srcs/sources_1/new/memory_stage.sv:]
WARNING: [filemgmt 56-199] Attempt to get parsing info during refresh. "On-the-fly" syntax checking information may be incorrect. [/home/srn6/pprojs/risc-v/risc-v/risc-v.srcs/sources_1/new/decode_stage.sv:]
WARNING: [filemgmt 56-199] Attempt to get parsing info during refresh. "On-the-fly" syntax checking information may be incorrect. [/home/srn6/pprojs/risc-v/risc-v/risc-v.srcs/sources_1/new/fetch_stage.sv:]
WARNING: [filemgmt 56-199] Attempt to get parsing info during refresh. "On-the-fly" syntax checking information may be incorrect. [/home/srn6/pprojs/risc-v/risc-v/risc-v.srcs/sources_1/new/top.sv:]
WARNING: [filemgmt 56-199] Attempt to get parsing info during refresh. "On-the-fly" syntax checking information may be incorrect. [/home/srn6/pprojs/risc-v/risc-v/risc-v.srcs/sources_1/new/main_memory.sv:]
WARNING: [filemgmt 56-199] Attempt to get parsing info during refresh. "On-the-fly" syntax checking information may be incorrect. [/home/srn6/pprojs/risc-v/risc-v/risc-v.srcs/sources_1/new/memory_stage.sv:]
WARNING: [filemgmt 56-199] Attempt to get parsing info during refresh. "On-the-fly" syntax checking information may be incorrect. [/home/srn6/pprojs/risc-v/risc-v/risc-v.srcs/sources_1/new/memory_stage.sv:]
WARNING: [filemgmt 56-199] Attempt to get parsing info during refresh. "On-the-fly" syntax checking information may be incorrect. [/home/srn6/pprojs/risc-v/risc-v/risc-v.srcs/sources_1/new/rv_pipe_pkg.sv:]
WARNING: [filemgmt 56-199] Attempt to get parsing info during refresh. "On-the-fly" syntax checking information may be incorrect. [/home/srn6/pprojs/risc-v/risc-v/risc-v.srcs/sources_1/new/memory_stage.sv:]
WARNING: [filemgmt 56-199] Attempt to get parsing info during refresh. "On-the-fly" syntax checking information may be incorrect. [/home/srn6/pprojs/risc-v/risc-v/risc-v.srcs/sources_1/new/decode_stage.sv:]
WARNING: [filemgmt 56-199] Attempt to get parsing info during refresh. "On-the-fly" syntax checking information may be incorrect. [/home/srn6/pprojs/risc-v/risc-v/risc-v.srcs/sources_1/new/fetch_stage.sv:]
WARNING: [filemgmt 56-199] Attempt to get parsing info during refresh. "On-the-fly" syntax checking information may be incorrect. [/home/srn6/pprojs/risc-v/risc-v/risc-v.srcs/sources_1/new/top.sv:]
WARNING: [filemgmt 56-199] Attempt to get parsing info during refresh. "On-the-fly" syntax checking information may be incorrect. [/home/srn6/pprojs/risc-v/risc-v/risc-v.srcs/sources_1/new/main_memory.sv:]
WARNING: [filemgmt 56-199] Attempt to get parsing info during refresh. "On-the-fly" syntax checking information may be incorrect. [/home/srn6/pprojs/risc-v/risc-v/risc-v.srcs/sources_1/new/top.sv:]
WARNING: [filemgmt 56-199] Attempt to get parsing info during refresh. "On-the-fly" syntax checking information may be incorrect. [/home/srn6/pprojs/risc-v/risc-v/risc-v.srcs/sources_1/new/top.sv:]
reset_run synth_1
launch_runs impl_1 -jobs 6
INFO: [Vivado 12-4149] The synthesis checkpoint for IP '/home/srn6/pprojs/risc-v/risc-v/risc-v.srcs/sources_1/ip/blk_mem_gen_0_1/blk_mem_gen_0.xci' is already up-to-date
[Mon Mar  9 22:19:46 2026] Launched synth_1...
Run output will be captured here: /home/srn6/pprojs/risc-v/risc-v/risc-v.runs/synth_1/runme.log
[Mon Mar  9 22:19:46 2026] Launched impl_1...
Run output will be captured here: /home/srn6/pprojs/risc-v/risc-v/risc-v.runs/impl_1/runme.log
open_run impl_1
Netlist sorting complete. Time (s): cpu = 00:00:00 ; elapsed = 00:00:00 . Memory (MB): peak = 12771.148 ; gain = 0.000 ; free physical = 3849 ; free virtual = 12892
INFO: [Project 1-479] Netlist was created with Vivado 2025.1
INFO: [Project 1-570] Preparing netlist for logic optimization
Read ShapeDB Complete: Time (s): cpu = 00:00:00 ; elapsed = 00:00:00 . Memory (MB): peak = 12771.148 ; gain = 0.000 ; free physical = 3850 ; free virtual = 12892
INFO: [Timing 38-478] Restoring timing data from binary archive.
INFO: [Timing 38-479] Binary timing data restore complete.
INFO: [Project 1-856] Restoring constraints from binary archive.
INFO: [Project 1-853] Binary constraint restore complete.
INFO: [Designutils 20-5722] Start Reading Physical Databases.
Reading placement.
Read Netlist Cache: Time (s): cpu = 00:00:00 ; elapsed = 00:00:00 . Memory (MB): peak = 12771.148 ; gain = 0.000 ; free physical = 3849 ; free virtual = 12892
Reading placer database...
Read Device Cache: Time (s): cpu = 00:00:00 ; elapsed = 00:00:00 . Memory (MB): peak = 12771.148 ; gain = 0.000 ; free physical = 3849 ; free virtual = 12892
Read PlaceDB: Time (s): cpu = 00:00:00 ; elapsed = 00:00:00.01 . Memory (MB): peak = 12771.148 ; gain = 0.000 ; free physical = 3849 ; free virtual = 12892
Read PulsedLatchDB: Time (s): cpu = 00:00:00 ; elapsed = 00:00:00 . Memory (MB): peak = 12771.148 ; gain = 0.000 ; free physical = 3849 ; free virtual = 12892
Reading routing.
Read RouteStorage: Time (s): cpu = 00:00:00 ; elapsed = 00:00:00 . Memory (MB): peak = 12771.148 ; gain = 0.000 ; free physical = 3849 ; free virtual = 12892
Read Physdb Files: Time (s): cpu = 00:00:00.01 ; elapsed = 00:00:00.02 . Memory (MB): peak = 12771.148 ; gain = 0.000 ; free physical = 3849 ; free virtual = 12892
Restored from archive | CPU: 0.010000 secs | Memory: 0.060211 MB |
Finished XDEF File Restore: Time (s): cpu = 00:00:00.01 ; elapsed = 00:00:00.02 . Memory (MB): peak = 12771.148 ; gain = 0.000 ; free physical = 3849 ; free virtual = 12892
Netlist sorting complete. Time (s): cpu = 00:00:00 ; elapsed = 00:00:00 . Memory (MB): peak = 12771.148 ; gain = 0.000 ; free physical = 3849 ; free virtual = 12892
INFO: [Project 1-111] Unisim Transformation Summary:
No Unisim elements were transformed.

open_run: Time (s): cpu = 00:00:07 ; elapsed = 00:00:06 . Memory (MB): peak = 12791.172 ; gain = 20.023 ; free physical = 3828 ; free virtual = 12875
WARNING: [filemgmt 56-199] Attempt to get parsing info during refresh. "On-the-fly" syntax checking information may be incorrect. [/home/srn6/pprojs/risc-v/risc-v/risc-v.srcs/sources_1/new/rv_pipe_pkg.sv:]
WARNING: [filemgmt 56-199] Attempt to get parsing info during refresh. "On-the-fly" syntax checking information may be incorrect. [/home/srn6/pprojs/risc-v/risc-v/risc-v.srcs/sources_1/new/memory_stage.sv:]
WARNING: [filemgmt 56-199] Attempt to get parsing info during refresh. "On-the-fly" syntax checking information may be incorrect. [/home/srn6/pprojs/risc-v/risc-v/risc-v.srcs/sources_1/new/decode_stage.sv:]
WARNING: [filemgmt 56-199] Attempt to get parsing info during refresh. "On-the-fly" syntax checking information may be incorrect. [/home/srn6/pprojs/risc-v/risc-v/risc-v.srcs/sources_1/new/fetch_stage.sv:]
WARNING: [filemgmt 56-199] Attempt to get parsing info during refresh. "On-the-fly" syntax checking information may be incorrect. [/home/srn6/pprojs/risc-v/risc-v/risc-v.srcs/sources_1/new/top.sv:]
WARNING: [filemgmt 56-199] Attempt to get parsing info during refresh. "On-the-fly" syntax checking information may be incorrect. [/home/srn6/pprojs/risc-v/risc-v/risc-v.srcs/sources_1/new/main_memory.sv:]
WARNING: [filemgmt 56-199] Attempt to get parsing info during refresh. "On-the-fly" syntax checking information may be incorrect. [/home/srn6/pprojs/risc-v/risc-v/risc-v.srcs/sources_1/new/top.sv:]
WARNING: [filemgmt 56-199] Attempt to get parsing info during refresh. "On-the-fly" syntax checking information may be incorrect. [/home/srn6/pprojs/risc-v/risc-v/risc-v.srcs/sources_1/new/top.sv:]
WARNING: [filemgmt 56-199] Attempt to get parsing info during refresh. "On-the-fly" syntax checking information may be incorrect. [/home/srn6/pprojs/risc-v/risc-v/risc-v.srcs/sources_1/new/rv_pipe_pkg.sv:]
WARNING: [filemgmt 56-199] Attempt to get parsing info during refresh. "On-the-fly" syntax checking information may be incorrect. [/home/srn6/pprojs/risc-v/risc-v/risc-v.srcs/sources_1/new/memory_stage.sv:]
WARNING: [filemgmt 56-199] Attempt to get parsing info during refresh. "On-the-fly" syntax checking information may be incorrect. [/home/srn6/pprojs/risc-v/risc-v/risc-v.srcs/sources_1/new/decode_stage.sv:]
WARNING: [filemgmt 56-199] Attempt to get parsing info during refresh. "On-the-fly" syntax checking information may be incorrect. [/home/srn6/pprojs/risc-v/risc-v/risc-v.srcs/sources_1/new/fetch_stage.sv:]
WARNING: [filemgmt 56-199] Attempt to get parsing info during refresh. "On-the-fly" syntax checking information may be incorrect. [/home/srn6/pprojs/risc-v/risc-v/risc-v.srcs/sources_1/new/top.sv:]
WARNING: [filemgmt 56-199] Attempt to get parsing info during refresh. "On-the-fly" syntax checking information may be incorrect. [/home/srn6/pprojs/risc-v/risc-v/risc-v.srcs/sources_1/new/main_memory.sv:]
WARNING: [filemgmt 56-199] Attempt to get parsing info during refresh. "On-the-fly" syntax checking information may be incorrect. [/home/srn6/pprojs/risc-v/risc-v/risc-v.srcs/sources_1/new/decode_stage.sv:]
WARNING: [filemgmt 56-199] Attempt to get parsing info during refresh. "On-the-fly" syntax checking information may be incorrect. [/home/srn6/pprojs/risc-v/risc-v/risc-v.srcs/sources_1/new/decode_stage.sv:]
WARNING: [filemgmt 56-199] Attempt to get parsing info during refresh. "On-the-fly" syntax checking information may be incorrect. [/home/srn6/pprojs/risc-v/risc-v/risc-v.srcs/sources_1/new/rv_pipe_pkg.sv:]
WARNING: [filemgmt 56-199] Attempt to get parsing info during refresh. "On-the-fly" syntax checking information may be incorrect. [/home/srn6/pprojs/risc-v/risc-v/risc-v.srcs/sources_1/new/memory_stage.sv:]
WARNING: [filemgmt 56-199] Attempt to get parsing info during refresh. "On-the-fly" syntax checking information may be incorrect. [/home/srn6/pprojs/risc-v/risc-v/risc-v.srcs/sources_1/new/decode_stage.sv:]
WARNING: [filemgmt 56-199] Attempt to get parsing info during refresh. "On-the-fly" syntax checking information may be incorrect. [/home/srn6/pprojs/risc-v/risc-v/risc-v.srcs/sources_1/new/fetch_stage.sv:]
WARNING: [filemgmt 56-199] Attempt to get parsing info during refresh. "On-the-fly" syntax checking information may be incorrect. [/home/srn6/pprojs/risc-v/risc-v/risc-v.srcs/sources_1/new/top.sv:]
WARNING: [filemgmt 56-199] Attempt to get parsing info during refresh. "On-the-fly" syntax checking information may be incorrect. [/home/srn6/pprojs/risc-v/risc-v/risc-v.srcs/sources_1/new/main_memory.sv:]
WARNING: [filemgmt 56-199] Attempt to get parsing info during refresh. "On-the-fly" syntax checking information may be incorrect. [/home/srn6/pprojs/risc-v/risc-v/risc-v.srcs/sources_1/new/fetch_stage.sv:]
WARNING: [filemgmt 56-199] Attempt to get parsing info during refresh. "On-the-fly" syntax checking information may be incorrect. [/home/srn6/pprojs/risc-v/risc-v/risc-v.srcs/sources_1/new/fetch_stage.sv:]
WARNING: [filemgmt 56-199] Attempt to get parsing info during refresh. "On-the-fly" syntax checking information may be incorrect. [/home/srn6/pprojs/risc-v/risc-v/risc-v.srcs/sources_1/new/rv_pipe_pkg.sv:]
WARNING: [filemgmt 56-199] Attempt to get parsing info during refresh. "On-the-fly" syntax checking information may be incorrect. [/home/srn6/pprojs/risc-v/risc-v/risc-v.srcs/sources_1/new/memory_stage.sv:]
WARNING: [filemgmt 56-199] Attempt to get parsing info during refresh. "On-the-fly" syntax checking information may be incorrect. [/home/srn6/pprojs/risc-v/risc-v/risc-v.srcs/sources_1/new/decode_stage.sv:]
WARNING: [filemgmt 56-199] Attempt to get parsing info during refresh. "On-the-fly" syntax checking information may be incorrect. [/home/srn6/pprojs/risc-v/risc-v/risc-v.srcs/sources_1/new/fetch_stage.sv:]
WARNING: [filemgmt 56-199] Attempt to get parsing info during refresh. "On-the-fly" syntax checking information may be incorrect. [/home/srn6/pprojs/risc-v/risc-v/risc-v.srcs/sources_1/new/top.sv:]
WARNING: [filemgmt 56-199] Attempt to get parsing info during refresh. "On-the-fly" syntax checking information may be incorrect. [/home/srn6/pprojs/risc-v/risc-v/risc-v.srcs/sources_1/new/main_memory.sv:]
WARNING: [filemgmt 56-199] Attempt to get parsing info during refresh. "On-the-fly" syntax checking information may be incorrect. [/home/srn6/pprojs/risc-v/risc-v/risc-v.srcs/sources_1/new/memory_stage.sv:]
WARNING: [filemgmt 56-199] Attempt to get parsing info during refresh. "On-the-fly" syntax checking information may be incorrect. [/home/srn6/pprojs/risc-v/risc-v/risc-v.srcs/sources_1/new/memory_stage.sv:]
WARNING: [filemgmt 56-199] Attempt to get parsing info during refresh. "On-the-fly" syntax checking information may be incorrect. [/home/srn6/pprojs/risc-v/risc-v/risc-v.srcs/sources_1/new/rv_pipe_pkg.sv:]
WARNING: [filemgmt 56-199] Attempt to get parsing info during refresh. "On-the-fly" syntax checking information may be incorrect. [/home/srn6/pprojs/risc-v/risc-v/risc-v.srcs/sources_1/new/memory_stage.sv:]
WARNING: [filemgmt 56-199] Attempt to get parsing info during refresh. "On-the-fly" syntax checking information may be incorrect. [/home/srn6/pprojs/risc-v/risc-v/risc-v.srcs/sources_1/new/decode_stage.sv:]
WARNING: [filemgmt 56-199] Attempt to get parsing info during refresh. "On-the-fly" syntax checking information may be incorrect. [/home/srn6/pprojs/risc-v/risc-v/risc-v.srcs/sources_1/new/fetch_stage.sv:]
WARNING: [filemgmt 56-199] Attempt to get parsing info during refresh. "On-the-fly" syntax checking information may be incorrect. [/home/srn6/pprojs/risc-v/risc-v/risc-v.srcs/sources_1/new/top.sv:]
WARNING: [filemgmt 56-199] Attempt to get parsing info during refresh. "On-the-fly" syntax checking information may be incorrect. [/home/srn6/pprojs/risc-v/risc-v/risc-v.srcs/sources_1/new/main_memory.sv:]
WARNING: [filemgmt 56-199] Attempt to get parsing info during refresh. "On-the-fly" syntax checking information may be incorrect. [/home/srn6/pprojs/risc-v/risc-v/risc-v.srcs/sources_1/new/rv_pipe_pkg.sv:]
WARNING: [filemgmt 56-199] Attempt to get parsing info during refresh. "On-the-fly" syntax checking information may be incorrect. [/home/srn6/pprojs/risc-v/risc-v/risc-v.srcs/sources_1/new/rv_pipe_pkg.sv:]
WARNING: [filemgmt 56-199] Attempt to get parsing info during refresh. "On-the-fly" syntax checking information may be incorrect. [/home/srn6/pprojs/risc-v/risc-v/risc-v.srcs/sources_1/new/rv_pipe_pkg.sv:]
WARNING: [filemgmt 56-199] Attempt to get parsing info during refresh. "On-the-fly" syntax checking information may be incorrect. [/home/srn6/pprojs/risc-v/risc-v/risc-v.srcs/sources_1/new/memory_stage.sv:]
WARNING: [filemgmt 56-199] Attempt to get parsing info during refresh. "On-the-fly" syntax checking information may be incorrect. [/home/srn6/pprojs/risc-v/risc-v/risc-v.srcs/sources_1/new/decode_stage.sv:]
WARNING: [filemgmt 56-199] Attempt to get parsing info during refresh. "On-the-fly" syntax checking information may be incorrect. [/home/srn6/pprojs/risc-v/risc-v/risc-v.srcs/sources_1/new/fetch_stage.sv:]
WARNING: [filemgmt 56-199] Attempt to get parsing info during refresh. "On-the-fly" syntax checking information may be incorrect. [/home/srn6/pprojs/risc-v/risc-v/risc-v.srcs/sources_1/new/top.sv:]
WARNING: [filemgmt 56-199] Attempt to get parsing info during refresh. "On-the-fly" syntax checking information may be incorrect. [/home/srn6/pprojs/risc-v/risc-v/risc-v.srcs/sources_1/new/main_memory.sv:]
WARNING: [filemgmt 56-199] Attempt to get parsing info during refresh. "On-the-fly" syntax checking information may be incorrect. [/home/srn6/pprojs/risc-v/risc-v/risc-v.srcs/sources_1/new/top.sv:]
WARNING: [filemgmt 56-199] Attempt to get parsing info during refresh. "On-the-fly" syntax checking information may be incorrect. [/home/srn6/pprojs/risc-v/risc-v/risc-v.srcs/sources_1/new/top.sv:]
WARNING: [filemgmt 56-199] Attempt to get parsing info during refresh. "On-the-fly" syntax checking information may be incorrect. [/home/srn6/pprojs/risc-v/risc-v/risc-v.srcs/sources_1/new/rv_pipe_pkg.sv:]
WARNING: [filemgmt 56-199] Attempt to get parsing info during refresh. "On-the-fly" syntax checking information may be incorrect. [/home/srn6/pprojs/risc-v/risc-v/risc-v.srcs/sources_1/new/memory_stage.sv:]
WARNING: [filemgmt 56-199] Attempt to get parsing info during refresh. "On-the-fly" syntax checking information may be incorrect. [/home/srn6/pprojs/risc-v/risc-v/risc-v.srcs/sources_1/new/decode_stage.sv:]
WARNING: [filemgmt 56-199] Attempt to get parsing info during refresh. "On-the-fly" syntax checking information may be incorrect. [/home/srn6/pprojs/risc-v/risc-v/risc-v.srcs/sources_1/new/fetch_stage.sv:]
WARNING: [filemgmt 56-199] Attempt to get parsing info during refresh. "On-the-fly" syntax checking information may be incorrect. [/home/srn6/pprojs/risc-v/risc-v/risc-v.srcs/sources_1/new/top.sv:]
WARNING: [filemgmt 56-199] Attempt to get parsing info during refresh. "On-the-fly" syntax checking information may be incorrect. [/home/srn6/pprojs/risc-v/risc-v/risc-v.srcs/sources_1/new/main_memory.sv:]
WARNING: [filemgmt 56-199] Attempt to get parsing info during refresh. "On-the-fly" syntax checking information may be incorrect. [/home/srn6/pprojs/risc-v/risc-v/risc-v.srcs/sources_1/new/fetch_stage.sv:]
WARNING: [filemgmt 56-199] Attempt to get parsing info during refresh. "On-the-fly" syntax checking information may be incorrect. [/home/srn6/pprojs/risc-v/risc-v/risc-v.srcs/sources_1/new/fetch_stage.sv:]
WARNING: [filemgmt 56-199] Attempt to get parsing info during refresh. "On-the-fly" syntax checking information may be incorrect. [/home/srn6/pprojs/risc-v/risc-v/risc-v.srcs/sources_1/new/rv_pipe_pkg.sv:]
WARNING: [filemgmt 56-199] Attempt to get parsing info during refresh. "On-the-fly" syntax checking information may be incorrect. [/home/srn6/pprojs/risc-v/risc-v/risc-v.srcs/sources_1/new/memory_stage.sv:]
WARNING: [filemgmt 56-199] Attempt to get parsing info during refresh. "On-the-fly" syntax checking information may be incorrect. [/home/srn6/pprojs/risc-v/risc-v/risc-v.srcs/sources_1/new/decode_stage.sv:]
WARNING: [filemgmt 56-199] Attempt to get parsing info during refresh. "On-the-fly" syntax checking information may be incorrect. [/home/srn6/pprojs/risc-v/risc-v/risc-v.srcs/sources_1/new/fetch_stage.sv:]
WARNING: [filemgmt 56-199] Attempt to get parsing info during refresh. "On-the-fly" syntax checking information may be incorrect. [/home/srn6/pprojs/risc-v/risc-v/risc-v.srcs/sources_1/new/top.sv:]
WARNING: [filemgmt 56-199] Attempt to get parsing info during refresh. "On-the-fly" syntax checking information may be incorrect. [/home/srn6/pprojs/risc-v/risc-v/risc-v.srcs/sources_1/new/main_memory.sv:]
WARNING: [filemgmt 56-199] Attempt to get parsing info during refresh. "On-the-fly" syntax checking information may be incorrect. [/home/srn6/pprojs/risc-v/risc-v/risc-v.srcs/sources_1/new/decode_stage.sv:]
WARNING: [filemgmt 56-199] Attempt to get parsing info during refresh. "On-the-fly" syntax checking information may be incorrect. [/home/srn6/pprojs/risc-v/risc-v/risc-v.srcs/sources_1/new/decode_stage.sv:]
WARNING: [filemgmt 56-199] Attempt to get parsing info during refresh. "On-the-fly" syntax checking information may be incorrect. [/home/srn6/pprojs/risc-v/risc-v/risc-v.srcs/sources_1/new/rv_pipe_pkg.sv:]
WARNING: [filemgmt 56-199] Attempt to get parsing info during refresh. "On-the-fly" syntax checking information may be incorrect. [/home/srn6/pprojs/risc-v/risc-v/risc-v.srcs/sources_1/new/memory_stage.sv:]
WARNING: [filemgmt 56-199] Attempt to get parsing info during refresh. "On-the-fly" syntax checking information may be incorrect. [/home/srn6/pprojs/risc-v/risc-v/risc-v.srcs/sources_1/new/decode_stage.sv:]
WARNING: [filemgmt 56-199] Attempt to get parsing info during refresh. "On-the-fly" syntax checking information may be incorrect. [/home/srn6/pprojs/risc-v/risc-v/risc-v.srcs/sources_1/new/fetch_stage.sv:]
WARNING: [filemgmt 56-199] Attempt to get parsing info during refresh. "On-the-fly" syntax checking information may be incorrect. [/home/srn6/pprojs/risc-v/risc-v/risc-v.srcs/sources_1/new/top.sv:]
WARNING: [filemgmt 56-199] Attempt to get parsing info during refresh. "On-the-fly" syntax checking information may be incorrect. [/home/srn6/pprojs/risc-v/risc-v/risc-v.srcs/sources_1/new/main_memory.sv:]
WARNING: [filemgmt 56-199] Attempt to get parsing info during refresh. "On-the-fly" syntax checking information may be incorrect. [/home/srn6/pprojs/risc-v/risc-v/risc-v.srcs/sources_1/new/memory_stage.sv:]
WARNING: [filemgmt 56-199] Attempt to get parsing info during refresh. "On-the-fly" syntax checking information may be incorrect. [/home/srn6/pprojs/risc-v/risc-v/risc-v.srcs/sources_1/new/memory_stage.sv:]
WARNING: [filemgmt 56-199] Attempt to get parsing info during refresh. "On-the-fly" syntax checking information may be incorrect. [/home/srn6/pprojs/risc-v/risc-v/risc-v.srcs/sources_1/new/rv_pipe_pkg.sv:]
WARNING: [filemgmt 56-199] Attempt to get parsing info during refresh. "On-the-fly" syntax checking information may be incorrect. [/home/srn6/pprojs/risc-v/risc-v/risc-v.srcs/sources_1/new/memory_stage.sv:]
WARNING: [filemgmt 56-199] Attempt to get parsing info during refresh. "On-the-fly" syntax checking information may be incorrect. [/home/srn6/pprojs/risc-v/risc-v/risc-v.srcs/sources_1/new/decode_stage.sv:]
WARNING: [filemgmt 56-199] Attempt to get parsing info during refresh. "On-the-fly" syntax checking information may be incorrect. [/home/srn6/pprojs/risc-v/risc-v/risc-v.srcs/sources_1/new/fetch_stage.sv:]
WARNING: [filemgmt 56-199] Attempt to get parsing info during refresh. "On-the-fly" syntax checking information may be incorrect. [/home/srn6/pprojs/risc-v/risc-v/risc-v.srcs/sources_1/new/top.sv:]
WARNING: [filemgmt 56-199] Attempt to get parsing info during refresh. "On-the-fly" syntax checking information may be incorrect. [/home/srn6/pprojs/risc-v/risc-v/risc-v.srcs/sources_1/new/main_memory.sv:]
WARNING: [filemgmt 56-199] Attempt to get parsing info during refresh. "On-the-fly" syntax checking information may be incorrect. [/home/srn6/pprojs/risc-v/risc-v/risc-v.srcs/sources_1/new/rv_pipe_pkg.sv:]
WARNING: [filemgmt 56-199] Attempt to get parsing info during refresh. "On-the-fly" syntax checking information may be incorrect. [/home/srn6/pprojs/risc-v/risc-v/risc-v.srcs/sources_1/new/rv_pipe_pkg.sv:]
WARNING: [filemgmt 56-199] Attempt to get parsing info during refresh. "On-the-fly" syntax checking information may be incorrect. [/home/srn6/pprojs/risc-v/risc-v/risc-v.srcs/sources_1/new/rv_pipe_pkg.sv:]
WARNING: [filemgmt 56-199] Attempt to get parsing info during refresh. "On-the-fly" syntax checking information may be incorrect. [/home/srn6/pprojs/risc-v/risc-v/risc-v.srcs/sources_1/new/memory_stage.sv:]
WARNING: [filemgmt 56-199] Attempt to get parsing info during refresh. "On-the-fly" syntax checking information may be incorrect. [/home/srn6/pprojs/risc-v/risc-v/risc-v.srcs/sources_1/new/decode_stage.sv:]
WARNING: [filemgmt 56-199] Attempt to get parsing info during refresh. "On-the-fly" syntax checking information may be incorrect. [/home/srn6/pprojs/risc-v/risc-v/risc-v.srcs/sources_1/new/fetch_stage.sv:]
WARNING: [filemgmt 56-199] Attempt to get parsing info during refresh. "On-the-fly" syntax checking information may be incorrect. [/home/srn6/pprojs/risc-v/risc-v/risc-v.srcs/sources_1/new/top.sv:]
WARNING: [filemgmt 56-199] Attempt to get parsing info during refresh. "On-the-fly" syntax checking information may be incorrect. [/home/srn6/pprojs/risc-v/risc-v/risc-v.srcs/sources_1/new/main_memory.sv:]
WARNING: [filemgmt 56-199] Attempt to get parsing info during refresh. "On-the-fly" syntax checking information may be incorrect. [/home/srn6/pprojs/risc-v/risc-v/risc-v.srcs/sources_1/new/rv_pipe_pkg.sv:]
WARNING: [filemgmt 56-199] Attempt to get parsing info during refresh. "On-the-fly" syntax checking information may be incorrect. [/home/srn6/pprojs/risc-v/risc-v/risc-v.srcs/sources_1/new/rv_pipe_pkg.sv:]
WARNING: [filemgmt 56-199] Attempt to get parsing info during refresh. "On-the-fly" syntax checking information may be incorrect. [/home/srn6/pprojs/risc-v/risc-v/risc-v.srcs/sources_1/new/rv_pipe_pkg.sv:]
WARNING: [filemgmt 56-199] Attempt to get parsing info during refresh. "On-the-fly" syntax checking information may be incorrect. [/home/srn6/pprojs/risc-v/risc-v/risc-v.srcs/sources_1/new/memory_stage.sv:]
WARNING: [filemgmt 56-199] Attempt to get parsing info during refresh. "On-the-fly" syntax checking information may be incorrect. [/home/srn6/pprojs/risc-v/risc-v/risc-v.srcs/sources_1/new/decode_stage.sv:]
WARNING: [filemgmt 56-199] Attempt to get parsing info during refresh. "On-the-fly" syntax checking information may be incorrect. [/home/srn6/pprojs/risc-v/risc-v/risc-v.srcs/sources_1/new/fetch_stage.sv:]
WARNING: [filemgmt 56-199] Attempt to get parsing info during refresh. "On-the-fly" syntax checking information may be incorrect. [/home/srn6/pprojs/risc-v/risc-v/risc-v.srcs/sources_1/new/top.sv:]
WARNING: [filemgmt 56-199] Attempt to get parsing info during refresh. "On-the-fly" syntax checking information may be incorrect. [/home/srn6/pprojs/risc-v/risc-v/risc-v.srcs/sources_1/new/main_memory.sv:]
WARNING: [filemgmt 56-199] Attempt to get parsing info during refresh. "On-the-fly" syntax checking information may be incorrect. [/home/srn6/pprojs/risc-v/risc-v/risc-v.srcs/sources_1/new/decode_stage.sv:]
WARNING: [filemgmt 56-199] Attempt to get parsing info during refresh. "On-the-fly" syntax checking information may be incorrect. [/home/srn6/pprojs/risc-v/risc-v/risc-v.srcs/sources_1/new/decode_stage.sv:]
WARNING: [filemgmt 56-199] Attempt to get parsing info during refresh. "On-the-fly" syntax checking information may be incorrect. [/home/srn6/pprojs/risc-v/risc-v/risc-v.srcs/sources_1/new/rv_pipe_pkg.sv:]
WARNING: [filemgmt 56-199] Attempt to get parsing info during refresh. "On-the-fly" syntax checking information may be incorrect. [/home/srn6/pprojs/risc-v/risc-v/risc-v.srcs/sources_1/new/memory_stage.sv:]
WARNING: [filemgmt 56-199] Attempt to get parsing info during refresh. "On-the-fly" syntax checking information may be incorrect. [/home/srn6/pprojs/risc-v/risc-v/risc-v.srcs/sources_1/new/decode_stage.sv:]
WARNING: [filemgmt 56-199] Attempt to get parsing info during refresh. "On-the-fly" syntax checking information may be incorrect. [/home/srn6/pprojs/risc-v/risc-v/risc-v.srcs/sources_1/new/fetch_stage.sv:]
WARNING: [filemgmt 56-199] Attempt to get parsing info during refresh. "On-the-fly" syntax checking information may be incorrect. [/home/srn6/pprojs/risc-v/risc-v/risc-v.srcs/sources_1/new/top.sv:]
WARNING: [filemgmt 56-199] Attempt to get parsing info during refresh. "On-the-fly" syntax checking information may be incorrect. [/home/srn6/pprojs/risc-v/risc-v/risc-v.srcs/sources_1/new/main_memory.sv:]
WARNING: [filemgmt 56-199] Attempt to get parsing info during refresh. "On-the-fly" syntax checking information may be incorrect. [/home/srn6/pprojs/risc-v/risc-v/risc-v.srcs/sources_1/new/main_memory.sv:]
WARNING: [filemgmt 56-199] Attempt to get parsing info during refresh. "On-the-fly" syntax checking information may be incorrect. [/home/srn6/pprojs/risc-v/risc-v/risc-v.srcs/sources_1/new/main_memory.sv:]
WARNING: [filemgmt 56-199] Attempt to get parsing info during refresh. "On-the-fly" syntax checking information may be incorrect. [/home/srn6/pprojs/risc-v/risc-v/risc-v.srcs/sources_1/new/rv_pipe_pkg.sv:]
WARNING: [filemgmt 56-199] Attempt to get parsing info during refresh. "On-the-fly" syntax checking information may be incorrect. [/home/srn6/pprojs/risc-v/risc-v/risc-v.srcs/sources_1/new/memory_stage.sv:]
WARNING: [filemgmt 56-199] Attempt to get parsing info during refresh. "On-the-fly" syntax checking information may be incorrect. [/home/srn6/pprojs/risc-v/risc-v/risc-v.srcs/sources_1/new/decode_stage.sv:]
WARNING: [filemgmt 56-199] Attempt to get parsing info during refresh. "On-the-fly" syntax checking information may be incorrect. [/home/srn6/pprojs/risc-v/risc-v/risc-v.srcs/sources_1/new/fetch_stage.sv:]
WARNING: [filemgmt 56-199] Attempt to get parsing info during refresh. "On-the-fly" syntax checking information may be incorrect. [/home/srn6/pprojs/risc-v/risc-v/risc-v.srcs/sources_1/new/top.sv:]
WARNING: [filemgmt 56-199] Attempt to get parsing info during refresh. "On-the-fly" syntax checking information may be incorrect. [/home/srn6/pprojs/risc-v/risc-v/risc-v.srcs/sources_1/new/main_memory.sv:]
WARNING: [filemgmt 56-199] Attempt to get parsing info during refresh. "On-the-fly" syntax checking information may be incorrect. [/home/srn6/pprojs/risc-v/risc-v/risc-v.srcs/sources_1/new/memory_stage.sv:]
WARNING: [filemgmt 56-199] Attempt to get parsing info during refresh. "On-the-fly" syntax checking information may be incorrect. [/home/srn6/pprojs/risc-v/risc-v/risc-v.srcs/sources_1/new/memory_stage.sv:]
WARNING: [filemgmt 56-199] Attempt to get parsing info during refresh. "On-the-fly" syntax checking information may be incorrect. [/home/srn6/pprojs/risc-v/risc-v/risc-v.srcs/sources_1/new/rv_pipe_pkg.sv:]
WARNING: [filemgmt 56-199] Attempt to get parsing info during refresh. "On-the-fly" syntax checking information may be incorrect. [/home/srn6/pprojs/risc-v/risc-v/risc-v.srcs/sources_1/new/memory_stage.sv:]
WARNING: [filemgmt 56-199] Attempt to get parsing info during refresh. "On-the-fly" syntax checking information may be incorrect. [/home/srn6/pprojs/risc-v/risc-v/risc-v.srcs/sources_1/new/decode_stage.sv:]
WARNING: [filemgmt 56-199] Attempt to get parsing info during refresh. "On-the-fly" syntax checking information may be incorrect. [/home/srn6/pprojs/risc-v/risc-v/risc-v.srcs/sources_1/new/fetch_stage.sv:]
WARNING: [filemgmt 56-199] Attempt to get parsing info during refresh. "On-the-fly" syntax checking information may be incorrect. [/home/srn6/pprojs/risc-v/risc-v/risc-v.srcs/sources_1/new/top.sv:]
WARNING: [filemgmt 56-199] Attempt to get parsing info during refresh. "On-the-fly" syntax checking information may be incorrect. [/home/srn6/pprojs/risc-v/risc-v/risc-v.srcs/sources_1/new/main_memory.sv:]
WARNING: [filemgmt 56-199] Attempt to get parsing info during refresh. "On-the-fly" syntax checking information may be incorrect. [/home/srn6/pprojs/risc-v/risc-v/risc-v.srcs/sources_1/new/top.sv:]
WARNING: [filemgmt 56-199] Attempt to get parsing info during refresh. "On-the-fly" syntax checking information may be incorrect. [/home/srn6/pprojs/risc-v/risc-v/risc-v.srcs/sources_1/new/top.sv:]
WARNING: [filemgmt 56-199] Attempt to get parsing info during refresh. "On-the-fly" syntax checking information may be incorrect. [/home/srn6/pprojs/risc-v/risc-v/risc-v.srcs/sources_1/new/rv_pipe_pkg.sv:]
WARNING: [filemgmt 56-199] Attempt to get parsing info during refresh. "On-the-fly" syntax checking information may be incorrect. [/home/srn6/pprojs/risc-v/risc-v/risc-v.srcs/sources_1/new/memory_stage.sv:]
WARNING: [filemgmt 56-199] Attempt to get parsing info during refresh. "On-the-fly" syntax checking information may be incorrect. [/home/srn6/pprojs/risc-v/risc-v/risc-v.srcs/sources_1/new/decode_stage.sv:]
WARNING: [filemgmt 56-199] Attempt to get parsing info during refresh. "On-the-fly" syntax checking information may be incorrect. [/home/srn6/pprojs/risc-v/risc-v/risc-v.srcs/sources_1/new/fetch_stage.sv:]
WARNING: [filemgmt 56-199] Attempt to get parsing info during refresh. "On-the-fly" syntax checking information may be incorrect. [/home/srn6/pprojs/risc-v/risc-v/risc-v.srcs/sources_1/new/top.sv:]
WARNING: [filemgmt 56-199] Attempt to get parsing info during refresh. "On-the-fly" syntax checking information may be incorrect. [/home/srn6/pprojs/risc-v/risc-v/risc-v.srcs/sources_1/new/main_memory.sv:]
WARNING: [filemgmt 56-199] Attempt to get parsing info during refresh. "On-the-fly" syntax checking information may be incorrect. [/home/srn6/pprojs/risc-v/risc-v/risc-v.srcs/sources_1/new/top.sv:]
WARNING: [filemgmt 56-199] Attempt to get parsing info during refresh. "On-the-fly" syntax checking information may be incorrect. [/home/srn6/pprojs/risc-v/risc-v/risc-v.srcs/sources_1/new/top.sv:]
WARNING: [filemgmt 56-199] Attempt to get parsing info during refresh. "On-the-fly" syntax checking information may be incorrect. [/home/srn6/pprojs/risc-v/risc-v/risc-v.srcs/sources_1/new/rv_pipe_pkg.sv:]
WARNING: [filemgmt 56-199] Attempt to get parsing info during refresh. "On-the-fly" syntax checking information may be incorrect. [/home/srn6/pprojs/risc-v/risc-v/risc-v.srcs/sources_1/new/memory_stage.sv:]
WARNING: [filemgmt 56-199] Attempt to get parsing info during refresh. "On-the-fly" syntax checking information may be incorrect. [/home/srn6/pprojs/risc-v/risc-v/risc-v.srcs/sources_1/new/decode_stage.sv:]
WARNING: [filemgmt 56-199] Attempt to get parsing info during refresh. "On-the-fly" syntax checking information may be incorrect. [/home/srn6/pprojs/risc-v/risc-v/risc-v.srcs/sources_1/new/fetch_stage.sv:]
WARNING: [filemgmt 56-199] Attempt to get parsing info during refresh. "On-the-fly" syntax checking information may be incorrect. [/home/srn6/pprojs/risc-v/risc-v/risc-v.srcs/sources_1/new/top.sv:]
WARNING: [filemgmt 56-199] Attempt to get parsing info during refresh. "On-the-fly" syntax checking information may be incorrect. [/home/srn6/pprojs/risc-v/risc-v/risc-v.srcs/sources_1/new/main_memory.sv:]
WARNING: [filemgmt 56-199] Attempt to get parsing info during refresh. "On-the-fly" syntax checking information may be incorrect. [/home/srn6/pprojs/risc-v/risc-v/risc-v.srcs/sources_1/new/decode_stage.sv:]
WARNING: [filemgmt 56-199] Attempt to get parsing info during refresh. "On-the-fly" syntax checking information may be incorrect. [/home/srn6/pprojs/risc-v/risc-v/risc-v.srcs/sources_1/new/decode_stage.sv:]
WARNING: [filemgmt 56-199] Attempt to get parsing info during refresh. "On-the-fly" syntax checking information may be incorrect. [/home/srn6/pprojs/risc-v/risc-v/risc-v.srcs/sources_1/new/rv_pipe_pkg.sv:]
WARNING: [filemgmt 56-199] Attempt to get parsing info during refresh. "On-the-fly" syntax checking information may be incorrect. [/home/srn6/pprojs/risc-v/risc-v/risc-v.srcs/sources_1/new/memory_stage.sv:]
WARNING: [filemgmt 56-199] Attempt to get parsing info during refresh. "On-the-fly" syntax checking information may be incorrect. [/home/srn6/pprojs/risc-v/risc-v/risc-v.srcs/sources_1/new/decode_stage.sv:]
WARNING: [filemgmt 56-199] Attempt to get parsing info during refresh. "On-the-fly" syntax checking information may be incorrect. [/home/srn6/pprojs/risc-v/risc-v/risc-v.srcs/sources_1/new/fetch_stage.sv:]
WARNING: [filemgmt 56-199] Attempt to get parsing info during refresh. "On-the-fly" syntax checking information may be incorrect. [/home/srn6/pprojs/risc-v/risc-v/risc-v.srcs/sources_1/new/top.sv:]
WARNING: [filemgmt 56-199] Attempt to get parsing info during refresh. "On-the-fly" syntax checking information may be incorrect. [/home/srn6/pprojs/risc-v/risc-v/risc-v.srcs/sources_1/new/main_memory.sv:]
WARNING: [filemgmt 56-199] Attempt to get parsing info during refresh. "On-the-fly" syntax checking information may be incorrect. [/home/srn6/pprojs/risc-v/risc-v/risc-v.srcs/sources_1/new/fetch_stage.sv:]
WARNING: [filemgmt 56-199] Attempt to get parsing info during refresh. "On-the-fly" syntax checking information may be incorrect. [/home/srn6/pprojs/risc-v/risc-v/risc-v.srcs/sources_1/new/fetch_stage.sv:]
WARNING: [filemgmt 56-199] Attempt to get parsing info during refresh. "On-the-fly" syntax checking information may be incorrect. [/home/srn6/pprojs/risc-v/risc-v/risc-v.srcs/sources_1/new/rv_pipe_pkg.sv:]
WARNING: [filemgmt 56-199] Attempt to get parsing info during refresh. "On-the-fly" syntax checking information may be incorrect. [/home/srn6/pprojs/risc-v/risc-v/risc-v.srcs/sources_1/new/memory_stage.sv:]
WARNING: [filemgmt 56-199] Attempt to get parsing info during refresh. "On-the-fly" syntax checking information may be incorrect. [/home/srn6/pprojs/risc-v/risc-v/risc-v.srcs/sources_1/new/decode_stage.sv:]
WARNING: [filemgmt 56-199] Attempt to get parsing info during refresh. "On-the-fly" syntax checking information may be incorrect. [/home/srn6/pprojs/risc-v/risc-v/risc-v.srcs/sources_1/new/fetch_stage.sv:]
WARNING: [filemgmt 56-199] Attempt to get parsing info during refresh. "On-the-fly" syntax checking information may be incorrect. [/home/srn6/pprojs/risc-v/risc-v/risc-v.srcs/sources_1/new/top.sv:]
WARNING: [filemgmt 56-199] Attempt to get parsing info during refresh. "On-the-fly" syntax checking information may be incorrect. [/home/srn6/pprojs/risc-v/risc-v/risc-v.srcs/sources_1/new/main_memory.sv:]
WARNING: [filemgmt 56-199] Attempt to get parsing info during refresh. "On-the-fly" syntax checking information may be incorrect. [/home/srn6/pprojs/risc-v/risc-v/risc-v.srcs/sources_1/new/memory_stage.sv:]
WARNING: [filemgmt 56-199] Attempt to get parsing info during refresh. "On-the-fly" syntax checking information may be incorrect. [/home/srn6/pprojs/risc-v/risc-v/risc-v.srcs/sources_1/new/memory_stage.sv:]
WARNING: [filemgmt 56-199] Attempt to get parsing info during refresh. "On-the-fly" syntax checking information may be incorrect. [/home/srn6/pprojs/risc-v/risc-v/risc-v.srcs/sources_1/new/rv_pipe_pkg.sv:]
WARNING: [filemgmt 56-199] Attempt to get parsing info during refresh. "On-the-fly" syntax checking information may be incorrect. [/home/srn6/pprojs/risc-v/risc-v/risc-v.srcs/sources_1/new/memory_stage.sv:]
WARNING: [filemgmt 56-199] Attempt to get parsing info during refresh. "On-the-fly" syntax checking information may be incorrect. [/home/srn6/pprojs/risc-v/risc-v/risc-v.srcs/sources_1/new/decode_stage.sv:]
WARNING: [filemgmt 56-199] Attempt to get parsing info during refresh. "On-the-fly" syntax checking information may be incorrect. [/home/srn6/pprojs/risc-v/risc-v/risc-v.srcs/sources_1/new/fetch_stage.sv:]
WARNING: [filemgmt 56-199] Attempt to get parsing info during refresh. "On-the-fly" syntax checking information may be incorrect. [/home/srn6/pprojs/risc-v/risc-v/risc-v.srcs/sources_1/new/top.sv:]
WARNING: [filemgmt 56-199] Attempt to get parsing info during refresh. "On-the-fly" syntax checking information may be incorrect. [/home/srn6/pprojs/risc-v/risc-v/risc-v.srcs/sources_1/new/main_memory.sv:]
WARNING: [filemgmt 56-199] Attempt to get parsing info during refresh. "On-the-fly" syntax checking information may be incorrect. [/home/srn6/pprojs/risc-v/risc-v/risc-v.srcs/sources_1/new/rv_pipe_pkg.sv:]
WARNING: [filemgmt 56-199] Attempt to get parsing info during refresh. "On-the-fly" syntax checking information may be incorrect. [/home/srn6/pprojs/risc-v/risc-v/risc-v.srcs/sources_1/new/rv_pipe_pkg.sv:]
WARNING: [filemgmt 56-199] Attempt to get parsing info during refresh. "On-the-fly" syntax checking information may be incorrect. [/home/srn6/pprojs/risc-v/risc-v/risc-v.srcs/sources_1/new/rv_pipe_pkg.sv:]
WARNING: [filemgmt 56-199] Attempt to get parsing info during refresh. "On-the-fly" syntax checking information may be incorrect. [/home/srn6/pprojs/risc-v/risc-v/risc-v.srcs/sources_1/new/memory_stage.sv:]
WARNING: [filemgmt 56-199] Attempt to get parsing info during refresh. "On-the-fly" syntax checking information may be incorrect. [/home/srn6/pprojs/risc-v/risc-v/risc-v.srcs/sources_1/new/decode_stage.sv:]
WARNING: [filemgmt 56-199] Attempt to get parsing info during refresh. "On-the-fly" syntax checking information may be incorrect. [/home/srn6/pprojs/risc-v/risc-v/risc-v.srcs/sources_1/new/fetch_stage.sv:]
WARNING: [filemgmt 56-199] Attempt to get parsing info during refresh. "On-the-fly" syntax checking information may be incorrect. [/home/srn6/pprojs/risc-v/risc-v/risc-v.srcs/sources_1/new/top.sv:]
WARNING: [filemgmt 56-199] Attempt to get parsing info during refresh. "On-the-fly" syntax checking information may be incorrect. [/home/srn6/pprojs/risc-v/risc-v/risc-v.srcs/sources_1/new/main_memory.sv:]
WARNING: [filemgmt 56-199] Attempt to get parsing info during refresh. "On-the-fly" syntax checking information may be incorrect. [/home/srn6/pprojs/risc-v/risc-v/risc-v.srcs/sources_1/new/rv_pipe_pkg.sv:]
WARNING: [filemgmt 56-199] Attempt to get parsing info during refresh. "On-the-fly" syntax checking information may be incorrect. [/home/srn6/pprojs/risc-v/risc-v/risc-v.srcs/sources_1/new/rv_pipe_pkg.sv:]
WARNING: [filemgmt 56-199] Attempt to get parsing info during refresh. "On-the-fly" syntax checking information may be incorrect. [/home/srn6/pprojs/risc-v/risc-v/risc-v.srcs/sources_1/new/rv_pipe_pkg.sv:]
WARNING: [filemgmt 56-199] Attempt to get parsing info during refresh. "On-the-fly" syntax checking information may be incorrect. [/home/srn6/pprojs/risc-v/risc-v/risc-v.srcs/sources_1/new/memory_stage.sv:]
WARNING: [filemgmt 56-199] Attempt to get parsing info during refresh. "On-the-fly" syntax checking information may be incorrect. [/home/srn6/pprojs/risc-v/risc-v/risc-v.srcs/sources_1/new/decode_stage.sv:]
WARNING: [filemgmt 56-199] Attempt to get parsing info during refresh. "On-the-fly" syntax checking information may be incorrect. [/home/srn6/pprojs/risc-v/risc-v/risc-v.srcs/sources_1/new/fetch_stage.sv:]
WARNING: [filemgmt 56-199] Attempt to get parsing info during refresh. "On-the-fly" syntax checking information may be incorrect. [/home/srn6/pprojs/risc-v/risc-v/risc-v.srcs/sources_1/new/top.sv:]
WARNING: [filemgmt 56-199] Attempt to get parsing info during refresh. "On-the-fly" syntax checking information may be incorrect. [/home/srn6/pprojs/risc-v/risc-v/risc-v.srcs/sources_1/new/main_memory.sv:]
WARNING: [filemgmt 56-199] Attempt to get parsing info during refresh. "On-the-fly" syntax checking information may be incorrect. [/home/srn6/pprojs/risc-v/risc-v/risc-v.srcs/sources_1/new/decode_stage.sv:]
WARNING: [filemgmt 56-199] Attempt to get parsing info during refresh. "On-the-fly" syntax checking information may be incorrect. [/home/srn6/pprojs/risc-v/risc-v/risc-v.srcs/sources_1/new/decode_stage.sv:]
WARNING: [filemgmt 56-199] Attempt to get parsing info during refresh. "On-the-fly" syntax checking information may be incorrect. [/home/srn6/pprojs/risc-v/risc-v/risc-v.srcs/sources_1/new/rv_pipe_pkg.sv:]
WARNING: [filemgmt 56-199] Attempt to get parsing info during refresh. "On-the-fly" syntax checking information may be incorrect. [/home/srn6/pprojs/risc-v/risc-v/risc-v.srcs/sources_1/new/memory_stage.sv:]
WARNING: [filemgmt 56-199] Attempt to get parsing info during refresh. "On-the-fly" syntax checking information may be incorrect. [/home/srn6/pprojs/risc-v/risc-v/risc-v.srcs/sources_1/new/decode_stage.sv:]
WARNING: [filemgmt 56-199] Attempt to get parsing info during refresh. "On-the-fly" syntax checking information may be incorrect. [/home/srn6/pprojs/risc-v/risc-v/risc-v.srcs/sources_1/new/fetch_stage.sv:]
WARNING: [filemgmt 56-199] Attempt to get parsing info during refresh. "On-the-fly" syntax checking information may be incorrect. [/home/srn6/pprojs/risc-v/risc-v/risc-v.srcs/sources_1/new/top.sv:]
WARNING: [filemgmt 56-199] Attempt to get parsing info during refresh. "On-the-fly" syntax checking information may be incorrect. [/home/srn6/pprojs/risc-v/risc-v/risc-v.srcs/sources_1/new/main_memory.sv:]
WARNING: [filemgmt 56-199] Attempt to get parsing info during refresh. "On-the-fly" syntax checking information may be incorrect. [/home/srn6/pprojs/risc-v/risc-v/risc-v.srcs/sources_1/new/fetch_stage.sv:]
WARNING: [filemgmt 56-199] Attempt to get parsing info during refresh. "On-the-fly" syntax checking information may be incorrect. [/home/srn6/pprojs/risc-v/risc-v/risc-v.srcs/sources_1/new/fetch_stage.sv:]
WARNING: [filemgmt 56-199] Attempt to get parsing info during refresh. "On-the-fly" syntax checking information may be incorrect. [/home/srn6/pprojs/risc-v/risc-v/risc-v.srcs/sources_1/new/rv_pipe_pkg.sv:]
WARNING: [filemgmt 56-199] Attempt to get parsing info during refresh. "On-the-fly" syntax checking information may be incorrect. [/home/srn6/pprojs/risc-v/risc-v/risc-v.srcs/sources_1/new/memory_stage.sv:]
WARNING: [filemgmt 56-199] Attempt to get parsing info during refresh. "On-the-fly" syntax checking information may be incorrect. [/home/srn6/pprojs/risc-v/risc-v/risc-v.srcs/sources_1/new/decode_stage.sv:]
WARNING: [filemgmt 56-199] Attempt to get parsing info during refresh. "On-the-fly" syntax checking information may be incorrect. [/home/srn6/pprojs/risc-v/risc-v/risc-v.srcs/sources_1/new/fetch_stage.sv:]
WARNING: [filemgmt 56-199] Attempt to get parsing info during refresh. "On-the-fly" syntax checking information may be incorrect. [/home/srn6/pprojs/risc-v/risc-v/risc-v.srcs/sources_1/new/top.sv:]
WARNING: [filemgmt 56-199] Attempt to get parsing info during refresh. "On-the-fly" syntax checking information may be incorrect. [/home/srn6/pprojs/risc-v/risc-v/risc-v.srcs/sources_1/new/main_memory.sv:]
WARNING: [filemgmt 56-199] Attempt to get parsing info during refresh. "On-the-fly" syntax checking information may be incorrect. [/home/srn6/pprojs/risc-v/risc-v/risc-v.srcs/sources_1/new/memory_stage.sv:]
WARNING: [filemgmt 56-199] Attempt to get parsing info during refresh. "On-the-fly" syntax checking information may be incorrect. [/home/srn6/pprojs/risc-v/risc-v/risc-v.srcs/sources_1/new/memory_stage.sv:]
WARNING: [filemgmt 56-199] Attempt to get parsing info during refresh. "On-the-fly" syntax checking information may be incorrect. [/home/srn6/pprojs/risc-v/risc-v/risc-v.srcs/sources_1/new/rv_pipe_pkg.sv:]
WARNING: [filemgmt 56-199] Attempt to get parsing info during refresh. "On-the-fly" syntax checking information may be incorrect. [/home/srn6/pprojs/risc-v/risc-v/risc-v.srcs/sources_1/new/memory_stage.sv:]
WARNING: [filemgmt 56-199] Attempt to get parsing info during refresh. "On-the-fly" syntax checking information may be incorrect. [/home/srn6/pprojs/risc-v/risc-v/risc-v.srcs/sources_1/new/decode_stage.sv:]
WARNING: [filemgmt 56-199] Attempt to get parsing info during refresh. "On-the-fly" syntax checking information may be incorrect. [/home/srn6/pprojs/risc-v/risc-v/risc-v.srcs/sources_1/new/fetch_stage.sv:]
WARNING: [filemgmt 56-199] Attempt to get parsing info during refresh. "On-the-fly" syntax checking information may be incorrect. [/home/srn6/pprojs/risc-v/risc-v/risc-v.srcs/sources_1/new/top.sv:]
WARNING: [filemgmt 56-199] Attempt to get parsing info during refresh. "On-the-fly" syntax checking information may be incorrect. [/home/srn6/pprojs/risc-v/risc-v/risc-v.srcs/sources_1/new/main_memory.sv:]
WARNING: [filemgmt 56-199] Attempt to get parsing info during refresh. "On-the-fly" syntax checking information may be incorrect. [/home/srn6/pprojs/risc-v/risc-v/risc-v.srcs/sources_1/new/top.sv:]
WARNING: [filemgmt 56-199] Attempt to get parsing info during refresh. "On-the-fly" syntax checking information may be incorrect. [/home/srn6/pprojs/risc-v/risc-v/risc-v.srcs/sources_1/new/top.sv:]
reset_run synth_1
INFO: [Project 1-1161] Replacing file /home/srn6/pprojs/risc-v/risc-v/risc-v.srcs/utils_1/imports/synth_1/instruction_memory.dcp with file /home/srn6/pprojs/risc-v/risc-v/risc-v.runs/synth_1/top.dcp
launch_runs impl_1 -jobs 6
INFO: [Vivado 12-4149] The synthesis checkpoint for IP '/home/srn6/pprojs/risc-v/risc-v/risc-v.srcs/sources_1/ip/blk_mem_gen_0_1/blk_mem_gen_0.xci' is already up-to-date
[Mon Mar  9 22:31:05 2026] Launched synth_1...
Run output will be captured here: /home/srn6/pprojs/risc-v/risc-v/risc-v.runs/synth_1/runme.log
[Mon Mar  9 22:31:05 2026] Launched impl_1...
Run output will be captured here: /home/srn6/pprojs/risc-v/risc-v/risc-v.runs/impl_1/runme.log
WARNING: [filemgmt 56-199] Attempt to get parsing info during refresh. "On-the-fly" syntax checking information may be incorrect. [/home/srn6/pprojs/risc-v/risc-v/risc-v.srcs/sources_1/new/rv_pipe_pkg.sv:]
WARNING: [filemgmt 56-199] Attempt to get parsing info during refresh. "On-the-fly" syntax checking information may be incorrect. [/home/srn6/pprojs/risc-v/risc-v/risc-v.srcs/sources_1/new/memory_stage.sv:]
WARNING: [filemgmt 56-199] Attempt to get parsing info during refresh. "On-the-fly" syntax checking information may be incorrect. [/home/srn6/pprojs/risc-v/risc-v/risc-v.srcs/sources_1/new/decode_stage.sv:]
WARNING: [filemgmt 56-199] Attempt to get parsing info during refresh. "On-the-fly" syntax checking information may be incorrect. [/home/srn6/pprojs/risc-v/risc-v/risc-v.srcs/sources_1/new/fetch_stage.sv:]
WARNING: [filemgmt 56-199] Attempt to get parsing info during refresh. "On-the-fly" syntax checking information may be incorrect. [/home/srn6/pprojs/risc-v/risc-v/risc-v.srcs/sources_1/new/writeback_stage.sv:]
WARNING: [filemgmt 56-199] Attempt to get parsing info during refresh. "On-the-fly" syntax checking information may be incorrect. [/home/srn6/pprojs/risc-v/risc-v/risc-v.srcs/sources_1/new/top.sv:]
WARNING: [filemgmt 56-199] Attempt to get parsing info during refresh. "On-the-fly" syntax checking information may be incorrect. [/home/srn6/pprojs/risc-v/risc-v/risc-v.srcs/sources_1/new/main_memory.sv:]
WARNING: [filemgmt 56-199] Attempt to get parsing info during refresh. "On-the-fly" syntax checking information may be incorrect. [/home/srn6/pprojs/risc-v/risc-v/risc-v.srcs/sources_1/new/rv_pipe_pkg.sv:]
WARNING: [filemgmt 56-199] Attempt to get parsing info during refresh. "On-the-fly" syntax checking information may be incorrect. [/home/srn6/pprojs/risc-v/risc-v/risc-v.srcs/sources_1/new/rv_pipe_pkg.sv:]
WARNING: [filemgmt 56-199] Attempt to get parsing info during refresh. "On-the-fly" syntax checking information may be incorrect. [/home/srn6/pprojs/risc-v/risc-v/risc-v.srcs/sources_1/new/rv_pipe_pkg.sv:]
WARNING: [filemgmt 56-199] Attempt to get parsing info during refresh. "On-the-fly" syntax checking information may be incorrect. [/home/srn6/pprojs/risc-v/risc-v/risc-v.srcs/sources_1/new/memory_stage.sv:]
WARNING: [filemgmt 56-199] Attempt to get parsing info during refresh. "On-the-fly" syntax checking information may be incorrect. [/home/srn6/pprojs/risc-v/risc-v/risc-v.srcs/sources_1/new/decode_stage.sv:]
WARNING: [filemgmt 56-199] Attempt to get parsing info during refresh. "On-the-fly" syntax checking information may be incorrect. [/home/srn6/pprojs/risc-v/risc-v/risc-v.srcs/sources_1/new/fetch_stage.sv:]
WARNING: [filemgmt 56-199] Attempt to get parsing info during refresh. "On-the-fly" syntax checking information may be incorrect. [/home/srn6/pprojs/risc-v/risc-v/risc-v.srcs/sources_1/new/writeback_stage.sv:]
WARNING: [filemgmt 56-199] Attempt to get parsing info during refresh. "On-the-fly" syntax checking information may be incorrect. [/home/srn6/pprojs/risc-v/risc-v/risc-v.srcs/sources_1/new/top.sv:]
WARNING: [filemgmt 56-199] Attempt to get parsing info during refresh. "On-the-fly" syntax checking information may be incorrect. [/home/srn6/pprojs/risc-v/risc-v/risc-v.srcs/sources_1/new/main_memory.sv:]
WARNING: [filemgmt 56-199] Attempt to get parsing info during refresh. "On-the-fly" syntax checking information may be incorrect. [/home/srn6/pprojs/risc-v/risc-v/risc-v.srcs/sources_1/new/fetch_stage.sv:]
WARNING: [filemgmt 56-199] Attempt to get parsing info during refresh. "On-the-fly" syntax checking information may be incorrect. [/home/srn6/pprojs/risc-v/risc-v/risc-v.srcs/sources_1/new/fetch_stage.sv:]
WARNING: [filemgmt 56-199] Attempt to get parsing info during refresh. "On-the-fly" syntax checking information may be incorrect. [/home/srn6/pprojs/risc-v/risc-v/risc-v.srcs/sources_1/new/rv_pipe_pkg.sv:]
WARNING: [filemgmt 56-199] Attempt to get parsing info during refresh. "On-the-fly" syntax checking information may be incorrect. [/home/srn6/pprojs/risc-v/risc-v/risc-v.srcs/sources_1/new/memory_stage.sv:]
WARNING: [filemgmt 56-199] Attempt to get parsing info during refresh. "On-the-fly" syntax checking information may be incorrect. [/home/srn6/pprojs/risc-v/risc-v/risc-v.srcs/sources_1/new/decode_stage.sv:]
WARNING: [filemgmt 56-199] Attempt to get parsing info during refresh. "On-the-fly" syntax checking information may be incorrect. [/home/srn6/pprojs/risc-v/risc-v/risc-v.srcs/sources_1/new/fetch_stage.sv:]
WARNING: [filemgmt 56-199] Attempt to get parsing info during refresh. "On-the-fly" syntax checking information may be incorrect. [/home/srn6/pprojs/risc-v/risc-v/risc-v.srcs/sources_1/new/writeback_stage.sv:]
WARNING: [filemgmt 56-199] Attempt to get parsing info during refresh. "On-the-fly" syntax checking information may be incorrect. [/home/srn6/pprojs/risc-v/risc-v/risc-v.srcs/sources_1/new/top.sv:]
WARNING: [filemgmt 56-199] Attempt to get parsing info during refresh. "On-the-fly" syntax checking information may be incorrect. [/home/srn6/pprojs/risc-v/risc-v/risc-v.srcs/sources_1/new/main_memory.sv:]
WARNING: [filemgmt 56-199] Attempt to get parsing info during refresh. "On-the-fly" syntax checking information may be incorrect. [/home/srn6/pprojs/risc-v/risc-v/risc-v.srcs/sources_1/new/decode_stage.sv:]
WARNING: [filemgmt 56-199] Attempt to get parsing info during refresh. "On-the-fly" syntax checking information may be incorrect. [/home/srn6/pprojs/risc-v/risc-v/risc-v.srcs/sources_1/new/decode_stage.sv:]
WARNING: [filemgmt 56-199] Attempt to get parsing info during refresh. "On-the-fly" syntax checking information may be incorrect. [/home/srn6/pprojs/risc-v/risc-v/risc-v.srcs/sources_1/new/rv_pipe_pkg.sv:]
WARNING: [filemgmt 56-199] Attempt to get parsing info during refresh. "On-the-fly" syntax checking information may be incorrect. [/home/srn6/pprojs/risc-v/risc-v/risc-v.srcs/sources_1/new/memory_stage.sv:]
WARNING: [filemgmt 56-199] Attempt to get parsing info during refresh. "On-the-fly" syntax checking information may be incorrect. [/home/srn6/pprojs/risc-v/risc-v/risc-v.srcs/sources_1/new/decode_stage.sv:]
WARNING: [filemgmt 56-199] Attempt to get parsing info during refresh. "On-the-fly" syntax checking information may be incorrect. [/home/srn6/pprojs/risc-v/risc-v/risc-v.srcs/sources_1/new/fetch_stage.sv:]
WARNING: [filemgmt 56-199] Attempt to get parsing info during refresh. "On-the-fly" syntax checking information may be incorrect. [/home/srn6/pprojs/risc-v/risc-v/risc-v.srcs/sources_1/new/writeback_stage.sv:]
WARNING: [filemgmt 56-199] Attempt to get parsing info during refresh. "On-the-fly" syntax checking information may be incorrect. [/home/srn6/pprojs/risc-v/risc-v/risc-v.srcs/sources_1/new/top.sv:]
WARNING: [filemgmt 56-199] Attempt to get parsing info during refresh. "On-the-fly" syntax checking information may be incorrect. [/home/srn6/pprojs/risc-v/risc-v/risc-v.srcs/sources_1/new/main_memory.sv:]
WARNING: [filemgmt 56-199] Attempt to get parsing info during refresh. "On-the-fly" syntax checking information may be incorrect. [/home/srn6/pprojs/risc-v/risc-v/risc-v.srcs/sources_1/new/memory_stage.sv:]
WARNING: [filemgmt 56-199] Attempt to get parsing info during refresh. "On-the-fly" syntax checking information may be incorrect. [/home/srn6/pprojs/risc-v/risc-v/risc-v.srcs/sources_1/new/memory_stage.sv:]
WARNING: [filemgmt 56-199] Attempt to get parsing info during refresh. "On-the-fly" syntax checking information may be incorrect. [/home/srn6/pprojs/risc-v/risc-v/risc-v.srcs/sources_1/new/rv_pipe_pkg.sv:]
WARNING: [filemgmt 56-199] Attempt to get parsing info during refresh. "On-the-fly" syntax checking information may be incorrect. [/home/srn6/pprojs/risc-v/risc-v/risc-v.srcs/sources_1/new/memory_stage.sv:]
WARNING: [filemgmt 56-199] Attempt to get parsing info during refresh. "On-the-fly" syntax checking information may be incorrect. [/home/srn6/pprojs/risc-v/risc-v/risc-v.srcs/sources_1/new/decode_stage.sv:]
WARNING: [filemgmt 56-199] Attempt to get parsing info during refresh. "On-the-fly" syntax checking information may be incorrect. [/home/srn6/pprojs/risc-v/risc-v/risc-v.srcs/sources_1/new/fetch_stage.sv:]
WARNING: [filemgmt 56-199] Attempt to get parsing info during refresh. "On-the-fly" syntax checking information may be incorrect. [/home/srn6/pprojs/risc-v/risc-v/risc-v.srcs/sources_1/new/writeback_stage.sv:]
WARNING: [filemgmt 56-199] Attempt to get parsing info during refresh. "On-the-fly" syntax checking information may be incorrect. [/home/srn6/pprojs/risc-v/risc-v/risc-v.srcs/sources_1/new/top.sv:]
WARNING: [filemgmt 56-199] Attempt to get parsing info during refresh. "On-the-fly" syntax checking information may be incorrect. [/home/srn6/pprojs/risc-v/risc-v/risc-v.srcs/sources_1/new/main_memory.sv:]
WARNING: [filemgmt 56-199] Attempt to get parsing info during refresh. "On-the-fly" syntax checking information may be incorrect. [/home/srn6/pprojs/risc-v/risc-v/risc-v.srcs/sources_1/new/main_memory.sv:]
WARNING: [filemgmt 56-199] Attempt to get parsing info during refresh. "On-the-fly" syntax checking information may be incorrect. [/home/srn6/pprojs/risc-v/risc-v/risc-v.srcs/sources_1/new/main_memory.sv:]
WARNING: [filemgmt 56-199] Attempt to get parsing info during refresh. "On-the-fly" syntax checking information may be incorrect. [/home/srn6/pprojs/risc-v/risc-v/risc-v.srcs/sources_1/new/rv_pipe_pkg.sv:]
WARNING: [filemgmt 56-199] Attempt to get parsing info during refresh. "On-the-fly" syntax checking information may be incorrect. [/home/srn6/pprojs/risc-v/risc-v/risc-v.srcs/sources_1/new/memory_stage.sv:]
WARNING: [filemgmt 56-199] Attempt to get parsing info during refresh. "On-the-fly" syntax checking information may be incorrect. [/home/srn6/pprojs/risc-v/risc-v/risc-v.srcs/sources_1/new/decode_stage.sv:]
WARNING: [filemgmt 56-199] Attempt to get parsing info during refresh. "On-the-fly" syntax checking information may be incorrect. [/home/srn6/pprojs/risc-v/risc-v/risc-v.srcs/sources_1/new/fetch_stage.sv:]
WARNING: [filemgmt 56-199] Attempt to get parsing info during refresh. "On-the-fly" syntax checking information may be incorrect. [/home/srn6/pprojs/risc-v/risc-v/risc-v.srcs/sources_1/new/writeback_stage.sv:]
WARNING: [filemgmt 56-199] Attempt to get parsing info during refresh. "On-the-fly" syntax checking information may be incorrect. [/home/srn6/pprojs/risc-v/risc-v/risc-v.srcs/sources_1/new/top.sv:]
WARNING: [filemgmt 56-199] Attempt to get parsing info during refresh. "On-the-fly" syntax checking information may be incorrect. [/home/srn6/pprojs/risc-v/risc-v/risc-v.srcs/sources_1/new/main_memory.sv:]
WARNING: [filemgmt 56-199] Attempt to get parsing info during refresh. "On-the-fly" syntax checking information may be incorrect. [/home/srn6/pprojs/risc-v/risc-v/risc-v.srcs/sources_1/new/top.sv:]
WARNING: [filemgmt 56-199] Attempt to get parsing info during refresh. "On-the-fly" syntax checking information may be incorrect. [/home/srn6/pprojs/risc-v/risc-v/risc-v.srcs/sources_1/new/top.sv:]
close_design
WARNING: [filemgmt 56-199] Attempt to get parsing info during refresh. "On-the-fly" syntax checking information may be incorrect. [/home/srn6/pprojs/risc-v/risc-v/risc-v.srcs/sources_1/new/rv_pipe_pkg.sv:]
WARNING: [filemgmt 56-199] Attempt to get parsing info during refresh. "On-the-fly" syntax checking information may be incorrect. [/home/srn6/pprojs/risc-v/risc-v/risc-v.srcs/sources_1/new/memory_stage.sv:]
WARNING: [filemgmt 56-199] Attempt to get parsing info during refresh. "On-the-fly" syntax checking information may be incorrect. [/home/srn6/pprojs/risc-v/risc-v/risc-v.srcs/sources_1/new/decode_stage.sv:]
WARNING: [filemgmt 56-199] Attempt to get parsing info during refresh. "On-the-fly" syntax checking information may be incorrect. [/home/srn6/pprojs/risc-v/risc-v/risc-v.srcs/sources_1/new/fetch_stage.sv:]
WARNING: [filemgmt 56-199] Attempt to get parsing info during refresh. "On-the-fly" syntax checking information may be incorrect. [/home/srn6/pprojs/risc-v/risc-v/risc-v.srcs/sources_1/new/writeback_stage.sv:]
WARNING: [filemgmt 56-199] Attempt to get parsing info during refresh. "On-the-fly" syntax checking information may be incorrect. [/home/srn6/pprojs/risc-v/risc-v/risc-v.srcs/sources_1/new/top.sv:]
WARNING: [filemgmt 56-199] Attempt to get parsing info during refresh. "On-the-fly" syntax checking information may be incorrect. [/home/srn6/pprojs/risc-v/risc-v/risc-v.srcs/sources_1/new/main_memory.sv:]
WARNING: [filemgmt 56-199] Attempt to get parsing info during refresh. "On-the-fly" syntax checking information may be incorrect. [/home/srn6/pprojs/risc-v/risc-v/risc-v.srcs/sources_1/new/rv_pipe_pkg.sv:]
WARNING: [filemgmt 56-199] Attempt to get parsing info during refresh. "On-the-fly" syntax checking information may be incorrect. [/home/srn6/pprojs/risc-v/risc-v/risc-v.srcs/sources_1/new/rv_pipe_pkg.sv:]
WARNING: [filemgmt 56-199] Attempt to get parsing info during refresh. "On-the-fly" syntax checking information may be incorrect. [/home/srn6/pprojs/risc-v/risc-v/risc-v.srcs/sources_1/new/rv_pipe_pkg.sv:]
WARNING: [filemgmt 56-199] Attempt to get parsing info during refresh. "On-the-fly" syntax checking information may be incorrect. [/home/srn6/pprojs/risc-v/risc-v/risc-v.srcs/sources_1/new/memory_stage.sv:]
WARNING: [filemgmt 56-199] Attempt to get parsing info during refresh. "On-the-fly" syntax checking information may be incorrect. [/home/srn6/pprojs/risc-v/risc-v/risc-v.srcs/sources_1/new/decode_stage.sv:]
WARNING: [filemgmt 56-199] Attempt to get parsing info during refresh. "On-the-fly" syntax checking information may be incorrect. [/home/srn6/pprojs/risc-v/risc-v/risc-v.srcs/sources_1/new/fetch_stage.sv:]
WARNING: [filemgmt 56-199] Attempt to get parsing info during refresh. "On-the-fly" syntax checking information may be incorrect. [/home/srn6/pprojs/risc-v/risc-v/risc-v.srcs/sources_1/new/writeback_stage.sv:]
WARNING: [filemgmt 56-199] Attempt to get parsing info during refresh. "On-the-fly" syntax checking information may be incorrect. [/home/srn6/pprojs/risc-v/risc-v/risc-v.srcs/sources_1/new/top.sv:]
WARNING: [filemgmt 56-199] Attempt to get parsing info during refresh. "On-the-fly" syntax checking information may be incorrect. [/home/srn6/pprojs/risc-v/risc-v/risc-v.srcs/sources_1/new/main_memory.sv:]
WARNING: [filemgmt 56-199] Attempt to get parsing info during refresh. "On-the-fly" syntax checking information may be incorrect. [/home/srn6/pprojs/risc-v/risc-v/risc-v.srcs/sources_1/new/decode_stage.sv:]
WARNING: [filemgmt 56-199] Attempt to get parsing info during refresh. "On-the-fly" syntax checking information may be incorrect. [/home/srn6/pprojs/risc-v/risc-v/risc-v.srcs/sources_1/new/decode_stage.sv:]
WARNING: [filemgmt 56-199] Attempt to get parsing info during refresh. "On-the-fly" syntax checking information may be incorrect. [/home/srn6/pprojs/risc-v/risc-v/risc-v.srcs/sources_1/new/rv_pipe_pkg.sv:]
WARNING: [filemgmt 56-199] Attempt to get parsing info during refresh. "On-the-fly" syntax checking information may be incorrect. [/home/srn6/pprojs/risc-v/risc-v/risc-v.srcs/sources_1/new/memory_stage.sv:]
WARNING: [filemgmt 56-199] Attempt to get parsing info during refresh. "On-the-fly" syntax checking information may be incorrect. [/home/srn6/pprojs/risc-v/risc-v/risc-v.srcs/sources_1/new/decode_stage.sv:]
WARNING: [filemgmt 56-199] Attempt to get parsing info during refresh. "On-the-fly" syntax checking information may be incorrect. [/home/srn6/pprojs/risc-v/risc-v/risc-v.srcs/sources_1/new/fetch_stage.sv:]
WARNING: [filemgmt 56-199] Attempt to get parsing info during refresh. "On-the-fly" syntax checking information may be incorrect. [/home/srn6/pprojs/risc-v/risc-v/risc-v.srcs/sources_1/new/writeback_stage.sv:]
WARNING: [filemgmt 56-199] Attempt to get parsing info during refresh. "On-the-fly" syntax checking information may be incorrect. [/home/srn6/pprojs/risc-v/risc-v/risc-v.srcs/sources_1/new/top.sv:]
WARNING: [filemgmt 56-199] Attempt to get parsing info during refresh. "On-the-fly" syntax checking information may be incorrect. [/home/srn6/pprojs/risc-v/risc-v/risc-v.srcs/sources_1/new/main_memory.sv:]
WARNING: [filemgmt 56-199] Attempt to get parsing info during refresh. "On-the-fly" syntax checking information may be incorrect. [/home/srn6/pprojs/risc-v/risc-v/risc-v.srcs/sources_1/new/fetch_stage.sv:]
WARNING: [filemgmt 56-199] Attempt to get parsing info during refresh. "On-the-fly" syntax checking information may be incorrect. [/home/srn6/pprojs/risc-v/risc-v/risc-v.srcs/sources_1/new/fetch_stage.sv:]
WARNING: [filemgmt 56-199] Attempt to get parsing info during refresh. "On-the-fly" syntax checking information may be incorrect. [/home/srn6/pprojs/risc-v/risc-v/risc-v.srcs/sources_1/new/rv_pipe_pkg.sv:]
WARNING: [filemgmt 56-199] Attempt to get parsing info during refresh. "On-the-fly" syntax checking information may be incorrect. [/home/srn6/pprojs/risc-v/risc-v/risc-v.srcs/sources_1/new/memory_stage.sv:]
WARNING: [filemgmt 56-199] Attempt to get parsing info during refresh. "On-the-fly" syntax checking information may be incorrect. [/home/srn6/pprojs/risc-v/risc-v/risc-v.srcs/sources_1/new/decode_stage.sv:]
WARNING: [filemgmt 56-199] Attempt to get parsing info during refresh. "On-the-fly" syntax checking information may be incorrect. [/home/srn6/pprojs/risc-v/risc-v/risc-v.srcs/sources_1/new/fetch_stage.sv:]
WARNING: [filemgmt 56-199] Attempt to get parsing info during refresh. "On-the-fly" syntax checking information may be incorrect. [/home/srn6/pprojs/risc-v/risc-v/risc-v.srcs/sources_1/new/writeback_stage.sv:]
WARNING: [filemgmt 56-199] Attempt to get parsing info during refresh. "On-the-fly" syntax checking information may be incorrect. [/home/srn6/pprojs/risc-v/risc-v/risc-v.srcs/sources_1/new/top.sv:]
WARNING: [filemgmt 56-199] Attempt to get parsing info during refresh. "On-the-fly" syntax checking information may be incorrect. [/home/srn6/pprojs/risc-v/risc-v/risc-v.srcs/sources_1/new/main_memory.sv:]
WARNING: [filemgmt 56-199] Attempt to get parsing info during refresh. "On-the-fly" syntax checking information may be incorrect. [/home/srn6/pprojs/risc-v/risc-v/risc-v.srcs/sources_1/new/main_memory.sv:]
WARNING: [filemgmt 56-199] Attempt to get parsing info during refresh. "On-the-fly" syntax checking information may be incorrect. [/home/srn6/pprojs/risc-v/risc-v/risc-v.srcs/sources_1/new/main_memory.sv:]
WARNING: [filemgmt 56-199] Attempt to get parsing info during refresh. "On-the-fly" syntax checking information may be incorrect. [/home/srn6/pprojs/risc-v/risc-v/risc-v.srcs/sources_1/new/rv_pipe_pkg.sv:]
WARNING: [filemgmt 56-199] Attempt to get parsing info during refresh. "On-the-fly" syntax checking information may be incorrect. [/home/srn6/pprojs/risc-v/risc-v/risc-v.srcs/sources_1/new/memory_stage.sv:]
WARNING: [filemgmt 56-199] Attempt to get parsing info during refresh. "On-the-fly" syntax checking information may be incorrect. [/home/srn6/pprojs/risc-v/risc-v/risc-v.srcs/sources_1/new/decode_stage.sv:]
WARNING: [filemgmt 56-199] Attempt to get parsing info during refresh. "On-the-fly" syntax checking information may be incorrect. [/home/srn6/pprojs/risc-v/risc-v/risc-v.srcs/sources_1/new/fetch_stage.sv:]
WARNING: [filemgmt 56-199] Attempt to get parsing info during refresh. "On-the-fly" syntax checking information may be incorrect. [/home/srn6/pprojs/risc-v/risc-v/risc-v.srcs/sources_1/new/writeback_stage.sv:]
WARNING: [filemgmt 56-199] Attempt to get parsing info during refresh. "On-the-fly" syntax checking information may be incorrect. [/home/srn6/pprojs/risc-v/risc-v/risc-v.srcs/sources_1/new/top.sv:]
WARNING: [filemgmt 56-199] Attempt to get parsing info during refresh. "On-the-fly" syntax checking information may be incorrect. [/home/srn6/pprojs/risc-v/risc-v/risc-v.srcs/sources_1/new/main_memory.sv:]
WARNING: [filemgmt 56-199] Attempt to get parsing info during refresh. "On-the-fly" syntax checking information may be incorrect. [/home/srn6/pprojs/risc-v/risc-v/risc-v.srcs/sources_1/new/memory_stage.sv:]
WARNING: [filemgmt 56-199] Attempt to get parsing info during refresh. "On-the-fly" syntax checking information may be incorrect. [/home/srn6/pprojs/risc-v/risc-v/risc-v.srcs/sources_1/new/memory_stage.sv:]
WARNING: [filemgmt 56-199] Attempt to get parsing info during refresh. "On-the-fly" syntax checking information may be incorrect. [/home/srn6/pprojs/risc-v/risc-v/risc-v.srcs/sources_1/new/rv_pipe_pkg.sv:]
WARNING: [filemgmt 56-199] Attempt to get parsing info during refresh. "On-the-fly" syntax checking information may be incorrect. [/home/srn6/pprojs/risc-v/risc-v/risc-v.srcs/sources_1/new/memory_stage.sv:]
WARNING: [filemgmt 56-199] Attempt to get parsing info during refresh. "On-the-fly" syntax checking information may be incorrect. [/home/srn6/pprojs/risc-v/risc-v/risc-v.srcs/sources_1/new/decode_stage.sv:]
WARNING: [filemgmt 56-199] Attempt to get parsing info during refresh. "On-the-fly" syntax checking information may be incorrect. [/home/srn6/pprojs/risc-v/risc-v/risc-v.srcs/sources_1/new/fetch_stage.sv:]
WARNING: [filemgmt 56-199] Attempt to get parsing info during refresh. "On-the-fly" syntax checking information may be incorrect. [/home/srn6/pprojs/risc-v/risc-v/risc-v.srcs/sources_1/new/writeback_stage.sv:]
WARNING: [filemgmt 56-199] Attempt to get parsing info during refresh. "On-the-fly" syntax checking information may be incorrect. [/home/srn6/pprojs/risc-v/risc-v/risc-v.srcs/sources_1/new/top.sv:]
WARNING: [filemgmt 56-199] Attempt to get parsing info during refresh. "On-the-fly" syntax checking information may be incorrect. [/home/srn6/pprojs/risc-v/risc-v/risc-v.srcs/sources_1/new/main_memory.sv:]
WARNING: [filemgmt 56-199] Attempt to get parsing info during refresh. "On-the-fly" syntax checking information may be incorrect. [/home/srn6/pprojs/risc-v/risc-v/risc-v.srcs/sources_1/new/top.sv:]
WARNING: [filemgmt 56-199] Attempt to get parsing info during refresh. "On-the-fly" syntax checking information may be incorrect. [/home/srn6/pprojs/risc-v/risc-v/risc-v.srcs/sources_1/new/top.sv:]
reset_run synth_1
launch_runs impl_1 -jobs 6
INFO: [Vivado 12-4149] The synthesis checkpoint for IP '/home/srn6/pprojs/risc-v/risc-v/risc-v.srcs/sources_1/ip/blk_mem_gen_0_1/blk_mem_gen_0.xci' is already up-to-date
[Mon Mar  9 22:32:54 2026] Launched synth_1...
Run output will be captured here: /home/srn6/pprojs/risc-v/risc-v/risc-v.runs/synth_1/runme.log
[Mon Mar  9 22:32:54 2026] Launched impl_1...
Run output will be captured here: /home/srn6/pprojs/risc-v/risc-v/risc-v.runs/impl_1/runme.log
open_run impl_1
Netlist sorting complete. Time (s): cpu = 00:00:00 ; elapsed = 00:00:00 . Memory (MB): peak = 12931.281 ; gain = 0.000 ; free physical = 1891 ; free virtual = 10942
INFO: [Project 1-479] Netlist was created with Vivado 2025.1
INFO: [Project 1-570] Preparing netlist for logic optimization
Read ShapeDB Complete: Time (s): cpu = 00:00:00 ; elapsed = 00:00:00.01 . Memory (MB): peak = 12931.281 ; gain = 0.000 ; free physical = 1893 ; free virtual = 10944
INFO: [Timing 38-478] Restoring timing data from binary archive.
INFO: [Timing 38-479] Binary timing data restore complete.
INFO: [Project 1-856] Restoring constraints from binary archive.
INFO: [Project 1-853] Binary constraint restore complete.
INFO: [Designutils 20-5722] Start Reading Physical Databases.
Reading placement.
Read Netlist Cache: Time (s): cpu = 00:00:00 ; elapsed = 00:00:00 . Memory (MB): peak = 12931.281 ; gain = 0.000 ; free physical = 1902 ; free virtual = 10953
Reading placer database...
Read Device Cache: Time (s): cpu = 00:00:00.01 ; elapsed = 00:00:00 . Memory (MB): peak = 12931.281 ; gain = 0.000 ; free physical = 1902 ; free virtual = 10953
Read PlaceDB: Time (s): cpu = 00:00:00 ; elapsed = 00:00:00 . Memory (MB): peak = 12931.281 ; gain = 0.000 ; free physical = 1902 ; free virtual = 10953
Read PulsedLatchDB: Time (s): cpu = 00:00:00 ; elapsed = 00:00:00 . Memory (MB): peak = 12931.281 ; gain = 0.000 ; free physical = 1902 ; free virtual = 10953
Reading routing.
Read RouteStorage: Time (s): cpu = 00:00:00 ; elapsed = 00:00:00 . Memory (MB): peak = 12931.281 ; gain = 0.000 ; free physical = 1902 ; free virtual = 10953
Read Physdb Files: Time (s): cpu = 00:00:00.02 ; elapsed = 00:00:00.02 . Memory (MB): peak = 12931.281 ; gain = 0.000 ; free physical = 1902 ; free virtual = 10953
Restored from archive | CPU: 0.020000 secs | Memory: 0.060760 MB |
Finished XDEF File Restore: Time (s): cpu = 00:00:00.02 ; elapsed = 00:00:00.02 . Memory (MB): peak = 12931.281 ; gain = 0.000 ; free physical = 1902 ; free virtual = 10953
Netlist sorting complete. Time (s): cpu = 00:00:00 ; elapsed = 00:00:00 . Memory (MB): peak = 12931.281 ; gain = 0.000 ; free physical = 1902 ; free virtual = 10953
INFO: [Project 1-111] Unisim Transformation Summary:
No Unisim elements were transformed.

open_run: Time (s): cpu = 00:00:10 ; elapsed = 00:00:07 . Memory (MB): peak = 12949.293 ; gain = 18.012 ; free physical = 1898 ; free virtual = 10953
report_timing_summary -delay_type min_max -report_unconstrained -check_timing_verbose -max_paths 10 -input_pins -routable_nets -name timing_1
INFO: [Timing 38-91] UpdateTimingParams: Speed grade: -1IL, Delay Type: min_max.
INFO: [Timing 38-191] Multithreading enabled for timing update using a maximum of 8 CPUs
report_timing_summary -delay_type min_max -report_unconstrained -check_timing_verbose -max_paths 10 -input_pins -routable_nets -name timing_2
INFO: [Timing 38-91] UpdateTimingParams: Speed grade: -1IL, Delay Type: min_max.
INFO: [Timing 38-191] Multithreading enabled for timing update using a maximum of 8 CPUs
open_run synth_1 -name synth_1
Design is defaulting to impl run constrset: constrs_1
Design is defaulting to synth run part: xc7s50csga324-1IL
INFO: [Project 1-5699] Read binary netlist with skipMacroContent - 1
INFO: [Project 1-454] Reading design checkpoint '/home/srn6/pprojs/risc-v/risc-v/risc-v.gen/sources_1/ip/blk_mem_gen_0_1/blk_mem_gen_0.dcp' for cell 'u_fetch/instr_mem/i_mem'
INFO: [Project 1-454] Reading design checkpoint '/home/srn6/pprojs/risc-v/risc-v/risc-v.gen/sources_1/ip/blk_mem_gen_1_1/blk_mem_gen_1.dcp' for cell 'u_memory/main_mem/main_mem_block'
Netlist sorting complete. Time (s): cpu = 00:00:00.01 ; elapsed = 00:00:00.01 . Memory (MB): peak = 12949.293 ; gain = 0.000 ; free physical = 3811 ; free virtual = 12863
INFO: [Netlist 29-17] Analyzing 120 Unisim elements for replacement
INFO: [Netlist 29-28] Unisim Transformation completed in 0 CPU seconds
INFO: [Project 1-479] Netlist was created with Vivado 2025.1
INFO: [Project 1-570] Preparing netlist for logic optimization
Parsing XDC File [/home/srn6/pprojs/risc-v/risc-v/risc-v.srcs/constrs_1/new/constraints.xdc]
Finished Parsing XDC File [/home/srn6/pprojs/risc-v/risc-v/risc-v.srcs/constrs_1/new/constraints.xdc]
INFO: [Opt 31-138] Pushed 0 inverter(s) to 0 load pin(s).
Netlist sorting complete. Time (s): cpu = 00:00:00 ; elapsed = 00:00:00 . Memory (MB): peak = 12949.293 ; gain = 0.000 ; free physical = 3811 ; free virtual = 12862
INFO: [Project 1-111] Unisim Transformation Summary:
No Unisim elements were transformed.

current_design impl_1
current_design synth_1
WARNING: [filemgmt 56-199] Attempt to get parsing info during refresh. "On-the-fly" syntax checking information may be incorrect. [/home/srn6/pprojs/risc-v/risc-v/risc-v.srcs/sources_1/new/rv_pipe_pkg.sv:]
WARNING: [filemgmt 56-199] Attempt to get parsing info during refresh. "On-the-fly" syntax checking information may be incorrect. [/home/srn6/pprojs/risc-v/risc-v/risc-v.srcs/sources_1/new/memory_stage.sv:]
WARNING: [filemgmt 56-199] Attempt to get parsing info during refresh. "On-the-fly" syntax checking information may be incorrect. [/home/srn6/pprojs/risc-v/risc-v/risc-v.srcs/sources_1/new/decode_stage.sv:]
WARNING: [filemgmt 56-199] Attempt to get parsing info during refresh. "On-the-fly" syntax checking information may be incorrect. [/home/srn6/pprojs/risc-v/risc-v/risc-v.srcs/sources_1/new/fetch_stage.sv:]
WARNING: [filemgmt 56-199] Attempt to get parsing info during refresh. "On-the-fly" syntax checking information may be incorrect. [/home/srn6/pprojs/risc-v/risc-v/risc-v.srcs/sources_1/new/writeback_stage.sv:]
WARNING: [filemgmt 56-199] Attempt to get parsing info during refresh. "On-the-fly" syntax checking information may be incorrect. [/home/srn6/pprojs/risc-v/risc-v/risc-v.srcs/sources_1/new/top.sv:]
WARNING: [filemgmt 56-199] Attempt to get parsing info during refresh. "On-the-fly" syntax checking information may be incorrect. [/home/srn6/pprojs/risc-v/risc-v/risc-v.srcs/sources_1/new/main_memory.sv:]
WARNING: [filemgmt 56-199] Attempt to get parsing info during refresh. "On-the-fly" syntax checking information may be incorrect. [/home/srn6/pprojs/risc-v/risc-v/risc-v.srcs/sources_1/new/top.sv:]
WARNING: [filemgmt 56-199] Attempt to get parsing info during refresh. "On-the-fly" syntax checking information may be incorrect. [/home/srn6/pprojs/risc-v/risc-v/risc-v.srcs/sources_1/new/top.sv:]
WARNING: [filemgmt 56-199] Attempt to get parsing info during refresh. "On-the-fly" syntax checking information may be incorrect. [/home/srn6/pprojs/risc-v/risc-v/risc-v.srcs/sources_1/new/rv_pipe_pkg.sv:]
WARNING: [filemgmt 56-199] Attempt to get parsing info during refresh. "On-the-fly" syntax checking information may be incorrect. [/home/srn6/pprojs/risc-v/risc-v/risc-v.srcs/sources_1/new/memory_stage.sv:]
WARNING: [filemgmt 56-199] Attempt to get parsing info during refresh. "On-the-fly" syntax checking information may be incorrect. [/home/srn6/pprojs/risc-v/risc-v/risc-v.srcs/sources_1/new/decode_stage.sv:]
WARNING: [filemgmt 56-199] Attempt to get parsing info during refresh. "On-the-fly" syntax checking information may be incorrect. [/home/srn6/pprojs/risc-v/risc-v/risc-v.srcs/sources_1/new/fetch_stage.sv:]
WARNING: [filemgmt 56-199] Attempt to get parsing info during refresh. "On-the-fly" syntax checking information may be incorrect. [/home/srn6/pprojs/risc-v/risc-v/risc-v.srcs/sources_1/new/writeback_stage.sv:]
WARNING: [filemgmt 56-199] Attempt to get parsing info during refresh. "On-the-fly" syntax checking information may be incorrect. [/home/srn6/pprojs/risc-v/risc-v/risc-v.srcs/sources_1/new/top.sv:]
WARNING: [filemgmt 56-199] Attempt to get parsing info during refresh. "On-the-fly" syntax checking information may be incorrect. [/home/srn6/pprojs/risc-v/risc-v/risc-v.srcs/sources_1/new/main_memory.sv:]
WARNING: [filemgmt 56-199] Attempt to get parsing info during refresh. "On-the-fly" syntax checking information may be incorrect. [/home/srn6/pprojs/risc-v/risc-v/risc-v.srcs/sources_1/new/fetch_stage.sv:]
WARNING: [filemgmt 56-199] Attempt to get parsing info during refresh. "On-the-fly" syntax checking information may be incorrect. [/home/srn6/pprojs/risc-v/risc-v/risc-v.srcs/sources_1/new/fetch_stage.sv:]
WARNING: [filemgmt 56-199] Attempt to get parsing info during refresh. "On-the-fly" syntax checking information may be incorrect. [/home/srn6/pprojs/risc-v/risc-v/risc-v.srcs/sources_1/new/rv_pipe_pkg.sv:]
WARNING: [filemgmt 56-199] Attempt to get parsing info during refresh. "On-the-fly" syntax checking information may be incorrect. [/home/srn6/pprojs/risc-v/risc-v/risc-v.srcs/sources_1/new/memory_stage.sv:]
WARNING: [filemgmt 56-199] Attempt to get parsing info during refresh. "On-the-fly" syntax checking information may be incorrect. [/home/srn6/pprojs/risc-v/risc-v/risc-v.srcs/sources_1/new/decode_stage.sv:]
WARNING: [filemgmt 56-199] Attempt to get parsing info during refresh. "On-the-fly" syntax checking information may be incorrect. [/home/srn6/pprojs/risc-v/risc-v/risc-v.srcs/sources_1/new/fetch_stage.sv:]
WARNING: [filemgmt 56-199] Attempt to get parsing info during refresh. "On-the-fly" syntax checking information may be incorrect. [/home/srn6/pprojs/risc-v/risc-v/risc-v.srcs/sources_1/new/writeback_stage.sv:]
WARNING: [filemgmt 56-199] Attempt to get parsing info during refresh. "On-the-fly" syntax checking information may be incorrect. [/home/srn6/pprojs/risc-v/risc-v/risc-v.srcs/sources_1/new/top.sv:]
WARNING: [filemgmt 56-199] Attempt to get parsing info during refresh. "On-the-fly" syntax checking information may be incorrect. [/home/srn6/pprojs/risc-v/risc-v/risc-v.srcs/sources_1/new/main_memory.sv:]
WARNING: [filemgmt 56-199] Attempt to get parsing info during refresh. "On-the-fly" syntax checking information may be incorrect. [/home/srn6/pprojs/risc-v/risc-v/risc-v.srcs/sources_1/new/decode_stage.sv:]
WARNING: [filemgmt 56-199] Attempt to get parsing info during refresh. "On-the-fly" syntax checking information may be incorrect. [/home/srn6/pprojs/risc-v/risc-v/risc-v.srcs/sources_1/new/decode_stage.sv:]
WARNING: [filemgmt 56-199] Attempt to get parsing info during refresh. "On-the-fly" syntax checking information may be incorrect. [/home/srn6/pprojs/risc-v/risc-v/risc-v.srcs/sources_1/new/rv_pipe_pkg.sv:]
WARNING: [filemgmt 56-199] Attempt to get parsing info during refresh. "On-the-fly" syntax checking information may be incorrect. [/home/srn6/pprojs/risc-v/risc-v/risc-v.srcs/sources_1/new/memory_stage.sv:]
WARNING: [filemgmt 56-199] Attempt to get parsing info during refresh. "On-the-fly" syntax checking information may be incorrect. [/home/srn6/pprojs/risc-v/risc-v/risc-v.srcs/sources_1/new/decode_stage.sv:]
WARNING: [filemgmt 56-199] Attempt to get parsing info during refresh. "On-the-fly" syntax checking information may be incorrect. [/home/srn6/pprojs/risc-v/risc-v/risc-v.srcs/sources_1/new/fetch_stage.sv:]
WARNING: [filemgmt 56-199] Attempt to get parsing info during refresh. "On-the-fly" syntax checking information may be incorrect. [/home/srn6/pprojs/risc-v/risc-v/risc-v.srcs/sources_1/new/writeback_stage.sv:]
WARNING: [filemgmt 56-199] Attempt to get parsing info during refresh. "On-the-fly" syntax checking information may be incorrect. [/home/srn6/pprojs/risc-v/risc-v/risc-v.srcs/sources_1/new/top.sv:]
WARNING: [filemgmt 56-199] Attempt to get parsing info during refresh. "On-the-fly" syntax checking information may be incorrect. [/home/srn6/pprojs/risc-v/risc-v/risc-v.srcs/sources_1/new/main_memory.sv:]
WARNING: [filemgmt 56-199] Attempt to get parsing info during refresh. "On-the-fly" syntax checking information may be incorrect. [/home/srn6/pprojs/risc-v/risc-v/risc-v.srcs/sources_1/new/memory_stage.sv:]
WARNING: [filemgmt 56-199] Attempt to get parsing info during refresh. "On-the-fly" syntax checking information may be incorrect. [/home/srn6/pprojs/risc-v/risc-v/risc-v.srcs/sources_1/new/memory_stage.sv:]
WARNING: [filemgmt 56-199] Attempt to get parsing info during refresh. "On-the-fly" syntax checking information may be incorrect. [/home/srn6/pprojs/risc-v/risc-v/risc-v.srcs/sources_1/new/rv_pipe_pkg.sv:]
WARNING: [filemgmt 56-199] Attempt to get parsing info during refresh. "On-the-fly" syntax checking information may be incorrect. [/home/srn6/pprojs/risc-v/risc-v/risc-v.srcs/sources_1/new/memory_stage.sv:]
WARNING: [filemgmt 56-199] Attempt to get parsing info during refresh. "On-the-fly" syntax checking information may be incorrect. [/home/srn6/pprojs/risc-v/risc-v/risc-v.srcs/sources_1/new/decode_stage.sv:]
WARNING: [filemgmt 56-199] Attempt to get parsing info during refresh. "On-the-fly" syntax checking information may be incorrect. [/home/srn6/pprojs/risc-v/risc-v/risc-v.srcs/sources_1/new/fetch_stage.sv:]
WARNING: [filemgmt 56-199] Attempt to get parsing info during refresh. "On-the-fly" syntax checking information may be incorrect. [/home/srn6/pprojs/risc-v/risc-v/risc-v.srcs/sources_1/new/writeback_stage.sv:]
WARNING: [filemgmt 56-199] Attempt to get parsing info during refresh. "On-the-fly" syntax checking information may be incorrect. [/home/srn6/pprojs/risc-v/risc-v/risc-v.srcs/sources_1/new/top.sv:]
WARNING: [filemgmt 56-199] Attempt to get parsing info during refresh. "On-the-fly" syntax checking information may be incorrect. [/home/srn6/pprojs/risc-v/risc-v/risc-v.srcs/sources_1/new/main_memory.sv:]
WARNING: [filemgmt 56-199] Attempt to get parsing info during refresh. "On-the-fly" syntax checking information may be incorrect. [/home/srn6/pprojs/risc-v/risc-v/risc-v.srcs/sources_1/new/writeback_stage.sv:]
WARNING: [filemgmt 56-199] Attempt to get parsing info during refresh. "On-the-fly" syntax checking information may be incorrect. [/home/srn6/pprojs/risc-v/risc-v/risc-v.srcs/sources_1/new/writeback_stage.sv:]
WARNING: [filemgmt 56-199] Attempt to get parsing info during refresh. "On-the-fly" syntax checking information may be incorrect. [/home/srn6/pprojs/risc-v/risc-v/risc-v.srcs/sources_1/new/rv_pipe_pkg.sv:]
WARNING: [filemgmt 56-199] Attempt to get parsing info during refresh. "On-the-fly" syntax checking information may be incorrect. [/home/srn6/pprojs/risc-v/risc-v/risc-v.srcs/sources_1/new/memory_stage.sv:]
WARNING: [filemgmt 56-199] Attempt to get parsing info during refresh. "On-the-fly" syntax checking information may be incorrect. [/home/srn6/pprojs/risc-v/risc-v/risc-v.srcs/sources_1/new/decode_stage.sv:]
WARNING: [filemgmt 56-199] Attempt to get parsing info during refresh. "On-the-fly" syntax checking information may be incorrect. [/home/srn6/pprojs/risc-v/risc-v/risc-v.srcs/sources_1/new/fetch_stage.sv:]
WARNING: [filemgmt 56-199] Attempt to get parsing info during refresh. "On-the-fly" syntax checking information may be incorrect. [/home/srn6/pprojs/risc-v/risc-v/risc-v.srcs/sources_1/new/writeback_stage.sv:]
WARNING: [filemgmt 56-199] Attempt to get parsing info during refresh. "On-the-fly" syntax checking information may be incorrect. [/home/srn6/pprojs/risc-v/risc-v/risc-v.srcs/sources_1/new/top.sv:]
WARNING: [filemgmt 56-199] Attempt to get parsing info during refresh. "On-the-fly" syntax checking information may be incorrect. [/home/srn6/pprojs/risc-v/risc-v/risc-v.srcs/sources_1/new/main_memory.sv:]
WARNING: [filemgmt 56-199] Attempt to get parsing info during refresh. "On-the-fly" syntax checking information may be incorrect. [/home/srn6/pprojs/risc-v/risc-v/risc-v.srcs/sources_1/new/rv_pipe_pkg.sv:]
WARNING: [filemgmt 56-199] Attempt to get parsing info during refresh. "On-the-fly" syntax checking information may be incorrect. [/home/srn6/pprojs/risc-v/risc-v/risc-v.srcs/sources_1/new/rv_pipe_pkg.sv:]
WARNING: [filemgmt 56-199] Attempt to get parsing info during refresh. "On-the-fly" syntax checking information may be incorrect. [/home/srn6/pprojs/risc-v/risc-v/risc-v.srcs/sources_1/new/rv_pipe_pkg.sv:]
WARNING: [filemgmt 56-199] Attempt to get parsing info during refresh. "On-the-fly" syntax checking information may be incorrect. [/home/srn6/pprojs/risc-v/risc-v/risc-v.srcs/sources_1/new/memory_stage.sv:]
WARNING: [filemgmt 56-199] Attempt to get parsing info during refresh. "On-the-fly" syntax checking information may be incorrect. [/home/srn6/pprojs/risc-v/risc-v/risc-v.srcs/sources_1/new/decode_stage.sv:]
WARNING: [filemgmt 56-199] Attempt to get parsing info during refresh. "On-the-fly" syntax checking information may be incorrect. [/home/srn6/pprojs/risc-v/risc-v/risc-v.srcs/sources_1/new/fetch_stage.sv:]
WARNING: [filemgmt 56-199] Attempt to get parsing info during refresh. "On-the-fly" syntax checking information may be incorrect. [/home/srn6/pprojs/risc-v/risc-v/risc-v.srcs/sources_1/new/writeback_stage.sv:]
WARNING: [filemgmt 56-199] Attempt to get parsing info during refresh. "On-the-fly" syntax checking information may be incorrect. [/home/srn6/pprojs/risc-v/risc-v/risc-v.srcs/sources_1/new/top.sv:]
WARNING: [filemgmt 56-199] Attempt to get parsing info during refresh. "On-the-fly" syntax checking information may be incorrect. [/home/srn6/pprojs/risc-v/risc-v/risc-v.srcs/sources_1/new/main_memory.sv:]
WARNING: [filemgmt 56-199] Attempt to get parsing info during refresh. "On-the-fly" syntax checking information may be incorrect. [/home/srn6/pprojs/risc-v/risc-v/risc-v.srcs/sources_1/new/rv_pipe_pkg.sv:]
WARNING: [filemgmt 56-199] Attempt to get parsing info during refresh. "On-the-fly" syntax checking information may be incorrect. [/home/srn6/pprojs/risc-v/risc-v/risc-v.srcs/sources_1/new/rv_pipe_pkg.sv:]
WARNING: [filemgmt 56-199] Attempt to get parsing info during refresh. "On-the-fly" syntax checking information may be incorrect. [/home/srn6/pprojs/risc-v/risc-v/risc-v.srcs/sources_1/new/rv_pipe_pkg.sv:]
WARNING: [filemgmt 56-199] Attempt to get parsing info during refresh. "On-the-fly" syntax checking information may be incorrect. [/home/srn6/pprojs/risc-v/risc-v/risc-v.srcs/sources_1/new/memory_stage.sv:]
WARNING: [filemgmt 56-199] Attempt to get parsing info during refresh. "On-the-fly" syntax checking information may be incorrect. [/home/srn6/pprojs/risc-v/risc-v/risc-v.srcs/sources_1/new/decode_stage.sv:]
WARNING: [filemgmt 56-199] Attempt to get parsing info during refresh. "On-the-fly" syntax checking information may be incorrect. [/home/srn6/pprojs/risc-v/risc-v/risc-v.srcs/sources_1/new/fetch_stage.sv:]
WARNING: [filemgmt 56-199] Attempt to get parsing info during refresh. "On-the-fly" syntax checking information may be incorrect. [/home/srn6/pprojs/risc-v/risc-v/risc-v.srcs/sources_1/new/writeback_stage.sv:]
WARNING: [filemgmt 56-199] Attempt to get parsing info during refresh. "On-the-fly" syntax checking information may be incorrect. [/home/srn6/pprojs/risc-v/risc-v/risc-v.srcs/sources_1/new/top.sv:]
WARNING: [filemgmt 56-199] Attempt to get parsing info during refresh. "On-the-fly" syntax checking information may be incorrect. [/home/srn6/pprojs/risc-v/risc-v/risc-v.srcs/sources_1/new/main_memory.sv:]
WARNING: [filemgmt 56-199] Attempt to get parsing info during refresh. "On-the-fly" syntax checking information may be incorrect. [/home/srn6/pprojs/risc-v/risc-v/risc-v.srcs/sources_1/new/decode_stage.sv:]
WARNING: [filemgmt 56-199] Attempt to get parsing info during refresh. "On-the-fly" syntax checking information may be incorrect. [/home/srn6/pprojs/risc-v/risc-v/risc-v.srcs/sources_1/new/decode_stage.sv:]
WARNING: [filemgmt 56-199] Attempt to get parsing info during refresh. "On-the-fly" syntax checking information may be incorrect. [/home/srn6/pprojs/risc-v/risc-v/risc-v.srcs/sources_1/new/rv_pipe_pkg.sv:]
WARNING: [filemgmt 56-199] Attempt to get parsing info during refresh. "On-the-fly" syntax checking information may be incorrect. [/home/srn6/pprojs/risc-v/risc-v/risc-v.srcs/sources_1/new/memory_stage.sv:]
WARNING: [filemgmt 56-199] Attempt to get parsing info during refresh. "On-the-fly" syntax checking information may be incorrect. [/home/srn6/pprojs/risc-v/risc-v/risc-v.srcs/sources_1/new/decode_stage.sv:]
WARNING: [filemgmt 56-199] Attempt to get parsing info during refresh. "On-the-fly" syntax checking information may be incorrect. [/home/srn6/pprojs/risc-v/risc-v/risc-v.srcs/sources_1/new/fetch_stage.sv:]
WARNING: [filemgmt 56-199] Attempt to get parsing info during refresh. "On-the-fly" syntax checking information may be incorrect. [/home/srn6/pprojs/risc-v/risc-v/risc-v.srcs/sources_1/new/writeback_stage.sv:]
WARNING: [filemgmt 56-199] Attempt to get parsing info during refresh. "On-the-fly" syntax checking information may be incorrect. [/home/srn6/pprojs/risc-v/risc-v/risc-v.srcs/sources_1/new/top.sv:]
WARNING: [filemgmt 56-199] Attempt to get parsing info during refresh. "On-the-fly" syntax checking information may be incorrect. [/home/srn6/pprojs/risc-v/risc-v/risc-v.srcs/sources_1/new/main_memory.sv:]
WARNING: [filemgmt 56-199] Attempt to get parsing info during refresh. "On-the-fly" syntax checking information may be incorrect. [/home/srn6/pprojs/risc-v/risc-v/risc-v.srcs/sources_1/new/fetch_stage.sv:]
WARNING: [filemgmt 56-199] Attempt to get parsing info during refresh. "On-the-fly" syntax checking information may be incorrect. [/home/srn6/pprojs/risc-v/risc-v/risc-v.srcs/sources_1/new/fetch_stage.sv:]
WARNING: [filemgmt 56-199] Attempt to get parsing info during refresh. "On-the-fly" syntax checking information may be incorrect. [/home/srn6/pprojs/risc-v/risc-v/risc-v.srcs/sources_1/new/rv_pipe_pkg.sv:]
WARNING: [filemgmt 56-199] Attempt to get parsing info during refresh. "On-the-fly" syntax checking information may be incorrect. [/home/srn6/pprojs/risc-v/risc-v/risc-v.srcs/sources_1/new/memory_stage.sv:]
WARNING: [filemgmt 56-199] Attempt to get parsing info during refresh. "On-the-fly" syntax checking information may be incorrect. [/home/srn6/pprojs/risc-v/risc-v/risc-v.srcs/sources_1/new/decode_stage.sv:]
WARNING: [filemgmt 56-199] Attempt to get parsing info during refresh. "On-the-fly" syntax checking information may be incorrect. [/home/srn6/pprojs/risc-v/risc-v/risc-v.srcs/sources_1/new/fetch_stage.sv:]
WARNING: [filemgmt 56-199] Attempt to get parsing info during refresh. "On-the-fly" syntax checking information may be incorrect. [/home/srn6/pprojs/risc-v/risc-v/risc-v.srcs/sources_1/new/writeback_stage.sv:]
WARNING: [filemgmt 56-199] Attempt to get parsing info during refresh. "On-the-fly" syntax checking information may be incorrect. [/home/srn6/pprojs/risc-v/risc-v/risc-v.srcs/sources_1/new/top.sv:]
WARNING: [filemgmt 56-199] Attempt to get parsing info during refresh. "On-the-fly" syntax checking information may be incorrect. [/home/srn6/pprojs/risc-v/risc-v/risc-v.srcs/sources_1/new/main_memory.sv:]
WARNING: [filemgmt 56-199] Attempt to get parsing info during refresh. "On-the-fly" syntax checking information may be incorrect. [/home/srn6/pprojs/risc-v/risc-v/risc-v.srcs/sources_1/new/main_memory.sv:]
WARNING: [filemgmt 56-199] Attempt to get parsing info during refresh. "On-the-fly" syntax checking information may be incorrect. [/home/srn6/pprojs/risc-v/risc-v/risc-v.srcs/sources_1/new/main_memory.sv:]
WARNING: [filemgmt 56-199] Attempt to get parsing info during refresh. "On-the-fly" syntax checking information may be incorrect. [/home/srn6/pprojs/risc-v/risc-v/risc-v.srcs/sources_1/new/rv_pipe_pkg.sv:]
WARNING: [filemgmt 56-199] Attempt to get parsing info during refresh. "On-the-fly" syntax checking information may be incorrect. [/home/srn6/pprojs/risc-v/risc-v/risc-v.srcs/sources_1/new/memory_stage.sv:]
WARNING: [filemgmt 56-199] Attempt to get parsing info during refresh. "On-the-fly" syntax checking information may be incorrect. [/home/srn6/pprojs/risc-v/risc-v/risc-v.srcs/sources_1/new/decode_stage.sv:]
WARNING: [filemgmt 56-199] Attempt to get parsing info during refresh. "On-the-fly" syntax checking information may be incorrect. [/home/srn6/pprojs/risc-v/risc-v/risc-v.srcs/sources_1/new/fetch_stage.sv:]
WARNING: [filemgmt 56-199] Attempt to get parsing info during refresh. "On-the-fly" syntax checking information may be incorrect. [/home/srn6/pprojs/risc-v/risc-v/risc-v.srcs/sources_1/new/writeback_stage.sv:]
WARNING: [filemgmt 56-199] Attempt to get parsing info during refresh. "On-the-fly" syntax checking information may be incorrect. [/home/srn6/pprojs/risc-v/risc-v/risc-v.srcs/sources_1/new/top.sv:]
WARNING: [filemgmt 56-199] Attempt to get parsing info during refresh. "On-the-fly" syntax checking information may be incorrect. [/home/srn6/pprojs/risc-v/risc-v/risc-v.srcs/sources_1/new/main_memory.sv:]
WARNING: [filemgmt 56-199] Attempt to get parsing info during refresh. "On-the-fly" syntax checking information may be incorrect. [/home/srn6/pprojs/risc-v/risc-v/risc-v.srcs/sources_1/new/top.sv:]
WARNING: [filemgmt 56-199] Attempt to get parsing info during refresh. "On-the-fly" syntax checking information may be incorrect. [/home/srn6/pprojs/risc-v/risc-v/risc-v.srcs/sources_1/new/top.sv:]
WARNING: [filemgmt 56-199] Attempt to get parsing info during refresh. "On-the-fly" syntax checking information may be incorrect. [/home/srn6/pprojs/risc-v/risc-v/risc-v.srcs/sources_1/new/rv_pipe_pkg.sv:]
WARNING: [filemgmt 56-199] Attempt to get parsing info during refresh. "On-the-fly" syntax checking information may be incorrect. [/home/srn6/pprojs/risc-v/risc-v/risc-v.srcs/sources_1/new/memory_stage.sv:]
WARNING: [filemgmt 56-199] Attempt to get parsing info during refresh. "On-the-fly" syntax checking information may be incorrect. [/home/srn6/pprojs/risc-v/risc-v/risc-v.srcs/sources_1/new/decode_stage.sv:]
WARNING: [filemgmt 56-199] Attempt to get parsing info during refresh. "On-the-fly" syntax checking information may be incorrect. [/home/srn6/pprojs/risc-v/risc-v/risc-v.srcs/sources_1/new/fetch_stage.sv:]
WARNING: [filemgmt 56-199] Attempt to get parsing info during refresh. "On-the-fly" syntax checking information may be incorrect. [/home/srn6/pprojs/risc-v/risc-v/risc-v.srcs/sources_1/new/writeback_stage.sv:]
WARNING: [filemgmt 56-199] Attempt to get parsing info during refresh. "On-the-fly" syntax checking information may be incorrect. [/home/srn6/pprojs/risc-v/risc-v/risc-v.srcs/sources_1/new/top.sv:]
WARNING: [filemgmt 56-199] Attempt to get parsing info during refresh. "On-the-fly" syntax checking information may be incorrect. [/home/srn6/pprojs/risc-v/risc-v/risc-v.srcs/sources_1/new/main_memory.sv:]
WARNING: [filemgmt 56-199] Attempt to get parsing info during refresh. "On-the-fly" syntax checking information may be incorrect. [/home/srn6/pprojs/risc-v/risc-v/risc-v.srcs/sources_1/new/memory_stage.sv:]
WARNING: [filemgmt 56-199] Attempt to get parsing info during refresh. "On-the-fly" syntax checking information may be incorrect. [/home/srn6/pprojs/risc-v/risc-v/risc-v.srcs/sources_1/new/memory_stage.sv:]
WARNING: [filemgmt 56-199] Attempt to get parsing info during refresh. "On-the-fly" syntax checking information may be incorrect. [/home/srn6/pprojs/risc-v/risc-v/risc-v.srcs/sources_1/new/rv_pipe_pkg.sv:]
WARNING: [filemgmt 56-199] Attempt to get parsing info during refresh. "On-the-fly" syntax checking information may be incorrect. [/home/srn6/pprojs/risc-v/risc-v/risc-v.srcs/sources_1/new/memory_stage.sv:]
WARNING: [filemgmt 56-199] Attempt to get parsing info during refresh. "On-the-fly" syntax checking information may be incorrect. [/home/srn6/pprojs/risc-v/risc-v/risc-v.srcs/sources_1/new/decode_stage.sv:]
WARNING: [filemgmt 56-199] Attempt to get parsing info during refresh. "On-the-fly" syntax checking information may be incorrect. [/home/srn6/pprojs/risc-v/risc-v/risc-v.srcs/sources_1/new/fetch_stage.sv:]
WARNING: [filemgmt 56-199] Attempt to get parsing info during refresh. "On-the-fly" syntax checking information may be incorrect. [/home/srn6/pprojs/risc-v/risc-v/risc-v.srcs/sources_1/new/writeback_stage.sv:]
WARNING: [filemgmt 56-199] Attempt to get parsing info during refresh. "On-the-fly" syntax checking information may be incorrect. [/home/srn6/pprojs/risc-v/risc-v/risc-v.srcs/sources_1/new/top.sv:]
WARNING: [filemgmt 56-199] Attempt to get parsing info during refresh. "On-the-fly" syntax checking information may be incorrect. [/home/srn6/pprojs/risc-v/risc-v/risc-v.srcs/sources_1/new/main_memory.sv:]
WARNING: [filemgmt 56-199] Attempt to get parsing info during refresh. "On-the-fly" syntax checking information may be incorrect. [/home/srn6/pprojs/risc-v/risc-v/risc-v.srcs/sources_1/new/rv_pipe_pkg.sv:]
WARNING: [filemgmt 56-199] Attempt to get parsing info during refresh. "On-the-fly" syntax checking information may be incorrect. [/home/srn6/pprojs/risc-v/risc-v/risc-v.srcs/sources_1/new/rv_pipe_pkg.sv:]
WARNING: [filemgmt 56-199] Attempt to get parsing info during refresh. "On-the-fly" syntax checking information may be incorrect. [/home/srn6/pprojs/risc-v/risc-v/risc-v.srcs/sources_1/new/rv_pipe_pkg.sv:]
WARNING: [filemgmt 56-199] Attempt to get parsing info during refresh. "On-the-fly" syntax checking information may be incorrect. [/home/srn6/pprojs/risc-v/risc-v/risc-v.srcs/sources_1/new/memory_stage.sv:]
WARNING: [filemgmt 56-199] Attempt to get parsing info during refresh. "On-the-fly" syntax checking information may be incorrect. [/home/srn6/pprojs/risc-v/risc-v/risc-v.srcs/sources_1/new/decode_stage.sv:]
WARNING: [filemgmt 56-199] Attempt to get parsing info during refresh. "On-the-fly" syntax checking information may be incorrect. [/home/srn6/pprojs/risc-v/risc-v/risc-v.srcs/sources_1/new/fetch_stage.sv:]
WARNING: [filemgmt 56-199] Attempt to get parsing info during refresh. "On-the-fly" syntax checking information may be incorrect. [/home/srn6/pprojs/risc-v/risc-v/risc-v.srcs/sources_1/new/writeback_stage.sv:]
WARNING: [filemgmt 56-199] Attempt to get parsing info during refresh. "On-the-fly" syntax checking information may be incorrect. [/home/srn6/pprojs/risc-v/risc-v/risc-v.srcs/sources_1/new/top.sv:]
WARNING: [filemgmt 56-199] Attempt to get parsing info during refresh. "On-the-fly" syntax checking information may be incorrect. [/home/srn6/pprojs/risc-v/risc-v/risc-v.srcs/sources_1/new/main_memory.sv:]
WARNING: [filemgmt 56-199] Attempt to get parsing info during refresh. "On-the-fly" syntax checking information may be incorrect. [/home/srn6/pprojs/risc-v/risc-v/risc-v.srcs/sources_1/new/decode_stage.sv:]
WARNING: [filemgmt 56-199] Attempt to get parsing info during refresh. "On-the-fly" syntax checking information may be incorrect. [/home/srn6/pprojs/risc-v/risc-v/risc-v.srcs/sources_1/new/decode_stage.sv:]
WARNING: [filemgmt 56-199] Attempt to get parsing info during refresh. "On-the-fly" syntax checking information may be incorrect. [/home/srn6/pprojs/risc-v/risc-v/risc-v.srcs/sources_1/new/rv_pipe_pkg.sv:]
WARNING: [filemgmt 56-199] Attempt to get parsing info during refresh. "On-the-fly" syntax checking information may be incorrect. [/home/srn6/pprojs/risc-v/risc-v/risc-v.srcs/sources_1/new/memory_stage.sv:]
WARNING: [filemgmt 56-199] Attempt to get parsing info during refresh. "On-the-fly" syntax checking information may be incorrect. [/home/srn6/pprojs/risc-v/risc-v/risc-v.srcs/sources_1/new/decode_stage.sv:]
WARNING: [filemgmt 56-199] Attempt to get parsing info during refresh. "On-the-fly" syntax checking information may be incorrect. [/home/srn6/pprojs/risc-v/risc-v/risc-v.srcs/sources_1/new/fetch_stage.sv:]
WARNING: [filemgmt 56-199] Attempt to get parsing info during refresh. "On-the-fly" syntax checking information may be incorrect. [/home/srn6/pprojs/risc-v/risc-v/risc-v.srcs/sources_1/new/writeback_stage.sv:]
WARNING: [filemgmt 56-199] Attempt to get parsing info during refresh. "On-the-fly" syntax checking information may be incorrect. [/home/srn6/pprojs/risc-v/risc-v/risc-v.srcs/sources_1/new/top.sv:]
WARNING: [filemgmt 56-199] Attempt to get parsing info during refresh. "On-the-fly" syntax checking information may be incorrect. [/home/srn6/pprojs/risc-v/risc-v/risc-v.srcs/sources_1/new/main_memory.sv:]
WARNING: [filemgmt 56-199] Attempt to get parsing info during refresh. "On-the-fly" syntax checking information may be incorrect. [/home/srn6/pprojs/risc-v/risc-v/risc-v.srcs/sources_1/new/fetch_stage.sv:]
WARNING: [filemgmt 56-199] Attempt to get parsing info during refresh. "On-the-fly" syntax checking information may be incorrect. [/home/srn6/pprojs/risc-v/risc-v/risc-v.srcs/sources_1/new/fetch_stage.sv:]
WARNING: [filemgmt 56-199] Attempt to get parsing info during refresh. "On-the-fly" syntax checking information may be incorrect. [/home/srn6/pprojs/risc-v/risc-v/risc-v.srcs/sources_1/new/rv_pipe_pkg.sv:]
WARNING: [filemgmt 56-199] Attempt to get parsing info during refresh. "On-the-fly" syntax checking information may be incorrect. [/home/srn6/pprojs/risc-v/risc-v/risc-v.srcs/sources_1/new/memory_stage.sv:]
WARNING: [filemgmt 56-199] Attempt to get parsing info during refresh. "On-the-fly" syntax checking information may be incorrect. [/home/srn6/pprojs/risc-v/risc-v/risc-v.srcs/sources_1/new/decode_stage.sv:]
WARNING: [filemgmt 56-199] Attempt to get parsing info during refresh. "On-the-fly" syntax checking information may be incorrect. [/home/srn6/pprojs/risc-v/risc-v/risc-v.srcs/sources_1/new/fetch_stage.sv:]
WARNING: [filemgmt 56-199] Attempt to get parsing info during refresh. "On-the-fly" syntax checking information may be incorrect. [/home/srn6/pprojs/risc-v/risc-v/risc-v.srcs/sources_1/new/writeback_stage.sv:]
WARNING: [filemgmt 56-199] Attempt to get parsing info during refresh. "On-the-fly" syntax checking information may be incorrect. [/home/srn6/pprojs/risc-v/risc-v/risc-v.srcs/sources_1/new/top.sv:]
WARNING: [filemgmt 56-199] Attempt to get parsing info during refresh. "On-the-fly" syntax checking information may be incorrect. [/home/srn6/pprojs/risc-v/risc-v/risc-v.srcs/sources_1/new/main_memory.sv:]
WARNING: [filemgmt 56-199] Attempt to get parsing info during refresh. "On-the-fly" syntax checking information may be incorrect. [/home/srn6/pprojs/risc-v/risc-v/risc-v.srcs/sources_1/new/writeback_stage.sv:]
WARNING: [filemgmt 56-199] Attempt to get parsing info during refresh. "On-the-fly" syntax checking information may be incorrect. [/home/srn6/pprojs/risc-v/risc-v/risc-v.srcs/sources_1/new/writeback_stage.sv:]
WARNING: [filemgmt 56-199] Attempt to get parsing info during refresh. "On-the-fly" syntax checking information may be incorrect. [/home/srn6/pprojs/risc-v/risc-v/risc-v.srcs/sources_1/new/rv_pipe_pkg.sv:]
WARNING: [filemgmt 56-199] Attempt to get parsing info during refresh. "On-the-fly" syntax checking information may be incorrect. [/home/srn6/pprojs/risc-v/risc-v/risc-v.srcs/sources_1/new/memory_stage.sv:]
WARNING: [filemgmt 56-199] Attempt to get parsing info during refresh. "On-the-fly" syntax checking information may be incorrect. [/home/srn6/pprojs/risc-v/risc-v/risc-v.srcs/sources_1/new/decode_stage.sv:]
WARNING: [filemgmt 56-199] Attempt to get parsing info during refresh. "On-the-fly" syntax checking information may be incorrect. [/home/srn6/pprojs/risc-v/risc-v/risc-v.srcs/sources_1/new/fetch_stage.sv:]
WARNING: [filemgmt 56-199] Attempt to get parsing info during refresh. "On-the-fly" syntax checking information may be incorrect. [/home/srn6/pprojs/risc-v/risc-v/risc-v.srcs/sources_1/new/writeback_stage.sv:]
WARNING: [filemgmt 56-199] Attempt to get parsing info during refresh. "On-the-fly" syntax checking information may be incorrect. [/home/srn6/pprojs/risc-v/risc-v/risc-v.srcs/sources_1/new/top.sv:]
WARNING: [filemgmt 56-199] Attempt to get parsing info during refresh. "On-the-fly" syntax checking information may be incorrect. [/home/srn6/pprojs/risc-v/risc-v/risc-v.srcs/sources_1/new/main_memory.sv:]
WARNING: [filemgmt 56-199] Attempt to get parsing info during refresh. "On-the-fly" syntax checking information may be incorrect. [/home/srn6/pprojs/risc-v/risc-v/risc-v.srcs/sources_1/new/main_memory.sv:]
WARNING: [filemgmt 56-199] Attempt to get parsing info during refresh. "On-the-fly" syntax checking information may be incorrect. [/home/srn6/pprojs/risc-v/risc-v/risc-v.srcs/sources_1/new/main_memory.sv:]
WARNING: [filemgmt 56-199] Attempt to get parsing info during refresh. "On-the-fly" syntax checking information may be incorrect. [/home/srn6/pprojs/risc-v/risc-v/risc-v.srcs/sources_1/new/rv_pipe_pkg.sv:]
WARNING: [filemgmt 56-199] Attempt to get parsing info during refresh. "On-the-fly" syntax checking information may be incorrect. [/home/srn6/pprojs/risc-v/risc-v/risc-v.srcs/sources_1/new/memory_stage.sv:]
WARNING: [filemgmt 56-199] Attempt to get parsing info during refresh. "On-the-fly" syntax checking information may be incorrect. [/home/srn6/pprojs/risc-v/risc-v/risc-v.srcs/sources_1/new/decode_stage.sv:]
WARNING: [filemgmt 56-199] Attempt to get parsing info during refresh. "On-the-fly" syntax checking information may be incorrect. [/home/srn6/pprojs/risc-v/risc-v/risc-v.srcs/sources_1/new/fetch_stage.sv:]
WARNING: [filemgmt 56-199] Attempt to get parsing info during refresh. "On-the-fly" syntax checking information may be incorrect. [/home/srn6/pprojs/risc-v/risc-v/risc-v.srcs/sources_1/new/writeback_stage.sv:]
WARNING: [filemgmt 56-199] Attempt to get parsing info during refresh. "On-the-fly" syntax checking information may be incorrect. [/home/srn6/pprojs/risc-v/risc-v/risc-v.srcs/sources_1/new/top.sv:]
WARNING: [filemgmt 56-199] Attempt to get parsing info during refresh. "On-the-fly" syntax checking information may be incorrect. [/home/srn6/pprojs/risc-v/risc-v/risc-v.srcs/sources_1/new/main_memory.sv:]
WARNING: [filemgmt 56-199] Attempt to get parsing info during refresh. "On-the-fly" syntax checking information may be incorrect. [/home/srn6/pprojs/risc-v/risc-v/risc-v.srcs/sources_1/new/top.sv:]
WARNING: [filemgmt 56-199] Attempt to get parsing info during refresh. "On-the-fly" syntax checking information may be incorrect. [/home/srn6/pprojs/risc-v/risc-v/risc-v.srcs/sources_1/new/top.sv:]
WARNING: [filemgmt 56-199] Attempt to get parsing info during refresh. "On-the-fly" syntax checking information may be incorrect. [/home/srn6/pprojs/risc-v/risc-v/risc-v.srcs/sources_1/new/rv_pipe_pkg.sv:]
WARNING: [filemgmt 56-199] Attempt to get parsing info during refresh. "On-the-fly" syntax checking information may be incorrect. [/home/srn6/pprojs/risc-v/risc-v/risc-v.srcs/sources_1/new/memory_stage.sv:]
WARNING: [filemgmt 56-199] Attempt to get parsing info during refresh. "On-the-fly" syntax checking information may be incorrect. [/home/srn6/pprojs/risc-v/risc-v/risc-v.srcs/sources_1/new/decode_stage.sv:]
WARNING: [filemgmt 56-199] Attempt to get parsing info during refresh. "On-the-fly" syntax checking information may be incorrect. [/home/srn6/pprojs/risc-v/risc-v/risc-v.srcs/sources_1/new/fetch_stage.sv:]
WARNING: [filemgmt 56-199] Attempt to get parsing info during refresh. "On-the-fly" syntax checking information may be incorrect. [/home/srn6/pprojs/risc-v/risc-v/risc-v.srcs/sources_1/new/writeback_stage.sv:]
WARNING: [filemgmt 56-199] Attempt to get parsing info during refresh. "On-the-fly" syntax checking information may be incorrect. [/home/srn6/pprojs/risc-v/risc-v/risc-v.srcs/sources_1/new/top.sv:]
WARNING: [filemgmt 56-199] Attempt to get parsing info during refresh. "On-the-fly" syntax checking information may be incorrect. [/home/srn6/pprojs/risc-v/risc-v/risc-v.srcs/sources_1/new/main_memory.sv:]
WARNING: [filemgmt 56-199] Attempt to get parsing info during refresh. "On-the-fly" syntax checking information may be incorrect. [/home/srn6/pprojs/risc-v/risc-v/risc-v.srcs/sources_1/new/top.sv:]
WARNING: [filemgmt 56-199] Attempt to get parsing info during refresh. "On-the-fly" syntax checking information may be incorrect. [/home/srn6/pprojs/risc-v/risc-v/risc-v.srcs/sources_1/new/top.sv:]
WARNING: [filemgmt 56-199] Attempt to get parsing info during refresh. "On-the-fly" syntax checking information may be incorrect. [/home/srn6/pprojs/risc-v/risc-v/risc-v.srcs/sources_1/new/rv_pipe_pkg.sv:]
WARNING: [filemgmt 56-199] Attempt to get parsing info during refresh. "On-the-fly" syntax checking information may be incorrect. [/home/srn6/pprojs/risc-v/risc-v/risc-v.srcs/sources_1/new/memory_stage.sv:]
WARNING: [filemgmt 56-199] Attempt to get parsing info during refresh. "On-the-fly" syntax checking information may be incorrect. [/home/srn6/pprojs/risc-v/risc-v/risc-v.srcs/sources_1/new/decode_stage.sv:]
WARNING: [filemgmt 56-199] Attempt to get parsing info during refresh. "On-the-fly" syntax checking information may be incorrect. [/home/srn6/pprojs/risc-v/risc-v/risc-v.srcs/sources_1/new/fetch_stage.sv:]
WARNING: [filemgmt 56-199] Attempt to get parsing info during refresh. "On-the-fly" syntax checking information may be incorrect. [/home/srn6/pprojs/risc-v/risc-v/risc-v.srcs/sources_1/new/writeback_stage.sv:]
WARNING: [filemgmt 56-199] Attempt to get parsing info during refresh. "On-the-fly" syntax checking information may be incorrect. [/home/srn6/pprojs/risc-v/risc-v/risc-v.srcs/sources_1/new/top.sv:]
WARNING: [filemgmt 56-199] Attempt to get parsing info during refresh. "On-the-fly" syntax checking information may be incorrect. [/home/srn6/pprojs/risc-v/risc-v/risc-v.srcs/sources_1/new/main_memory.sv:]
WARNING: [filemgmt 56-199] Attempt to get parsing info during refresh. "On-the-fly" syntax checking information may be incorrect. [/home/srn6/pprojs/risc-v/risc-v/risc-v.srcs/sources_1/new/decode_stage.sv:]
WARNING: [filemgmt 56-199] Attempt to get parsing info during refresh. "On-the-fly" syntax checking information may be incorrect. [/home/srn6/pprojs/risc-v/risc-v/risc-v.srcs/sources_1/new/decode_stage.sv:]
WARNING: [filemgmt 56-199] Attempt to get parsing info during refresh. "On-the-fly" syntax checking information may be incorrect. [/home/srn6/pprojs/risc-v/risc-v/risc-v.srcs/sources_1/new/rv_pipe_pkg.sv:]
WARNING: [filemgmt 56-199] Attempt to get parsing info during refresh. "On-the-fly" syntax checking information may be incorrect. [/home/srn6/pprojs/risc-v/risc-v/risc-v.srcs/sources_1/new/memory_stage.sv:]
WARNING: [filemgmt 56-199] Attempt to get parsing info during refresh. "On-the-fly" syntax checking information may be incorrect. [/home/srn6/pprojs/risc-v/risc-v/risc-v.srcs/sources_1/new/decode_stage.sv:]
WARNING: [filemgmt 56-199] Attempt to get parsing info during refresh. "On-the-fly" syntax checking information may be incorrect. [/home/srn6/pprojs/risc-v/risc-v/risc-v.srcs/sources_1/new/fetch_stage.sv:]
WARNING: [filemgmt 56-199] Attempt to get parsing info during refresh. "On-the-fly" syntax checking information may be incorrect. [/home/srn6/pprojs/risc-v/risc-v/risc-v.srcs/sources_1/new/writeback_stage.sv:]
WARNING: [filemgmt 56-199] Attempt to get parsing info during refresh. "On-the-fly" syntax checking information may be incorrect. [/home/srn6/pprojs/risc-v/risc-v/risc-v.srcs/sources_1/new/top.sv:]
WARNING: [filemgmt 56-199] Attempt to get parsing info during refresh. "On-the-fly" syntax checking information may be incorrect. [/home/srn6/pprojs/risc-v/risc-v/risc-v.srcs/sources_1/new/main_memory.sv:]
WARNING: [filemgmt 56-199] Attempt to get parsing info during refresh. "On-the-fly" syntax checking information may be incorrect. [/home/srn6/pprojs/risc-v/risc-v/risc-v.srcs/sources_1/new/fetch_stage.sv:]
WARNING: [filemgmt 56-199] Attempt to get parsing info during refresh. "On-the-fly" syntax checking information may be incorrect. [/home/srn6/pprojs/risc-v/risc-v/risc-v.srcs/sources_1/new/fetch_stage.sv:]
WARNING: [filemgmt 56-199] Attempt to get parsing info during refresh. "On-the-fly" syntax checking information may be incorrect. [/home/srn6/pprojs/risc-v/risc-v/risc-v.srcs/sources_1/new/rv_pipe_pkg.sv:]
WARNING: [filemgmt 56-199] Attempt to get parsing info during refresh. "On-the-fly" syntax checking information may be incorrect. [/home/srn6/pprojs/risc-v/risc-v/risc-v.srcs/sources_1/new/memory_stage.sv:]
WARNING: [filemgmt 56-199] Attempt to get parsing info during refresh. "On-the-fly" syntax checking information may be incorrect. [/home/srn6/pprojs/risc-v/risc-v/risc-v.srcs/sources_1/new/decode_stage.sv:]
WARNING: [filemgmt 56-199] Attempt to get parsing info during refresh. "On-the-fly" syntax checking information may be incorrect. [/home/srn6/pprojs/risc-v/risc-v/risc-v.srcs/sources_1/new/fetch_stage.sv:]
WARNING: [filemgmt 56-199] Attempt to get parsing info during refresh. "On-the-fly" syntax checking information may be incorrect. [/home/srn6/pprojs/risc-v/risc-v/risc-v.srcs/sources_1/new/writeback_stage.sv:]
WARNING: [filemgmt 56-199] Attempt to get parsing info during refresh. "On-the-fly" syntax checking information may be incorrect. [/home/srn6/pprojs/risc-v/risc-v/risc-v.srcs/sources_1/new/top.sv:]
WARNING: [filemgmt 56-199] Attempt to get parsing info during refresh. "On-the-fly" syntax checking information may be incorrect. [/home/srn6/pprojs/risc-v/risc-v/risc-v.srcs/sources_1/new/main_memory.sv:]
WARNING: [filemgmt 56-199] Attempt to get parsing info during refresh. "On-the-fly" syntax checking information may be incorrect. [/home/srn6/pprojs/risc-v/risc-v/risc-v.srcs/sources_1/new/main_memory.sv:]
WARNING: [filemgmt 56-199] Attempt to get parsing info during refresh. "On-the-fly" syntax checking information may be incorrect. [/home/srn6/pprojs/risc-v/risc-v/risc-v.srcs/sources_1/new/main_memory.sv:]
WARNING: [filemgmt 56-199] Attempt to get parsing info during refresh. "On-the-fly" syntax checking information may be incorrect. [/home/srn6/pprojs/risc-v/risc-v/risc-v.srcs/sources_1/new/rv_pipe_pkg.sv:]
WARNING: [filemgmt 56-199] Attempt to get parsing info during refresh. "On-the-fly" syntax checking information may be incorrect. [/home/srn6/pprojs/risc-v/risc-v/risc-v.srcs/sources_1/new/memory_stage.sv:]
WARNING: [filemgmt 56-199] Attempt to get parsing info during refresh. "On-the-fly" syntax checking information may be incorrect. [/home/srn6/pprojs/risc-v/risc-v/risc-v.srcs/sources_1/new/decode_stage.sv:]
WARNING: [filemgmt 56-199] Attempt to get parsing info during refresh. "On-the-fly" syntax checking information may be incorrect. [/home/srn6/pprojs/risc-v/risc-v/risc-v.srcs/sources_1/new/fetch_stage.sv:]
WARNING: [filemgmt 56-199] Attempt to get parsing info during refresh. "On-the-fly" syntax checking information may be incorrect. [/home/srn6/pprojs/risc-v/risc-v/risc-v.srcs/sources_1/new/writeback_stage.sv:]
WARNING: [filemgmt 56-199] Attempt to get parsing info during refresh. "On-the-fly" syntax checking information may be incorrect. [/home/srn6/pprojs/risc-v/risc-v/risc-v.srcs/sources_1/new/top.sv:]
WARNING: [filemgmt 56-199] Attempt to get parsing info during refresh. "On-the-fly" syntax checking information may be incorrect. [/home/srn6/pprojs/risc-v/risc-v/risc-v.srcs/sources_1/new/main_memory.sv:]
WARNING: [filemgmt 56-199] Attempt to get parsing info during refresh. "On-the-fly" syntax checking information may be incorrect. [/home/srn6/pprojs/risc-v/risc-v/risc-v.srcs/sources_1/new/writeback_stage.sv:]
WARNING: [filemgmt 56-199] Attempt to get parsing info during refresh. "On-the-fly" syntax checking information may be incorrect. [/home/srn6/pprojs/risc-v/risc-v/risc-v.srcs/sources_1/new/writeback_stage.sv:]
WARNING: [filemgmt 56-199] Attempt to get parsing info during refresh. "On-the-fly" syntax checking information may be incorrect. [/home/srn6/pprojs/risc-v/risc-v/risc-v.srcs/sources_1/new/rv_pipe_pkg.sv:]
WARNING: [filemgmt 56-199] Attempt to get parsing info during refresh. "On-the-fly" syntax checking information may be incorrect. [/home/srn6/pprojs/risc-v/risc-v/risc-v.srcs/sources_1/new/memory_stage.sv:]
WARNING: [filemgmt 56-199] Attempt to get parsing info during refresh. "On-the-fly" syntax checking information may be incorrect. [/home/srn6/pprojs/risc-v/risc-v/risc-v.srcs/sources_1/new/decode_stage.sv:]
WARNING: [filemgmt 56-199] Attempt to get parsing info during refresh. "On-the-fly" syntax checking information may be incorrect. [/home/srn6/pprojs/risc-v/risc-v/risc-v.srcs/sources_1/new/fetch_stage.sv:]
WARNING: [filemgmt 56-199] Attempt to get parsing info during refresh. "On-the-fly" syntax checking information may be incorrect. [/home/srn6/pprojs/risc-v/risc-v/risc-v.srcs/sources_1/new/writeback_stage.sv:]
WARNING: [filemgmt 56-199] Attempt to get parsing info during refresh. "On-the-fly" syntax checking information may be incorrect. [/home/srn6/pprojs/risc-v/risc-v/risc-v.srcs/sources_1/new/top.sv:]
WARNING: [filemgmt 56-199] Attempt to get parsing info during refresh. "On-the-fly" syntax checking information may be incorrect. [/home/srn6/pprojs/risc-v/risc-v/risc-v.srcs/sources_1/new/main_memory.sv:]
WARNING: [filemgmt 56-199] Attempt to get parsing info during refresh. "On-the-fly" syntax checking information may be incorrect. [/home/srn6/pprojs/risc-v/risc-v/risc-v.srcs/sources_1/new/rv_pipe_pkg.sv:]
WARNING: [filemgmt 56-199] Attempt to get parsing info during refresh. "On-the-fly" syntax checking information may be incorrect. [/home/srn6/pprojs/risc-v/risc-v/risc-v.srcs/sources_1/new/rv_pipe_pkg.sv:]
WARNING: [filemgmt 56-199] Attempt to get parsing info during refresh. "On-the-fly" syntax checking information may be incorrect. [/home/srn6/pprojs/risc-v/risc-v/risc-v.srcs/sources_1/new/rv_pipe_pkg.sv:]
WARNING: [filemgmt 56-199] Attempt to get parsing info during refresh. "On-the-fly" syntax checking information may be incorrect. [/home/srn6/pprojs/risc-v/risc-v/risc-v.srcs/sources_1/new/memory_stage.sv:]
WARNING: [filemgmt 56-199] Attempt to get parsing info during refresh. "On-the-fly" syntax checking information may be incorrect. [/home/srn6/pprojs/risc-v/risc-v/risc-v.srcs/sources_1/new/decode_stage.sv:]
WARNING: [filemgmt 56-199] Attempt to get parsing info during refresh. "On-the-fly" syntax checking information may be incorrect. [/home/srn6/pprojs/risc-v/risc-v/risc-v.srcs/sources_1/new/fetch_stage.sv:]
WARNING: [filemgmt 56-199] Attempt to get parsing info during refresh. "On-the-fly" syntax checking information may be incorrect. [/home/srn6/pprojs/risc-v/risc-v/risc-v.srcs/sources_1/new/writeback_stage.sv:]
WARNING: [filemgmt 56-199] Attempt to get parsing info during refresh. "On-the-fly" syntax checking information may be incorrect. [/home/srn6/pprojs/risc-v/risc-v/risc-v.srcs/sources_1/new/top.sv:]
WARNING: [filemgmt 56-199] Attempt to get parsing info during refresh. "On-the-fly" syntax checking information may be incorrect. [/home/srn6/pprojs/risc-v/risc-v/risc-v.srcs/sources_1/new/main_memory.sv:]
WARNING: [filemgmt 56-199] Attempt to get parsing info during refresh. "On-the-fly" syntax checking information may be incorrect. [/home/srn6/pprojs/risc-v/risc-v/risc-v.srcs/sources_1/new/rv_pipe_pkg.sv:]
WARNING: [filemgmt 56-199] Attempt to get parsing info during refresh. "On-the-fly" syntax checking information may be incorrect. [/home/srn6/pprojs/risc-v/risc-v/risc-v.srcs/sources_1/new/rv_pipe_pkg.sv:]
WARNING: [filemgmt 56-199] Attempt to get parsing info during refresh. "On-the-fly" syntax checking information may be incorrect. [/home/srn6/pprojs/risc-v/risc-v/risc-v.srcs/sources_1/new/rv_pipe_pkg.sv:]
WARNING: [filemgmt 56-199] Attempt to get parsing info during refresh. "On-the-fly" syntax checking information may be incorrect. [/home/srn6/pprojs/risc-v/risc-v/risc-v.srcs/sources_1/new/memory_stage.sv:]
WARNING: [filemgmt 56-199] Attempt to get parsing info during refresh. "On-the-fly" syntax checking information may be incorrect. [/home/srn6/pprojs/risc-v/risc-v/risc-v.srcs/sources_1/new/decode_stage.sv:]
WARNING: [filemgmt 56-199] Attempt to get parsing info during refresh. "On-the-fly" syntax checking information may be incorrect. [/home/srn6/pprojs/risc-v/risc-v/risc-v.srcs/sources_1/new/fetch_stage.sv:]
WARNING: [filemgmt 56-199] Attempt to get parsing info during refresh. "On-the-fly" syntax checking information may be incorrect. [/home/srn6/pprojs/risc-v/risc-v/risc-v.srcs/sources_1/new/writeback_stage.sv:]
WARNING: [filemgmt 56-199] Attempt to get parsing info during refresh. "On-the-fly" syntax checking information may be incorrect. [/home/srn6/pprojs/risc-v/risc-v/risc-v.srcs/sources_1/new/top.sv:]
WARNING: [filemgmt 56-199] Attempt to get parsing info during refresh. "On-the-fly" syntax checking information may be incorrect. [/home/srn6/pprojs/risc-v/risc-v/risc-v.srcs/sources_1/new/main_memory.sv:]
WARNING: [filemgmt 56-199] Attempt to get parsing info during refresh. "On-the-fly" syntax checking information may be incorrect. [/home/srn6/pprojs/risc-v/risc-v/risc-v.srcs/sources_1/new/top.sv:]
WARNING: [filemgmt 56-199] Attempt to get parsing info during refresh. "On-the-fly" syntax checking information may be incorrect. [/home/srn6/pprojs/risc-v/risc-v/risc-v.srcs/sources_1/new/top.sv:]
WARNING: [filemgmt 56-199] Attempt to get parsing info during refresh. "On-the-fly" syntax checking information may be incorrect. [/home/srn6/pprojs/risc-v/risc-v/risc-v.srcs/sources_1/new/rv_pipe_pkg.sv:]
WARNING: [filemgmt 56-199] Attempt to get parsing info during refresh. "On-the-fly" syntax checking information may be incorrect. [/home/srn6/pprojs/risc-v/risc-v/risc-v.srcs/sources_1/new/memory_stage.sv:]
WARNING: [filemgmt 56-199] Attempt to get parsing info during refresh. "On-the-fly" syntax checking information may be incorrect. [/home/srn6/pprojs/risc-v/risc-v/risc-v.srcs/sources_1/new/decode_stage.sv:]
WARNING: [filemgmt 56-199] Attempt to get parsing info during refresh. "On-the-fly" syntax checking information may be incorrect. [/home/srn6/pprojs/risc-v/risc-v/risc-v.srcs/sources_1/new/fetch_stage.sv:]
WARNING: [filemgmt 56-199] Attempt to get parsing info during refresh. "On-the-fly" syntax checking information may be incorrect. [/home/srn6/pprojs/risc-v/risc-v/risc-v.srcs/sources_1/new/writeback_stage.sv:]
WARNING: [filemgmt 56-199] Attempt to get parsing info during refresh. "On-the-fly" syntax checking information may be incorrect. [/home/srn6/pprojs/risc-v/risc-v/risc-v.srcs/sources_1/new/top.sv:]
WARNING: [filemgmt 56-199] Attempt to get parsing info during refresh. "On-the-fly" syntax checking information may be incorrect. [/home/srn6/pprojs/risc-v/risc-v/risc-v.srcs/sources_1/new/main_memory.sv:]
WARNING: [filemgmt 56-199] Attempt to get parsing info during refresh. "On-the-fly" syntax checking information may be incorrect. [/home/srn6/pprojs/risc-v/risc-v/risc-v.srcs/sources_1/new/memory_stage.sv:]
WARNING: [filemgmt 56-199] Attempt to get parsing info during refresh. "On-the-fly" syntax checking information may be incorrect. [/home/srn6/pprojs/risc-v/risc-v/risc-v.srcs/sources_1/new/memory_stage.sv:]
WARNING: [filemgmt 56-199] Attempt to get parsing info during refresh. "On-the-fly" syntax checking information may be incorrect. [/home/srn6/pprojs/risc-v/risc-v/risc-v.srcs/sources_1/new/rv_pipe_pkg.sv:]
WARNING: [filemgmt 56-199] Attempt to get parsing info during refresh. "On-the-fly" syntax checking information may be incorrect. [/home/srn6/pprojs/risc-v/risc-v/risc-v.srcs/sources_1/new/memory_stage.sv:]
WARNING: [filemgmt 56-199] Attempt to get parsing info during refresh. "On-the-fly" syntax checking information may be incorrect. [/home/srn6/pprojs/risc-v/risc-v/risc-v.srcs/sources_1/new/decode_stage.sv:]
WARNING: [filemgmt 56-199] Attempt to get parsing info during refresh. "On-the-fly" syntax checking information may be incorrect. [/home/srn6/pprojs/risc-v/risc-v/risc-v.srcs/sources_1/new/fetch_stage.sv:]
WARNING: [filemgmt 56-199] Attempt to get parsing info during refresh. "On-the-fly" syntax checking information may be incorrect. [/home/srn6/pprojs/risc-v/risc-v/risc-v.srcs/sources_1/new/writeback_stage.sv:]
WARNING: [filemgmt 56-199] Attempt to get parsing info during refresh. "On-the-fly" syntax checking information may be incorrect. [/home/srn6/pprojs/risc-v/risc-v/risc-v.srcs/sources_1/new/top.sv:]
WARNING: [filemgmt 56-199] Attempt to get parsing info during refresh. "On-the-fly" syntax checking information may be incorrect. [/home/srn6/pprojs/risc-v/risc-v/risc-v.srcs/sources_1/new/main_memory.sv:]
WARNING: [filemgmt 56-199] Attempt to get parsing info during refresh. "On-the-fly" syntax checking information may be incorrect. [/home/srn6/pprojs/risc-v/risc-v/risc-v.srcs/sources_1/new/memory_stage.sv:]
WARNING: [filemgmt 56-199] Attempt to get parsing info during refresh. "On-the-fly" syntax checking information may be incorrect. [/home/srn6/pprojs/risc-v/risc-v/risc-v.srcs/sources_1/new/memory_stage.sv:]
WARNING: [filemgmt 56-199] Attempt to get parsing info during refresh. "On-the-fly" syntax checking information may be incorrect. [/home/srn6/pprojs/risc-v/risc-v/risc-v.srcs/sources_1/new/rv_pipe_pkg.sv:]
WARNING: [filemgmt 56-199] Attempt to get parsing info during refresh. "On-the-fly" syntax checking information may be incorrect. [/home/srn6/pprojs/risc-v/risc-v/risc-v.srcs/sources_1/new/memory_stage.sv:]
WARNING: [filemgmt 56-199] Attempt to get parsing info during refresh. "On-the-fly" syntax checking information may be incorrect. [/home/srn6/pprojs/risc-v/risc-v/risc-v.srcs/sources_1/new/decode_stage.sv:]
WARNING: [filemgmt 56-199] Attempt to get parsing info during refresh. "On-the-fly" syntax checking information may be incorrect. [/home/srn6/pprojs/risc-v/risc-v/risc-v.srcs/sources_1/new/fetch_stage.sv:]
WARNING: [filemgmt 56-199] Attempt to get parsing info during refresh. "On-the-fly" syntax checking information may be incorrect. [/home/srn6/pprojs/risc-v/risc-v/risc-v.srcs/sources_1/new/writeback_stage.sv:]
WARNING: [filemgmt 56-199] Attempt to get parsing info during refresh. "On-the-fly" syntax checking information may be incorrect. [/home/srn6/pprojs/risc-v/risc-v/risc-v.srcs/sources_1/new/top.sv:]
WARNING: [filemgmt 56-199] Attempt to get parsing info during refresh. "On-the-fly" syntax checking information may be incorrect. [/home/srn6/pprojs/risc-v/risc-v/risc-v.srcs/sources_1/new/main_memory.sv:]
WARNING: [filemgmt 56-199] Attempt to get parsing info during refresh. "On-the-fly" syntax checking information may be incorrect. [/home/srn6/pprojs/risc-v/risc-v/risc-v.srcs/sources_1/new/writeback_stage.sv:]
WARNING: [filemgmt 56-199] Attempt to get parsing info during refresh. "On-the-fly" syntax checking information may be incorrect. [/home/srn6/pprojs/risc-v/risc-v/risc-v.srcs/sources_1/new/writeback_stage.sv:]
WARNING: [filemgmt 56-199] Attempt to get parsing info during refresh. "On-the-fly" syntax checking information may be incorrect. [/home/srn6/pprojs/risc-v/risc-v/risc-v.srcs/sources_1/new/rv_pipe_pkg.sv:]
WARNING: [filemgmt 56-199] Attempt to get parsing info during refresh. "On-the-fly" syntax checking information may be incorrect. [/home/srn6/pprojs/risc-v/risc-v/risc-v.srcs/sources_1/new/memory_stage.sv:]
WARNING: [filemgmt 56-199] Attempt to get parsing info during refresh. "On-the-fly" syntax checking information may be incorrect. [/home/srn6/pprojs/risc-v/risc-v/risc-v.srcs/sources_1/new/decode_stage.sv:]
WARNING: [filemgmt 56-199] Attempt to get parsing info during refresh. "On-the-fly" syntax checking information may be incorrect. [/home/srn6/pprojs/risc-v/risc-v/risc-v.srcs/sources_1/new/fetch_stage.sv:]
WARNING: [filemgmt 56-199] Attempt to get parsing info during refresh. "On-the-fly" syntax checking information may be incorrect. [/home/srn6/pprojs/risc-v/risc-v/risc-v.srcs/sources_1/new/writeback_stage.sv:]
WARNING: [filemgmt 56-199] Attempt to get parsing info during refresh. "On-the-fly" syntax checking information may be incorrect. [/home/srn6/pprojs/risc-v/risc-v/risc-v.srcs/sources_1/new/top.sv:]
WARNING: [filemgmt 56-199] Attempt to get parsing info during refresh. "On-the-fly" syntax checking information may be incorrect. [/home/srn6/pprojs/risc-v/risc-v/risc-v.srcs/sources_1/new/main_memory.sv:]
WARNING: [filemgmt 56-199] Attempt to get parsing info during refresh. "On-the-fly" syntax checking information may be incorrect. [/home/srn6/pprojs/risc-v/risc-v/risc-v.srcs/sources_1/new/main_memory.sv:]
WARNING: [filemgmt 56-199] Attempt to get parsing info during refresh. "On-the-fly" syntax checking information may be incorrect. [/home/srn6/pprojs/risc-v/risc-v/risc-v.srcs/sources_1/new/main_memory.sv:]
WARNING: [filemgmt 56-199] Attempt to get parsing info during refresh. "On-the-fly" syntax checking information may be incorrect. [/home/srn6/pprojs/risc-v/risc-v/risc-v.srcs/sources_1/new/rv_pipe_pkg.sv:]
WARNING: [filemgmt 56-199] Attempt to get parsing info during refresh. "On-the-fly" syntax checking information may be incorrect. [/home/srn6/pprojs/risc-v/risc-v/risc-v.srcs/sources_1/new/memory_stage.sv:]
WARNING: [filemgmt 56-199] Attempt to get parsing info during refresh. "On-the-fly" syntax checking information may be incorrect. [/home/srn6/pprojs/risc-v/risc-v/risc-v.srcs/sources_1/new/decode_stage.sv:]
WARNING: [filemgmt 56-199] Attempt to get parsing info during refresh. "On-the-fly" syntax checking information may be incorrect. [/home/srn6/pprojs/risc-v/risc-v/risc-v.srcs/sources_1/new/fetch_stage.sv:]
WARNING: [filemgmt 56-199] Attempt to get parsing info during refresh. "On-the-fly" syntax checking information may be incorrect. [/home/srn6/pprojs/risc-v/risc-v/risc-v.srcs/sources_1/new/writeback_stage.sv:]
WARNING: [filemgmt 56-199] Attempt to get parsing info during refresh. "On-the-fly" syntax checking information may be incorrect. [/home/srn6/pprojs/risc-v/risc-v/risc-v.srcs/sources_1/new/top.sv:]
WARNING: [filemgmt 56-199] Attempt to get parsing info during refresh. "On-the-fly" syntax checking information may be incorrect. [/home/srn6/pprojs/risc-v/risc-v/risc-v.srcs/sources_1/new/main_memory.sv:]
WARNING: [filemgmt 56-199] Attempt to get parsing info during refresh. "On-the-fly" syntax checking information may be incorrect. [/home/srn6/pprojs/risc-v/risc-v/risc-v.srcs/sources_1/new/decode_stage.sv:]
WARNING: [filemgmt 56-199] Attempt to get parsing info during refresh. "On-the-fly" syntax checking information may be incorrect. [/home/srn6/pprojs/risc-v/risc-v/risc-v.srcs/sources_1/new/decode_stage.sv:]
reset_run synth_1
INFO: [Project 1-1161] Replacing file /home/srn6/pprojs/risc-v/risc-v/risc-v.srcs/utils_1/imports/synth_1/instruction_memory.dcp with file /home/srn6/pprojs/risc-v/risc-v/risc-v.runs/synth_1/top.dcp
launch_runs impl_1 -jobs 6
INFO: [Vivado 12-4149] The synthesis checkpoint for IP '/home/srn6/pprojs/risc-v/risc-v/risc-v.srcs/sources_1/ip/blk_mem_gen_0_1/blk_mem_gen_0.xci' is already up-to-date
WARNING: [Project 1-478] Design 'synth_1' is stale and will not be used when launching 'impl_1'
[Mon Mar  9 22:58:52 2026] Launched synth_1...
Run output will be captured here: /home/srn6/pprojs/risc-v/risc-v/risc-v.runs/synth_1/runme.log
[Mon Mar  9 22:58:52 2026] Launched impl_1...
Run output will be captured here: /home/srn6/pprojs/risc-v/risc-v/risc-v.runs/impl_1/runme.log
WARNING: [filemgmt 56-199] Attempt to get parsing info during refresh. "On-the-fly" syntax checking information may be incorrect. [/home/srn6/pprojs/risc-v/risc-v/risc-v.srcs/sources_1/new/rv_pipe_pkg.sv:]
WARNING: [filemgmt 56-199] Attempt to get parsing info during refresh. "On-the-fly" syntax checking information may be incorrect. [/home/srn6/pprojs/risc-v/risc-v/risc-v.srcs/sources_1/new/memory_stage.sv:]
WARNING: [filemgmt 56-199] Attempt to get parsing info during refresh. "On-the-fly" syntax checking information may be incorrect. [/home/srn6/pprojs/risc-v/risc-v/risc-v.srcs/sources_1/new/decode_stage.sv:]
WARNING: [filemgmt 56-199] Attempt to get parsing info during refresh. "On-the-fly" syntax checking information may be incorrect. [/home/srn6/pprojs/risc-v/risc-v/risc-v.srcs/sources_1/new/fetch_stage.sv:]
WARNING: [filemgmt 56-199] Attempt to get parsing info during refresh. "On-the-fly" syntax checking information may be incorrect. [/home/srn6/pprojs/risc-v/risc-v/risc-v.srcs/sources_1/new/writeback_stage.sv:]
WARNING: [filemgmt 56-199] Attempt to get parsing info during refresh. "On-the-fly" syntax checking information may be incorrect. [/home/srn6/pprojs/risc-v/risc-v/risc-v.srcs/sources_1/new/top.sv:]
WARNING: [filemgmt 56-199] Attempt to get parsing info during refresh. "On-the-fly" syntax checking information may be incorrect. [/home/srn6/pprojs/risc-v/risc-v/risc-v.srcs/sources_1/new/main_memory.sv:]
WARNING: [filemgmt 56-199] Attempt to get parsing info during refresh. "On-the-fly" syntax checking information may be incorrect. [/home/srn6/pprojs/risc-v/risc-v/risc-v.srcs/sources_1/new/top.sv:]
WARNING: [filemgmt 56-199] Attempt to get parsing info during refresh. "On-the-fly" syntax checking information may be incorrect. [/home/srn6/pprojs/risc-v/risc-v/risc-v.srcs/sources_1/new/top.sv:]
WARNING: [filemgmt 56-199] Attempt to get parsing info during refresh. "On-the-fly" syntax checking information may be incorrect. [/home/srn6/pprojs/risc-v/risc-v/risc-v.srcs/sources_1/new/rv_pipe_pkg.sv:]
WARNING: [filemgmt 56-199] Attempt to get parsing info during refresh. "On-the-fly" syntax checking information may be incorrect. [/home/srn6/pprojs/risc-v/risc-v/risc-v.srcs/sources_1/new/memory_stage.sv:]
WARNING: [filemgmt 56-199] Attempt to get parsing info during refresh. "On-the-fly" syntax checking information may be incorrect. [/home/srn6/pprojs/risc-v/risc-v/risc-v.srcs/sources_1/new/decode_stage.sv:]
WARNING: [filemgmt 56-199] Attempt to get parsing info during refresh. "On-the-fly" syntax checking information may be incorrect. [/home/srn6/pprojs/risc-v/risc-v/risc-v.srcs/sources_1/new/fetch_stage.sv:]
WARNING: [filemgmt 56-199] Attempt to get parsing info during refresh. "On-the-fly" syntax checking information may be incorrect. [/home/srn6/pprojs/risc-v/risc-v/risc-v.srcs/sources_1/new/writeback_stage.sv:]
WARNING: [filemgmt 56-199] Attempt to get parsing info during refresh. "On-the-fly" syntax checking information may be incorrect. [/home/srn6/pprojs/risc-v/risc-v/risc-v.srcs/sources_1/new/top.sv:]
WARNING: [filemgmt 56-199] Attempt to get parsing info during refresh. "On-the-fly" syntax checking information may be incorrect. [/home/srn6/pprojs/risc-v/risc-v/risc-v.srcs/sources_1/new/main_memory.sv:]
WARNING: [filemgmt 56-199] Attempt to get parsing info during refresh. "On-the-fly" syntax checking information may be incorrect. [/home/srn6/pprojs/risc-v/risc-v/risc-v.srcs/sources_1/new/decode_stage.sv:]
WARNING: [filemgmt 56-199] Attempt to get parsing info during refresh. "On-the-fly" syntax checking information may be incorrect. [/home/srn6/pprojs/risc-v/risc-v/risc-v.srcs/sources_1/new/decode_stage.sv:]
WARNING: [filemgmt 56-199] Attempt to get parsing info during refresh. "On-the-fly" syntax checking information may be incorrect. [/home/srn6/pprojs/risc-v/risc-v/risc-v.srcs/sources_1/new/rv_pipe_pkg.sv:]
WARNING: [filemgmt 56-199] Attempt to get parsing info during refresh. "On-the-fly" syntax checking information may be incorrect. [/home/srn6/pprojs/risc-v/risc-v/risc-v.srcs/sources_1/new/memory_stage.sv:]
WARNING: [filemgmt 56-199] Attempt to get parsing info during refresh. "On-the-fly" syntax checking information may be incorrect. [/home/srn6/pprojs/risc-v/risc-v/risc-v.srcs/sources_1/new/decode_stage.sv:]
WARNING: [filemgmt 56-199] Attempt to get parsing info during refresh. "On-the-fly" syntax checking information may be incorrect. [/home/srn6/pprojs/risc-v/risc-v/risc-v.srcs/sources_1/new/fetch_stage.sv:]
WARNING: [filemgmt 56-199] Attempt to get parsing info during refresh. "On-the-fly" syntax checking information may be incorrect. [/home/srn6/pprojs/risc-v/risc-v/risc-v.srcs/sources_1/new/writeback_stage.sv:]
WARNING: [filemgmt 56-199] Attempt to get parsing info during refresh. "On-the-fly" syntax checking information may be incorrect. [/home/srn6/pprojs/risc-v/risc-v/risc-v.srcs/sources_1/new/top.sv:]
WARNING: [filemgmt 56-199] Attempt to get parsing info during refresh. "On-the-fly" syntax checking information may be incorrect. [/home/srn6/pprojs/risc-v/risc-v/risc-v.srcs/sources_1/new/main_memory.sv:]
WARNING: [filemgmt 56-199] Attempt to get parsing info during refresh. "On-the-fly" syntax checking information may be incorrect. [/home/srn6/pprojs/risc-v/risc-v/risc-v.srcs/sources_1/new/fetch_stage.sv:]
WARNING: [filemgmt 56-199] Attempt to get parsing info during refresh. "On-the-fly" syntax checking information may be incorrect. [/home/srn6/pprojs/risc-v/risc-v/risc-v.srcs/sources_1/new/fetch_stage.sv:]
WARNING: [filemgmt 56-199] Attempt to get parsing info during refresh. "On-the-fly" syntax checking information may be incorrect. [/home/srn6/pprojs/risc-v/risc-v/risc-v.srcs/sources_1/new/rv_pipe_pkg.sv:]
WARNING: [filemgmt 56-199] Attempt to get parsing info during refresh. "On-the-fly" syntax checking information may be incorrect. [/home/srn6/pprojs/risc-v/risc-v/risc-v.srcs/sources_1/new/memory_stage.sv:]
WARNING: [filemgmt 56-199] Attempt to get parsing info during refresh. "On-the-fly" syntax checking information may be incorrect. [/home/srn6/pprojs/risc-v/risc-v/risc-v.srcs/sources_1/new/decode_stage.sv:]
WARNING: [filemgmt 56-199] Attempt to get parsing info during refresh. "On-the-fly" syntax checking information may be incorrect. [/home/srn6/pprojs/risc-v/risc-v/risc-v.srcs/sources_1/new/fetch_stage.sv:]
WARNING: [filemgmt 56-199] Attempt to get parsing info during refresh. "On-the-fly" syntax checking information may be incorrect. [/home/srn6/pprojs/risc-v/risc-v/risc-v.srcs/sources_1/new/writeback_stage.sv:]
WARNING: [filemgmt 56-199] Attempt to get parsing info during refresh. "On-the-fly" syntax checking information may be incorrect. [/home/srn6/pprojs/risc-v/risc-v/risc-v.srcs/sources_1/new/top.sv:]
WARNING: [filemgmt 56-199] Attempt to get parsing info during refresh. "On-the-fly" syntax checking information may be incorrect. [/home/srn6/pprojs/risc-v/risc-v/risc-v.srcs/sources_1/new/main_memory.sv:]
WARNING: [filemgmt 56-199] Attempt to get parsing info during refresh. "On-the-fly" syntax checking information may be incorrect. [/home/srn6/pprojs/risc-v/risc-v/risc-v.srcs/sources_1/new/main_memory.sv:]
WARNING: [filemgmt 56-199] Attempt to get parsing info during refresh. "On-the-fly" syntax checking information may be incorrect. [/home/srn6/pprojs/risc-v/risc-v/risc-v.srcs/sources_1/new/main_memory.sv:]
WARNING: [filemgmt 56-199] Attempt to get parsing info during refresh. "On-the-fly" syntax checking information may be incorrect. [/home/srn6/pprojs/risc-v/risc-v/risc-v.srcs/sources_1/new/rv_pipe_pkg.sv:]
WARNING: [filemgmt 56-199] Attempt to get parsing info during refresh. "On-the-fly" syntax checking information may be incorrect. [/home/srn6/pprojs/risc-v/risc-v/risc-v.srcs/sources_1/new/memory_stage.sv:]
WARNING: [filemgmt 56-199] Attempt to get parsing info during refresh. "On-the-fly" syntax checking information may be incorrect. [/home/srn6/pprojs/risc-v/risc-v/risc-v.srcs/sources_1/new/decode_stage.sv:]
WARNING: [filemgmt 56-199] Attempt to get parsing info during refresh. "On-the-fly" syntax checking information may be incorrect. [/home/srn6/pprojs/risc-v/risc-v/risc-v.srcs/sources_1/new/fetch_stage.sv:]
WARNING: [filemgmt 56-199] Attempt to get parsing info during refresh. "On-the-fly" syntax checking information may be incorrect. [/home/srn6/pprojs/risc-v/risc-v/risc-v.srcs/sources_1/new/writeback_stage.sv:]
WARNING: [filemgmt 56-199] Attempt to get parsing info during refresh. "On-the-fly" syntax checking information may be incorrect. [/home/srn6/pprojs/risc-v/risc-v/risc-v.srcs/sources_1/new/top.sv:]
WARNING: [filemgmt 56-199] Attempt to get parsing info during refresh. "On-the-fly" syntax checking information may be incorrect. [/home/srn6/pprojs/risc-v/risc-v/risc-v.srcs/sources_1/new/main_memory.sv:]
WARNING: [filemgmt 56-199] Attempt to get parsing info during refresh. "On-the-fly" syntax checking information may be incorrect. [/home/srn6/pprojs/risc-v/risc-v/risc-v.srcs/sources_1/new/writeback_stage.sv:]
WARNING: [filemgmt 56-199] Attempt to get parsing info during refresh. "On-the-fly" syntax checking information may be incorrect. [/home/srn6/pprojs/risc-v/risc-v/risc-v.srcs/sources_1/new/writeback_stage.sv:]
WARNING: [filemgmt 56-199] Attempt to get parsing info during refresh. "On-the-fly" syntax checking information may be incorrect. [/home/srn6/pprojs/risc-v/risc-v/risc-v.srcs/sources_1/new/rv_pipe_pkg.sv:]
WARNING: [filemgmt 56-199] Attempt to get parsing info during refresh. "On-the-fly" syntax checking information may be incorrect. [/home/srn6/pprojs/risc-v/risc-v/risc-v.srcs/sources_1/new/memory_stage.sv:]
WARNING: [filemgmt 56-199] Attempt to get parsing info during refresh. "On-the-fly" syntax checking information may be incorrect. [/home/srn6/pprojs/risc-v/risc-v/risc-v.srcs/sources_1/new/decode_stage.sv:]
WARNING: [filemgmt 56-199] Attempt to get parsing info during refresh. "On-the-fly" syntax checking information may be incorrect. [/home/srn6/pprojs/risc-v/risc-v/risc-v.srcs/sources_1/new/fetch_stage.sv:]
WARNING: [filemgmt 56-199] Attempt to get parsing info during refresh. "On-the-fly" syntax checking information may be incorrect. [/home/srn6/pprojs/risc-v/risc-v/risc-v.srcs/sources_1/new/writeback_stage.sv:]
WARNING: [filemgmt 56-199] Attempt to get parsing info during refresh. "On-the-fly" syntax checking information may be incorrect. [/home/srn6/pprojs/risc-v/risc-v/risc-v.srcs/sources_1/new/top.sv:]
WARNING: [filemgmt 56-199] Attempt to get parsing info during refresh. "On-the-fly" syntax checking information may be incorrect. [/home/srn6/pprojs/risc-v/risc-v/risc-v.srcs/sources_1/new/main_memory.sv:]
WARNING: [filemgmt 56-199] Attempt to get parsing info during refresh. "On-the-fly" syntax checking information may be incorrect. [/home/srn6/pprojs/risc-v/risc-v/risc-v.srcs/sources_1/new/rv_pipe_pkg.sv:]
WARNING: [filemgmt 56-199] Attempt to get parsing info during refresh. "On-the-fly" syntax checking information may be incorrect. [/home/srn6/pprojs/risc-v/risc-v/risc-v.srcs/sources_1/new/rv_pipe_pkg.sv:]
WARNING: [filemgmt 56-199] Attempt to get parsing info during refresh. "On-the-fly" syntax checking information may be incorrect. [/home/srn6/pprojs/risc-v/risc-v/risc-v.srcs/sources_1/new/rv_pipe_pkg.sv:]
WARNING: [filemgmt 56-199] Attempt to get parsing info during refresh. "On-the-fly" syntax checking information may be incorrect. [/home/srn6/pprojs/risc-v/risc-v/risc-v.srcs/sources_1/new/memory_stage.sv:]
WARNING: [filemgmt 56-199] Attempt to get parsing info during refresh. "On-the-fly" syntax checking information may be incorrect. [/home/srn6/pprojs/risc-v/risc-v/risc-v.srcs/sources_1/new/decode_stage.sv:]
WARNING: [filemgmt 56-199] Attempt to get parsing info during refresh. "On-the-fly" syntax checking information may be incorrect. [/home/srn6/pprojs/risc-v/risc-v/risc-v.srcs/sources_1/new/fetch_stage.sv:]
WARNING: [filemgmt 56-199] Attempt to get parsing info during refresh. "On-the-fly" syntax checking information may be incorrect. [/home/srn6/pprojs/risc-v/risc-v/risc-v.srcs/sources_1/new/writeback_stage.sv:]
WARNING: [filemgmt 56-199] Attempt to get parsing info during refresh. "On-the-fly" syntax checking information may be incorrect. [/home/srn6/pprojs/risc-v/risc-v/risc-v.srcs/sources_1/new/top.sv:]
WARNING: [filemgmt 56-199] Attempt to get parsing info during refresh. "On-the-fly" syntax checking information may be incorrect. [/home/srn6/pprojs/risc-v/risc-v/risc-v.srcs/sources_1/new/main_memory.sv:]
WARNING: [filemgmt 56-199] Attempt to get parsing info during refresh. "On-the-fly" syntax checking information may be incorrect. [/home/srn6/pprojs/risc-v/risc-v/risc-v.srcs/sources_1/new/top.sv:]
WARNING: [filemgmt 56-199] Attempt to get parsing info during refresh. "On-the-fly" syntax checking information may be incorrect. [/home/srn6/pprojs/risc-v/risc-v/risc-v.srcs/sources_1/new/top.sv:]
WARNING: [filemgmt 56-199] Attempt to get parsing info during refresh. "On-the-fly" syntax checking information may be incorrect. [/home/srn6/pprojs/risc-v/risc-v/risc-v.srcs/sources_1/new/rv_pipe_pkg.sv:]
WARNING: [filemgmt 56-199] Attempt to get parsing info during refresh. "On-the-fly" syntax checking information may be incorrect. [/home/srn6/pprojs/risc-v/risc-v/risc-v.srcs/sources_1/new/memory_stage.sv:]
WARNING: [filemgmt 56-199] Attempt to get parsing info during refresh. "On-the-fly" syntax checking information may be incorrect. [/home/srn6/pprojs/risc-v/risc-v/risc-v.srcs/sources_1/new/decode_stage.sv:]
WARNING: [filemgmt 56-199] Attempt to get parsing info during refresh. "On-the-fly" syntax checking information may be incorrect. [/home/srn6/pprojs/risc-v/risc-v/risc-v.srcs/sources_1/new/fetch_stage.sv:]
WARNING: [filemgmt 56-199] Attempt to get parsing info during refresh. "On-the-fly" syntax checking information may be incorrect. [/home/srn6/pprojs/risc-v/risc-v/risc-v.srcs/sources_1/new/writeback_stage.sv:]
WARNING: [filemgmt 56-199] Attempt to get parsing info during refresh. "On-the-fly" syntax checking information may be incorrect. [/home/srn6/pprojs/risc-v/risc-v/risc-v.srcs/sources_1/new/top.sv:]
WARNING: [filemgmt 56-199] Attempt to get parsing info during refresh. "On-the-fly" syntax checking information may be incorrect. [/home/srn6/pprojs/risc-v/risc-v/risc-v.srcs/sources_1/new/main_memory.sv:]
WARNING: [filemgmt 56-199] Attempt to get parsing info during refresh. "On-the-fly" syntax checking information may be incorrect. [/home/srn6/pprojs/risc-v/risc-v/risc-v.srcs/sources_1/new/decode_stage.sv:]
WARNING: [filemgmt 56-199] Attempt to get parsing info during refresh. "On-the-fly" syntax checking information may be incorrect. [/home/srn6/pprojs/risc-v/risc-v/risc-v.srcs/sources_1/new/decode_stage.sv:]
WARNING: [filemgmt 56-199] Attempt to get parsing info during refresh. "On-the-fly" syntax checking information may be incorrect. [/home/srn6/pprojs/risc-v/risc-v/risc-v.srcs/sources_1/new/rv_pipe_pkg.sv:]
WARNING: [filemgmt 56-199] Attempt to get parsing info during refresh. "On-the-fly" syntax checking information may be incorrect. [/home/srn6/pprojs/risc-v/risc-v/risc-v.srcs/sources_1/new/memory_stage.sv:]
WARNING: [filemgmt 56-199] Attempt to get parsing info during refresh. "On-the-fly" syntax checking information may be incorrect. [/home/srn6/pprojs/risc-v/risc-v/risc-v.srcs/sources_1/new/decode_stage.sv:]
WARNING: [filemgmt 56-199] Attempt to get parsing info during refresh. "On-the-fly" syntax checking information may be incorrect. [/home/srn6/pprojs/risc-v/risc-v/risc-v.srcs/sources_1/new/fetch_stage.sv:]
WARNING: [filemgmt 56-199] Attempt to get parsing info during refresh. "On-the-fly" syntax checking information may be incorrect. [/home/srn6/pprojs/risc-v/risc-v/risc-v.srcs/sources_1/new/writeback_stage.sv:]
WARNING: [filemgmt 56-199] Attempt to get parsing info during refresh. "On-the-fly" syntax checking information may be incorrect. [/home/srn6/pprojs/risc-v/risc-v/risc-v.srcs/sources_1/new/top.sv:]
WARNING: [filemgmt 56-199] Attempt to get parsing info during refresh. "On-the-fly" syntax checking information may be incorrect. [/home/srn6/pprojs/risc-v/risc-v/risc-v.srcs/sources_1/new/main_memory.sv:]
WARNING: [filemgmt 56-199] Attempt to get parsing info during refresh. "On-the-fly" syntax checking information may be incorrect. [/home/srn6/pprojs/risc-v/risc-v/risc-v.srcs/sources_1/new/fetch_stage.sv:]
WARNING: [filemgmt 56-199] Attempt to get parsing info during refresh. "On-the-fly" syntax checking information may be incorrect. [/home/srn6/pprojs/risc-v/risc-v/risc-v.srcs/sources_1/new/fetch_stage.sv:]
WARNING: [filemgmt 56-199] Attempt to get parsing info during refresh. "On-the-fly" syntax checking information may be incorrect. [/home/srn6/pprojs/risc-v/risc-v/risc-v.srcs/sources_1/new/rv_pipe_pkg.sv:]
WARNING: [filemgmt 56-199] Attempt to get parsing info during refresh. "On-the-fly" syntax checking information may be incorrect. [/home/srn6/pprojs/risc-v/risc-v/risc-v.srcs/sources_1/new/memory_stage.sv:]
WARNING: [filemgmt 56-199] Attempt to get parsing info during refresh. "On-the-fly" syntax checking information may be incorrect. [/home/srn6/pprojs/risc-v/risc-v/risc-v.srcs/sources_1/new/decode_stage.sv:]
WARNING: [filemgmt 56-199] Attempt to get parsing info during refresh. "On-the-fly" syntax checking information may be incorrect. [/home/srn6/pprojs/risc-v/risc-v/risc-v.srcs/sources_1/new/fetch_stage.sv:]
WARNING: [filemgmt 56-199] Attempt to get parsing info during refresh. "On-the-fly" syntax checking information may be incorrect. [/home/srn6/pprojs/risc-v/risc-v/risc-v.srcs/sources_1/new/writeback_stage.sv:]
WARNING: [filemgmt 56-199] Attempt to get parsing info during refresh. "On-the-fly" syntax checking information may be incorrect. [/home/srn6/pprojs/risc-v/risc-v/risc-v.srcs/sources_1/new/top.sv:]
WARNING: [filemgmt 56-199] Attempt to get parsing info during refresh. "On-the-fly" syntax checking information may be incorrect. [/home/srn6/pprojs/risc-v/risc-v/risc-v.srcs/sources_1/new/main_memory.sv:]
WARNING: [filemgmt 56-199] Attempt to get parsing info during refresh. "On-the-fly" syntax checking information may be incorrect. [/home/srn6/pprojs/risc-v/risc-v/risc-v.srcs/sources_1/new/memory_stage.sv:]
WARNING: [filemgmt 56-199] Attempt to get parsing info during refresh. "On-the-fly" syntax checking information may be incorrect. [/home/srn6/pprojs/risc-v/risc-v/risc-v.srcs/sources_1/new/memory_stage.sv:]
WARNING: [filemgmt 56-199] Attempt to get parsing info during refresh. "On-the-fly" syntax checking information may be incorrect. [/home/srn6/pprojs/risc-v/risc-v/risc-v.srcs/sources_1/new/rv_pipe_pkg.sv:]
WARNING: [filemgmt 56-199] Attempt to get parsing info during refresh. "On-the-fly" syntax checking information may be incorrect. [/home/srn6/pprojs/risc-v/risc-v/risc-v.srcs/sources_1/new/memory_stage.sv:]
WARNING: [filemgmt 56-199] Attempt to get parsing info during refresh. "On-the-fly" syntax checking information may be incorrect. [/home/srn6/pprojs/risc-v/risc-v/risc-v.srcs/sources_1/new/decode_stage.sv:]
WARNING: [filemgmt 56-199] Attempt to get parsing info during refresh. "On-the-fly" syntax checking information may be incorrect. [/home/srn6/pprojs/risc-v/risc-v/risc-v.srcs/sources_1/new/fetch_stage.sv:]
WARNING: [filemgmt 56-199] Attempt to get parsing info during refresh. "On-the-fly" syntax checking information may be incorrect. [/home/srn6/pprojs/risc-v/risc-v/risc-v.srcs/sources_1/new/writeback_stage.sv:]
WARNING: [filemgmt 56-199] Attempt to get parsing info during refresh. "On-the-fly" syntax checking information may be incorrect. [/home/srn6/pprojs/risc-v/risc-v/risc-v.srcs/sources_1/new/top.sv:]
WARNING: [filemgmt 56-199] Attempt to get parsing info during refresh. "On-the-fly" syntax checking information may be incorrect. [/home/srn6/pprojs/risc-v/risc-v/risc-v.srcs/sources_1/new/main_memory.sv:]
WARNING: [filemgmt 56-199] Attempt to get parsing info during refresh. "On-the-fly" syntax checking information may be incorrect. [/home/srn6/pprojs/risc-v/risc-v/risc-v.srcs/sources_1/new/writeback_stage.sv:]
WARNING: [filemgmt 56-199] Attempt to get parsing info during refresh. "On-the-fly" syntax checking information may be incorrect. [/home/srn6/pprojs/risc-v/risc-v/risc-v.srcs/sources_1/new/writeback_stage.sv:]
WARNING: [filemgmt 56-199] Attempt to get parsing info during refresh. "On-the-fly" syntax checking information may be incorrect. [/home/srn6/pprojs/risc-v/risc-v/risc-v.srcs/sources_1/new/rv_pipe_pkg.sv:]
INFO: [Common 17-14] Message 'filemgmt 56-199' appears 100 times and further instances of the messages will be disabled. Use the Tcl command set_msg_config to change the current settings.
reset_run synth_1
launch_runs impl_1 -jobs 6
INFO: [Vivado 12-4149] The synthesis checkpoint for IP '/home/srn6/pprojs/risc-v/risc-v/risc-v.srcs/sources_1/ip/blk_mem_gen_0_1/blk_mem_gen_0.xci' is already up-to-date
WARNING: [Project 1-478] Design 'synth_1' is stale and will not be used when launching 'impl_1'
[Mon Mar  9 23:02:01 2026] Launched synth_1...
Run output will be captured here: /home/srn6/pprojs/risc-v/risc-v/risc-v.runs/synth_1/runme.log
[Mon Mar  9 23:02:01 2026] Launched impl_1...
Run output will be captured here: /home/srn6/pprojs/risc-v/risc-v/risc-v.runs/impl_1/runme.log
close_design
refresh_design
Netlist sorting complete. Time (s): cpu = 00:00:00 ; elapsed = 00:00:00 . Memory (MB): peak = 13038.324 ; gain = 0.000 ; free physical = 1967 ; free virtual = 11012
INFO: [Project 1-479] Netlist was created with Vivado 2025.1
INFO: [Project 1-570] Preparing netlist for logic optimization
Read ShapeDB Complete: Time (s): cpu = 00:00:00 ; elapsed = 00:00:00 . Memory (MB): peak = 13038.324 ; gain = 0.000 ; free physical = 1969 ; free virtual = 11013
INFO: [Timing 38-478] Restoring timing data from binary archive.
INFO: [Timing 38-479] Binary timing data restore complete.
INFO: [Project 1-856] Restoring constraints from binary archive.
INFO: [Project 1-853] Binary constraint restore complete.
INFO: [Designutils 20-5722] Start Reading Physical Databases.
Reading placement.
Read Netlist Cache: Time (s): cpu = 00:00:00 ; elapsed = 00:00:00 . Memory (MB): peak = 13038.324 ; gain = 0.000 ; free physical = 1982 ; free virtual = 11027
Reading placer database...
Read Device Cache: Time (s): cpu = 00:00:00.01 ; elapsed = 00:00:00 . Memory (MB): peak = 13038.324 ; gain = 0.000 ; free physical = 1982 ; free virtual = 11027
Read PlaceDB: Time (s): cpu = 00:00:00 ; elapsed = 00:00:00 . Memory (MB): peak = 13038.324 ; gain = 0.000 ; free physical = 1982 ; free virtual = 11027
Read PulsedLatchDB: Time (s): cpu = 00:00:00 ; elapsed = 00:00:00 . Memory (MB): peak = 13038.324 ; gain = 0.000 ; free physical = 1982 ; free virtual = 11027
Reading routing.
Read RouteStorage: Time (s): cpu = 00:00:00 ; elapsed = 00:00:00 . Memory (MB): peak = 13038.324 ; gain = 0.000 ; free physical = 1982 ; free virtual = 11027
Read Physdb Files: Time (s): cpu = 00:00:00.01 ; elapsed = 00:00:00.01 . Memory (MB): peak = 13038.324 ; gain = 0.000 ; free physical = 1982 ; free virtual = 11027
Restored from archive | CPU: 0.010000 secs | Memory: 0.060608 MB |
Finished XDEF File Restore: Time (s): cpu = 00:00:00.01 ; elapsed = 00:00:00.01 . Memory (MB): peak = 13038.324 ; gain = 0.000 ; free physical = 1982 ; free virtual = 11027
refresh_design: Time (s): cpu = 00:00:09 ; elapsed = 00:00:07 . Memory (MB): peak = 13055.336 ; gain = 17.012 ; free physical = 1924 ; free virtual = 10973
WARNING: [filemgmt 56-199] Attempt to get parsing info during refresh. "On-the-fly" syntax checking information may be incorrect. [/home/srn6/pprojs/risc-v/risc-v/risc-v.srcs/sources_1/new/rv_pipe_pkg.sv:]
WARNING: [filemgmt 56-199] Attempt to get parsing info during refresh. "On-the-fly" syntax checking information may be incorrect. [/home/srn6/pprojs/risc-v/risc-v/risc-v.srcs/sources_1/new/memory_stage.sv:]
WARNING: [filemgmt 56-199] Attempt to get parsing info during refresh. "On-the-fly" syntax checking information may be incorrect. [/home/srn6/pprojs/risc-v/risc-v/risc-v.srcs/sources_1/new/decode_stage.sv:]
WARNING: [filemgmt 56-199] Attempt to get parsing info during refresh. "On-the-fly" syntax checking information may be incorrect. [/home/srn6/pprojs/risc-v/risc-v/risc-v.srcs/sources_1/new/fetch_stage.sv:]
WARNING: [filemgmt 56-199] Attempt to get parsing info during refresh. "On-the-fly" syntax checking information may be incorrect. [/home/srn6/pprojs/risc-v/risc-v/risc-v.srcs/sources_1/new/writeback_stage.sv:]
WARNING: [filemgmt 56-199] Attempt to get parsing info during refresh. "On-the-fly" syntax checking information may be incorrect. [/home/srn6/pprojs/risc-v/risc-v/risc-v.srcs/sources_1/new/top.sv:]
WARNING: [filemgmt 56-199] Attempt to get parsing info during refresh. "On-the-fly" syntax checking information may be incorrect. [/home/srn6/pprojs/risc-v/risc-v/risc-v.srcs/sources_1/new/main_memory.sv:]
WARNING: [filemgmt 56-199] Attempt to get parsing info during refresh. "On-the-fly" syntax checking information may be incorrect. [/home/srn6/pprojs/risc-v/risc-v/risc-v.srcs/sources_1/new/main_memory.sv:]
WARNING: [filemgmt 56-199] Attempt to get parsing info during refresh. "On-the-fly" syntax checking information may be incorrect. [/home/srn6/pprojs/risc-v/risc-v/risc-v.srcs/sources_1/new/main_memory.sv:]
WARNING: [filemgmt 56-199] Attempt to get parsing info during refresh. "On-the-fly" syntax checking information may be incorrect. [/home/srn6/pprojs/risc-v/risc-v/risc-v.srcs/sources_1/new/rv_pipe_pkg.sv:]
WARNING: [filemgmt 56-199] Attempt to get parsing info during refresh. "On-the-fly" syntax checking information may be incorrect. [/home/srn6/pprojs/risc-v/risc-v/risc-v.srcs/sources_1/new/memory_stage.sv:]
WARNING: [filemgmt 56-199] Attempt to get parsing info during refresh. "On-the-fly" syntax checking information may be incorrect. [/home/srn6/pprojs/risc-v/risc-v/risc-v.srcs/sources_1/new/decode_stage.sv:]
WARNING: [filemgmt 56-199] Attempt to get parsing info during refresh. "On-the-fly" syntax checking information may be incorrect. [/home/srn6/pprojs/risc-v/risc-v/risc-v.srcs/sources_1/new/fetch_stage.sv:]
WARNING: [filemgmt 56-199] Attempt to get parsing info during refresh. "On-the-fly" syntax checking information may be incorrect. [/home/srn6/pprojs/risc-v/risc-v/risc-v.srcs/sources_1/new/writeback_stage.sv:]
WARNING: [filemgmt 56-199] Attempt to get parsing info during refresh. "On-the-fly" syntax checking information may be incorrect. [/home/srn6/pprojs/risc-v/risc-v/risc-v.srcs/sources_1/new/top.sv:]
WARNING: [filemgmt 56-199] Attempt to get parsing info during refresh. "On-the-fly" syntax checking information may be incorrect. [/home/srn6/pprojs/risc-v/risc-v/risc-v.srcs/sources_1/new/main_memory.sv:]
WARNING: [filemgmt 56-199] Attempt to get parsing info during refresh. "On-the-fly" syntax checking information may be incorrect. [/home/srn6/pprojs/risc-v/risc-v/risc-v.srcs/sources_1/new/writeback_stage.sv:]
WARNING: [filemgmt 56-199] Attempt to get parsing info during refresh. "On-the-fly" syntax checking information may be incorrect. [/home/srn6/pprojs/risc-v/risc-v/risc-v.srcs/sources_1/new/writeback_stage.sv:]
WARNING: [filemgmt 56-199] Attempt to get parsing info during refresh. "On-the-fly" syntax checking information may be incorrect. [/home/srn6/pprojs/risc-v/risc-v/risc-v.srcs/sources_1/new/rv_pipe_pkg.sv:]
WARNING: [filemgmt 56-199] Attempt to get parsing info during refresh. "On-the-fly" syntax checking information may be incorrect. [/home/srn6/pprojs/risc-v/risc-v/risc-v.srcs/sources_1/new/memory_stage.sv:]
WARNING: [filemgmt 56-199] Attempt to get parsing info during refresh. "On-the-fly" syntax checking information may be incorrect. [/home/srn6/pprojs/risc-v/risc-v/risc-v.srcs/sources_1/new/decode_stage.sv:]
WARNING: [filemgmt 56-199] Attempt to get parsing info during refresh. "On-the-fly" syntax checking information may be incorrect. [/home/srn6/pprojs/risc-v/risc-v/risc-v.srcs/sources_1/new/fetch_stage.sv:]
WARNING: [filemgmt 56-199] Attempt to get parsing info during refresh. "On-the-fly" syntax checking information may be incorrect. [/home/srn6/pprojs/risc-v/risc-v/risc-v.srcs/sources_1/new/writeback_stage.sv:]
WARNING: [filemgmt 56-199] Attempt to get parsing info during refresh. "On-the-fly" syntax checking information may be incorrect. [/home/srn6/pprojs/risc-v/risc-v/risc-v.srcs/sources_1/new/top.sv:]
WARNING: [filemgmt 56-199] Attempt to get parsing info during refresh. "On-the-fly" syntax checking information may be incorrect. [/home/srn6/pprojs/risc-v/risc-v/risc-v.srcs/sources_1/new/main_memory.sv:]
WARNING: [filemgmt 56-199] Attempt to get parsing info during refresh. "On-the-fly" syntax checking information may be incorrect. [/home/srn6/pprojs/risc-v/risc-v/risc-v.srcs/sources_1/new/top.sv:]
WARNING: [filemgmt 56-199] Attempt to get parsing info during refresh. "On-the-fly" syntax checking information may be incorrect. [/home/srn6/pprojs/risc-v/risc-v/risc-v.srcs/sources_1/new/top.sv:]
WARNING: [filemgmt 56-199] Attempt to get parsing info during refresh. "On-the-fly" syntax checking information may be incorrect. [/home/srn6/pprojs/risc-v/risc-v/risc-v.srcs/sources_1/new/rv_pipe_pkg.sv:]
WARNING: [filemgmt 56-199] Attempt to get parsing info during refresh. "On-the-fly" syntax checking information may be incorrect. [/home/srn6/pprojs/risc-v/risc-v/risc-v.srcs/sources_1/new/memory_stage.sv:]
WARNING: [filemgmt 56-199] Attempt to get parsing info during refresh. "On-the-fly" syntax checking information may be incorrect. [/home/srn6/pprojs/risc-v/risc-v/risc-v.srcs/sources_1/new/decode_stage.sv:]
WARNING: [filemgmt 56-199] Attempt to get parsing info during refresh. "On-the-fly" syntax checking information may be incorrect. [/home/srn6/pprojs/risc-v/risc-v/risc-v.srcs/sources_1/new/fetch_stage.sv:]
WARNING: [filemgmt 56-199] Attempt to get parsing info during refresh. "On-the-fly" syntax checking information may be incorrect. [/home/srn6/pprojs/risc-v/risc-v/risc-v.srcs/sources_1/new/writeback_stage.sv:]
WARNING: [filemgmt 56-199] Attempt to get parsing info during refresh. "On-the-fly" syntax checking information may be incorrect. [/home/srn6/pprojs/risc-v/risc-v/risc-v.srcs/sources_1/new/top.sv:]
WARNING: [filemgmt 56-199] Attempt to get parsing info during refresh. "On-the-fly" syntax checking information may be incorrect. [/home/srn6/pprojs/risc-v/risc-v/risc-v.srcs/sources_1/new/main_memory.sv:]
WARNING: [filemgmt 56-199] Attempt to get parsing info during refresh. "On-the-fly" syntax checking information may be incorrect. [/home/srn6/pprojs/risc-v/risc-v/risc-v.srcs/sources_1/new/decode_stage.sv:]
WARNING: [filemgmt 56-199] Attempt to get parsing info during refresh. "On-the-fly" syntax checking information may be incorrect. [/home/srn6/pprojs/risc-v/risc-v/risc-v.srcs/sources_1/new/decode_stage.sv:]
WARNING: [filemgmt 56-199] Attempt to get parsing info during refresh. "On-the-fly" syntax checking information may be incorrect. [/home/srn6/pprojs/risc-v/risc-v/risc-v.srcs/sources_1/new/rv_pipe_pkg.sv:]
WARNING: [filemgmt 56-199] Attempt to get parsing info during refresh. "On-the-fly" syntax checking information may be incorrect. [/home/srn6/pprojs/risc-v/risc-v/risc-v.srcs/sources_1/new/memory_stage.sv:]
WARNING: [filemgmt 56-199] Attempt to get parsing info during refresh. "On-the-fly" syntax checking information may be incorrect. [/home/srn6/pprojs/risc-v/risc-v/risc-v.srcs/sources_1/new/decode_stage.sv:]
WARNING: [filemgmt 56-199] Attempt to get parsing info during refresh. "On-the-fly" syntax checking information may be incorrect. [/home/srn6/pprojs/risc-v/risc-v/risc-v.srcs/sources_1/new/fetch_stage.sv:]
WARNING: [filemgmt 56-199] Attempt to get parsing info during refresh. "On-the-fly" syntax checking information may be incorrect. [/home/srn6/pprojs/risc-v/risc-v/risc-v.srcs/sources_1/new/writeback_stage.sv:]
WARNING: [filemgmt 56-199] Attempt to get parsing info during refresh. "On-the-fly" syntax checking information may be incorrect. [/home/srn6/pprojs/risc-v/risc-v/risc-v.srcs/sources_1/new/top.sv:]
WARNING: [filemgmt 56-199] Attempt to get parsing info during refresh. "On-the-fly" syntax checking information may be incorrect. [/home/srn6/pprojs/risc-v/risc-v/risc-v.srcs/sources_1/new/main_memory.sv:]
WARNING: [filemgmt 56-199] Attempt to get parsing info during refresh. "On-the-fly" syntax checking information may be incorrect. [/home/srn6/pprojs/risc-v/risc-v/risc-v.srcs/sources_1/new/memory_stage.sv:]
WARNING: [filemgmt 56-199] Attempt to get parsing info during refresh. "On-the-fly" syntax checking information may be incorrect. [/home/srn6/pprojs/risc-v/risc-v/risc-v.srcs/sources_1/new/memory_stage.sv:]
WARNING: [filemgmt 56-199] Attempt to get parsing info during refresh. "On-the-fly" syntax checking information may be incorrect. [/home/srn6/pprojs/risc-v/risc-v/risc-v.srcs/sources_1/new/rv_pipe_pkg.sv:]
WARNING: [filemgmt 56-199] Attempt to get parsing info during refresh. "On-the-fly" syntax checking information may be incorrect. [/home/srn6/pprojs/risc-v/risc-v/risc-v.srcs/sources_1/new/memory_stage.sv:]
WARNING: [filemgmt 56-199] Attempt to get parsing info during refresh. "On-the-fly" syntax checking information may be incorrect. [/home/srn6/pprojs/risc-v/risc-v/risc-v.srcs/sources_1/new/decode_stage.sv:]
WARNING: [filemgmt 56-199] Attempt to get parsing info during refresh. "On-the-fly" syntax checking information may be incorrect. [/home/srn6/pprojs/risc-v/risc-v/risc-v.srcs/sources_1/new/fetch_stage.sv:]
WARNING: [filemgmt 56-199] Attempt to get parsing info during refresh. "On-the-fly" syntax checking information may be incorrect. [/home/srn6/pprojs/risc-v/risc-v/risc-v.srcs/sources_1/new/writeback_stage.sv:]
WARNING: [filemgmt 56-199] Attempt to get parsing info during refresh. "On-the-fly" syntax checking information may be incorrect. [/home/srn6/pprojs/risc-v/risc-v/risc-v.srcs/sources_1/new/top.sv:]
WARNING: [filemgmt 56-199] Attempt to get parsing info during refresh. "On-the-fly" syntax checking information may be incorrect. [/home/srn6/pprojs/risc-v/risc-v/risc-v.srcs/sources_1/new/main_memory.sv:]
WARNING: [filemgmt 56-199] Attempt to get parsing info during refresh. "On-the-fly" syntax checking information may be incorrect. [/home/srn6/pprojs/risc-v/risc-v/risc-v.srcs/sources_1/new/fetch_stage.sv:]
WARNING: [filemgmt 56-199] Attempt to get parsing info during refresh. "On-the-fly" syntax checking information may be incorrect. [/home/srn6/pprojs/risc-v/risc-v/risc-v.srcs/sources_1/new/fetch_stage.sv:]
WARNING: [filemgmt 56-199] Attempt to get parsing info during refresh. "On-the-fly" syntax checking information may be incorrect. [/home/srn6/pprojs/risc-v/risc-v/risc-v.srcs/sources_1/new/rv_pipe_pkg.sv:]
WARNING: [filemgmt 56-199] Attempt to get parsing info during refresh. "On-the-fly" syntax checking information may be incorrect. [/home/srn6/pprojs/risc-v/risc-v/risc-v.srcs/sources_1/new/memory_stage.sv:]
WARNING: [filemgmt 56-199] Attempt to get parsing info during refresh. "On-the-fly" syntax checking information may be incorrect. [/home/srn6/pprojs/risc-v/risc-v/risc-v.srcs/sources_1/new/decode_stage.sv:]
WARNING: [filemgmt 56-199] Attempt to get parsing info during refresh. "On-the-fly" syntax checking information may be incorrect. [/home/srn6/pprojs/risc-v/risc-v/risc-v.srcs/sources_1/new/fetch_stage.sv:]
WARNING: [filemgmt 56-199] Attempt to get parsing info during refresh. "On-the-fly" syntax checking information may be incorrect. [/home/srn6/pprojs/risc-v/risc-v/risc-v.srcs/sources_1/new/writeback_stage.sv:]
WARNING: [filemgmt 56-199] Attempt to get parsing info during refresh. "On-the-fly" syntax checking information may be incorrect. [/home/srn6/pprojs/risc-v/risc-v/risc-v.srcs/sources_1/new/top.sv:]
WARNING: [filemgmt 56-199] Attempt to get parsing info during refresh. "On-the-fly" syntax checking information may be incorrect. [/home/srn6/pprojs/risc-v/risc-v/risc-v.srcs/sources_1/new/main_memory.sv:]
WARNING: [filemgmt 56-199] Attempt to get parsing info during refresh. "On-the-fly" syntax checking information may be incorrect. [/home/srn6/pprojs/risc-v/risc-v/risc-v.srcs/sources_1/new/main_memory.sv:]
WARNING: [filemgmt 56-199] Attempt to get parsing info during refresh. "On-the-fly" syntax checking information may be incorrect. [/home/srn6/pprojs/risc-v/risc-v/risc-v.srcs/sources_1/new/main_memory.sv:]
WARNING: [filemgmt 56-199] Attempt to get parsing info during refresh. "On-the-fly" syntax checking information may be incorrect. [/home/srn6/pprojs/risc-v/risc-v/risc-v.srcs/sources_1/new/rv_pipe_pkg.sv:]
WARNING: [filemgmt 56-199] Attempt to get parsing info during refresh. "On-the-fly" syntax checking information may be incorrect. [/home/srn6/pprojs/risc-v/risc-v/risc-v.srcs/sources_1/new/memory_stage.sv:]
WARNING: [filemgmt 56-199] Attempt to get parsing info during refresh. "On-the-fly" syntax checking information may be incorrect. [/home/srn6/pprojs/risc-v/risc-v/risc-v.srcs/sources_1/new/decode_stage.sv:]
WARNING: [filemgmt 56-199] Attempt to get parsing info during refresh. "On-the-fly" syntax checking information may be incorrect. [/home/srn6/pprojs/risc-v/risc-v/risc-v.srcs/sources_1/new/fetch_stage.sv:]
WARNING: [filemgmt 56-199] Attempt to get parsing info during refresh. "On-the-fly" syntax checking information may be incorrect. [/home/srn6/pprojs/risc-v/risc-v/risc-v.srcs/sources_1/new/writeback_stage.sv:]
WARNING: [filemgmt 56-199] Attempt to get parsing info during refresh. "On-the-fly" syntax checking information may be incorrect. [/home/srn6/pprojs/risc-v/risc-v/risc-v.srcs/sources_1/new/top.sv:]
WARNING: [filemgmt 56-199] Attempt to get parsing info during refresh. "On-the-fly" syntax checking information may be incorrect. [/home/srn6/pprojs/risc-v/risc-v/risc-v.srcs/sources_1/new/main_memory.sv:]
WARNING: [filemgmt 56-199] Attempt to get parsing info during refresh. "On-the-fly" syntax checking information may be incorrect. [/home/srn6/pprojs/risc-v/risc-v/risc-v.srcs/sources_1/new/rv_pipe_pkg.sv:]
WARNING: [filemgmt 56-199] Attempt to get parsing info during refresh. "On-the-fly" syntax checking information may be incorrect. [/home/srn6/pprojs/risc-v/risc-v/risc-v.srcs/sources_1/new/rv_pipe_pkg.sv:]
reset_run synth_1
INFO: [Project 1-1161] Replacing file /home/srn6/pprojs/risc-v/risc-v/risc-v.srcs/utils_1/imports/synth_1/instruction_memory.dcp with file /home/srn6/pprojs/risc-v/risc-v/risc-v.runs/synth_1/top.dcp
WARNING: [filemgmt 56-199] Attempt to get parsing info during refresh. "On-the-fly" syntax checking information may be incorrect. [/home/srn6/pprojs/risc-v/risc-v/risc-v.srcs/sources_1/new/rv_pipe_pkg.sv:]
WARNING: [filemgmt 56-199] Attempt to get parsing info during refresh. "On-the-fly" syntax checking information may be incorrect. [/home/srn6/pprojs/risc-v/risc-v/risc-v.srcs/sources_1/new/memory_stage.sv:]
WARNING: [filemgmt 56-199] Attempt to get parsing info during refresh. "On-the-fly" syntax checking information may be incorrect. [/home/srn6/pprojs/risc-v/risc-v/risc-v.srcs/sources_1/new/decode_stage.sv:]
WARNING: [filemgmt 56-199] Attempt to get parsing info during refresh. "On-the-fly" syntax checking information may be incorrect. [/home/srn6/pprojs/risc-v/risc-v/risc-v.srcs/sources_1/new/fetch_stage.sv:]
WARNING: [filemgmt 56-199] Attempt to get parsing info during refresh. "On-the-fly" syntax checking information may be incorrect. [/home/srn6/pprojs/risc-v/risc-v/risc-v.srcs/sources_1/new/writeback_stage.sv:]
WARNING: [filemgmt 56-199] Attempt to get parsing info during refresh. "On-the-fly" syntax checking information may be incorrect. [/home/srn6/pprojs/risc-v/risc-v/risc-v.srcs/sources_1/new/top.sv:]
WARNING: [filemgmt 56-199] Attempt to get parsing info during refresh. "On-the-fly" syntax checking information may be incorrect. [/home/srn6/pprojs/risc-v/risc-v/risc-v.srcs/sources_1/new/main_memory.sv:]
WARNING: [filemgmt 56-199] Attempt to get parsing info during refresh. "On-the-fly" syntax checking information may be incorrect. [/home/srn6/pprojs/risc-v/risc-v/risc-v.srcs/sources_1/new/top.sv:]
WARNING: [filemgmt 56-199] Attempt to get parsing info during refresh. "On-the-fly" syntax checking information may be incorrect. [/home/srn6/pprojs/risc-v/risc-v/risc-v.srcs/sources_1/new/top.sv:]
WARNING: [filemgmt 56-199] Attempt to get parsing info during refresh. "On-the-fly" syntax checking information may be incorrect. [/home/srn6/pprojs/risc-v/risc-v/risc-v.srcs/sources_1/new/rv_pipe_pkg.sv:]
WARNING: [filemgmt 56-199] Attempt to get parsing info during refresh. "On-the-fly" syntax checking information may be incorrect. [/home/srn6/pprojs/risc-v/risc-v/risc-v.srcs/sources_1/new/memory_stage.sv:]
WARNING: [filemgmt 56-199] Attempt to get parsing info during refresh. "On-the-fly" syntax checking information may be incorrect. [/home/srn6/pprojs/risc-v/risc-v/risc-v.srcs/sources_1/new/decode_stage.sv:]
WARNING: [filemgmt 56-199] Attempt to get parsing info during refresh. "On-the-fly" syntax checking information may be incorrect. [/home/srn6/pprojs/risc-v/risc-v/risc-v.srcs/sources_1/new/fetch_stage.sv:]
WARNING: [filemgmt 56-199] Attempt to get parsing info during refresh. "On-the-fly" syntax checking information may be incorrect. [/home/srn6/pprojs/risc-v/risc-v/risc-v.srcs/sources_1/new/writeback_stage.sv:]
WARNING: [filemgmt 56-199] Attempt to get parsing info during refresh. "On-the-fly" syntax checking information may be incorrect. [/home/srn6/pprojs/risc-v/risc-v/risc-v.srcs/sources_1/new/top.sv:]
WARNING: [filemgmt 56-199] Attempt to get parsing info during refresh. "On-the-fly" syntax checking information may be incorrect. [/home/srn6/pprojs/risc-v/risc-v/risc-v.srcs/sources_1/new/main_memory.sv:]
WARNING: [filemgmt 56-199] Attempt to get parsing info during refresh. "On-the-fly" syntax checking information may be incorrect. [/home/srn6/pprojs/risc-v/risc-v/risc-v.srcs/sources_1/new/top.sv:]
WARNING: [filemgmt 56-199] Attempt to get parsing info during refresh. "On-the-fly" syntax checking information may be incorrect. [/home/srn6/pprojs/risc-v/risc-v/risc-v.srcs/sources_1/new/top.sv:]
WARNING: [filemgmt 56-199] Attempt to get parsing info during refresh. "On-the-fly" syntax checking information may be incorrect. [/home/srn6/pprojs/risc-v/risc-v/risc-v.srcs/sources_1/new/rv_pipe_pkg.sv:]
WARNING: [filemgmt 56-199] Attempt to get parsing info during refresh. "On-the-fly" syntax checking information may be incorrect. [/home/srn6/pprojs/risc-v/risc-v/risc-v.srcs/sources_1/new/memory_stage.sv:]
WARNING: [filemgmt 56-199] Attempt to get parsing info during refresh. "On-the-fly" syntax checking information may be incorrect. [/home/srn6/pprojs/risc-v/risc-v/risc-v.srcs/sources_1/new/decode_stage.sv:]
WARNING: [filemgmt 56-199] Attempt to get parsing info during refresh. "On-the-fly" syntax checking information may be incorrect. [/home/srn6/pprojs/risc-v/risc-v/risc-v.srcs/sources_1/new/fetch_stage.sv:]
WARNING: [filemgmt 56-199] Attempt to get parsing info during refresh. "On-the-fly" syntax checking information may be incorrect. [/home/srn6/pprojs/risc-v/risc-v/risc-v.srcs/sources_1/new/writeback_stage.sv:]
WARNING: [filemgmt 56-199] Attempt to get parsing info during refresh. "On-the-fly" syntax checking information may be incorrect. [/home/srn6/pprojs/risc-v/risc-v/risc-v.srcs/sources_1/new/top.sv:]
WARNING: [filemgmt 56-199] Attempt to get parsing info during refresh. "On-the-fly" syntax checking information may be incorrect. [/home/srn6/pprojs/risc-v/risc-v/risc-v.srcs/sources_1/new/main_memory.sv:]
WARNING: [filemgmt 56-199] Attempt to get parsing info during refresh. "On-the-fly" syntax checking information may be incorrect. [/home/srn6/pprojs/risc-v/risc-v/risc-v.srcs/sources_1/new/rv_pipe_pkg.sv:]
WARNING: [filemgmt 56-199] Attempt to get parsing info during refresh. "On-the-fly" syntax checking information may be incorrect. [/home/srn6/pprojs/risc-v/risc-v/risc-v.srcs/sources_1/new/rv_pipe_pkg.sv:]
launch_runs impl_1 -jobs 6
WARNING: [filemgmt 56-199] Attempt to get parsing info during refresh. "On-the-fly" syntax checking information may be incorrect. [/home/srn6/pprojs/risc-v/risc-v/risc-v.srcs/sources_1/new/rv_pipe_pkg.sv:]
WARNING: [filemgmt 56-199] Attempt to get parsing info during refresh. "On-the-fly" syntax checking information may be incorrect. [/home/srn6/pprojs/risc-v/risc-v/risc-v.srcs/sources_1/new/memory_stage.sv:]
WARNING: [filemgmt 56-199] Attempt to get parsing info during refresh. "On-the-fly" syntax checking information may be incorrect. [/home/srn6/pprojs/risc-v/risc-v/risc-v.srcs/sources_1/new/decode_stage.sv:]
WARNING: [filemgmt 56-199] Attempt to get parsing info during refresh. "On-the-fly" syntax checking information may be incorrect. [/home/srn6/pprojs/risc-v/risc-v/risc-v.srcs/sources_1/new/fetch_stage.sv:]
WARNING: [filemgmt 56-199] Attempt to get parsing info during refresh. "On-the-fly" syntax checking information may be incorrect. [/home/srn6/pprojs/risc-v/risc-v/risc-v.srcs/sources_1/new/writeback_stage.sv:]
WARNING: [filemgmt 56-199] Attempt to get parsing info during refresh. "On-the-fly" syntax checking information may be incorrect. [/home/srn6/pprojs/risc-v/risc-v/risc-v.srcs/sources_1/new/top.sv:]
WARNING: [filemgmt 56-199] Attempt to get parsing info during refresh. "On-the-fly" syntax checking information may be incorrect. [/home/srn6/pprojs/risc-v/risc-v/risc-v.srcs/sources_1/new/main_memory.sv:]
WARNING: [filemgmt 56-199] Attempt to get parsing info during refresh. "On-the-fly" syntax checking information may be incorrect. [/home/srn6/pprojs/risc-v/risc-v/risc-v.srcs/sources_1/new/fetch_stage.sv:]
WARNING: [filemgmt 56-199] Attempt to get parsing info during refresh. "On-the-fly" syntax checking information may be incorrect. [/home/srn6/pprojs/risc-v/risc-v/risc-v.srcs/sources_1/new/fetch_stage.sv:]
INFO: [Vivado 12-4149] The synthesis checkpoint for IP '/home/srn6/pprojs/risc-v/risc-v/risc-v.srcs/sources_1/ip/blk_mem_gen_0_1/blk_mem_gen_0.xci' is already up-to-date
WARNING: [filemgmt 56-199] Attempt to get parsing info during refresh. "On-the-fly" syntax checking information may be incorrect. [/home/srn6/pprojs/risc-v/risc-v/risc-v.srcs/sources_1/new/rv_pipe_pkg.sv:]
WARNING: [filemgmt 56-199] Attempt to get parsing info during refresh. "On-the-fly" syntax checking information may be incorrect. [/home/srn6/pprojs/risc-v/risc-v/risc-v.srcs/sources_1/new/memory_stage.sv:]
WARNING: [filemgmt 56-199] Attempt to get parsing info during refresh. "On-the-fly" syntax checking information may be incorrect. [/home/srn6/pprojs/risc-v/risc-v/risc-v.srcs/sources_1/new/decode_stage.sv:]
WARNING: [filemgmt 56-199] Attempt to get parsing info during refresh. "On-the-fly" syntax checking information may be incorrect. [/home/srn6/pprojs/risc-v/risc-v/risc-v.srcs/sources_1/new/fetch_stage.sv:]
WARNING: [filemgmt 56-199] Attempt to get parsing info during refresh. "On-the-fly" syntax checking information may be incorrect. [/home/srn6/pprojs/risc-v/risc-v/risc-v.srcs/sources_1/new/writeback_stage.sv:]
WARNING: [filemgmt 56-199] Attempt to get parsing info during refresh. "On-the-fly" syntax checking information may be incorrect. [/home/srn6/pprojs/risc-v/risc-v/risc-v.srcs/sources_1/new/top.sv:]
WARNING: [filemgmt 56-199] Attempt to get parsing info during refresh. "On-the-fly" syntax checking information may be incorrect. [/home/srn6/pprojs/risc-v/risc-v/risc-v.srcs/sources_1/new/main_memory.sv:]
WARNING: [filemgmt 56-199] Attempt to get parsing info during refresh. "On-the-fly" syntax checking information may be incorrect. [/home/srn6/pprojs/risc-v/risc-v/risc-v.srcs/sources_1/new/rv_pipe_pkg.sv:]
WARNING: [filemgmt 56-199] Attempt to get parsing info during refresh. "On-the-fly" syntax checking information may be incorrect. [/home/srn6/pprojs/risc-v/risc-v/risc-v.srcs/sources_1/new/rv_pipe_pkg.sv:]
WARNING: [filemgmt 56-199] Attempt to get parsing info during refresh. "On-the-fly" syntax checking information may be incorrect. [/home/srn6/pprojs/risc-v/risc-v/risc-v.srcs/sources_1/new/rv_pipe_pkg.sv:]
WARNING: [filemgmt 56-199] Attempt to get parsing info during refresh. "On-the-fly" syntax checking information may be incorrect. [/home/srn6/pprojs/risc-v/risc-v/risc-v.srcs/sources_1/new/memory_stage.sv:]
WARNING: [filemgmt 56-199] Attempt to get parsing info during refresh. "On-the-fly" syntax checking information may be incorrect. [/home/srn6/pprojs/risc-v/risc-v/risc-v.srcs/sources_1/new/decode_stage.sv:]
WARNING: [filemgmt 56-199] Attempt to get parsing info during refresh. "On-the-fly" syntax checking information may be incorrect. [/home/srn6/pprojs/risc-v/risc-v/risc-v.srcs/sources_1/new/fetch_stage.sv:]
WARNING: [filemgmt 56-199] Attempt to get parsing info during refresh. "On-the-fly" syntax checking information may be incorrect. [/home/srn6/pprojs/risc-v/risc-v/risc-v.srcs/sources_1/new/writeback_stage.sv:]
WARNING: [filemgmt 56-199] Attempt to get parsing info during refresh. "On-the-fly" syntax checking information may be incorrect. [/home/srn6/pprojs/risc-v/risc-v/risc-v.srcs/sources_1/new/top.sv:]
WARNING: [filemgmt 56-199] Attempt to get parsing info during refresh. "On-the-fly" syntax checking information may be incorrect. [/home/srn6/pprojs/risc-v/risc-v/risc-v.srcs/sources_1/new/main_memory.sv:]
WARNING: [filemgmt 56-199] Attempt to get parsing info during refresh. "On-the-fly" syntax checking information may be incorrect. [/home/srn6/pprojs/risc-v/risc-v/risc-v.srcs/sources_1/new/memory_stage.sv:]
WARNING: [filemgmt 56-199] Attempt to get parsing info during refresh. "On-the-fly" syntax checking information may be incorrect. [/home/srn6/pprojs/risc-v/risc-v/risc-v.srcs/sources_1/new/memory_stage.sv:]
WARNING: [filemgmt 56-199] Attempt to get parsing info during refresh. "On-the-fly" syntax checking information may be incorrect. [/home/srn6/pprojs/risc-v/risc-v/risc-v.srcs/sources_1/new/rv_pipe_pkg.sv:]
WARNING: [filemgmt 56-199] Attempt to get parsing info during refresh. "On-the-fly" syntax checking information may be incorrect. [/home/srn6/pprojs/risc-v/risc-v/risc-v.srcs/sources_1/new/memory_stage.sv:]
WARNING: [filemgmt 56-199] Attempt to get parsing info during refresh. "On-the-fly" syntax checking information may be incorrect. [/home/srn6/pprojs/risc-v/risc-v/risc-v.srcs/sources_1/new/decode_stage.sv:]
WARNING: [filemgmt 56-199] Attempt to get parsing info during refresh. "On-the-fly" syntax checking information may be incorrect. [/home/srn6/pprojs/risc-v/risc-v/risc-v.srcs/sources_1/new/fetch_stage.sv:]
WARNING: [filemgmt 56-199] Attempt to get parsing info during refresh. "On-the-fly" syntax checking information may be incorrect. [/home/srn6/pprojs/risc-v/risc-v/risc-v.srcs/sources_1/new/writeback_stage.sv:]
WARNING: [filemgmt 56-199] Attempt to get parsing info during refresh. "On-the-fly" syntax checking information may be incorrect. [/home/srn6/pprojs/risc-v/risc-v/risc-v.srcs/sources_1/new/top.sv:]
WARNING: [filemgmt 56-199] Attempt to get parsing info during refresh. "On-the-fly" syntax checking information may be incorrect. [/home/srn6/pprojs/risc-v/risc-v/risc-v.srcs/sources_1/new/main_memory.sv:]
WARNING: [filemgmt 56-199] Attempt to get parsing info during refresh. "On-the-fly" syntax checking information may be incorrect. [/home/srn6/pprojs/risc-v/risc-v/risc-v.srcs/sources_1/new/writeback_stage.sv:]
WARNING: [filemgmt 56-199] Attempt to get parsing info during refresh. "On-the-fly" syntax checking information may be incorrect. [/home/srn6/pprojs/risc-v/risc-v/risc-v.srcs/sources_1/new/writeback_stage.sv:]
WARNING: [filemgmt 56-199] Attempt to get parsing info during refresh. "On-the-fly" syntax checking information may be incorrect. [/home/srn6/pprojs/risc-v/risc-v/risc-v.srcs/sources_1/new/rv_pipe_pkg.sv:]
WARNING: [filemgmt 56-199] Attempt to get parsing info during refresh. "On-the-fly" syntax checking information may be incorrect. [/home/srn6/pprojs/risc-v/risc-v/risc-v.srcs/sources_1/new/memory_stage.sv:]
WARNING: [filemgmt 56-199] Attempt to get parsing info during refresh. "On-the-fly" syntax checking information may be incorrect. [/home/srn6/pprojs/risc-v/risc-v/risc-v.srcs/sources_1/new/decode_stage.sv:]
WARNING: [filemgmt 56-199] Attempt to get parsing info during refresh. "On-the-fly" syntax checking information may be incorrect. [/home/srn6/pprojs/risc-v/risc-v/risc-v.srcs/sources_1/new/fetch_stage.sv:]
WARNING: [filemgmt 56-199] Attempt to get parsing info during refresh. "On-the-fly" syntax checking information may be incorrect. [/home/srn6/pprojs/risc-v/risc-v/risc-v.srcs/sources_1/new/writeback_stage.sv:]
WARNING: [filemgmt 56-199] Attempt to get parsing info during refresh. "On-the-fly" syntax checking information may be incorrect. [/home/srn6/pprojs/risc-v/risc-v/risc-v.srcs/sources_1/new/top.sv:]
WARNING: [filemgmt 56-199] Attempt to get parsing info during refresh. "On-the-fly" syntax checking information may be incorrect. [/home/srn6/pprojs/risc-v/risc-v/risc-v.srcs/sources_1/new/main_memory.sv:]
WARNING: [filemgmt 56-199] Attempt to get parsing info during refresh. "On-the-fly" syntax checking information may be incorrect. [/home/srn6/pprojs/risc-v/risc-v/risc-v.srcs/sources_1/new/decode_stage.sv:]
WARNING: [filemgmt 56-199] Attempt to get parsing info during refresh. "On-the-fly" syntax checking information may be incorrect. [/home/srn6/pprojs/risc-v/risc-v/risc-v.srcs/sources_1/new/decode_stage.sv:]
[Mon Mar  9 23:28:28 2026] Launched synth_1...
Run output will be captured here: /home/srn6/pprojs/risc-v/risc-v/risc-v.runs/synth_1/runme.log
[Mon Mar  9 23:28:28 2026] Launched impl_1...
Run output will be captured here: /home/srn6/pprojs/risc-v/risc-v/risc-v.runs/impl_1/runme.log
refresh_design
Netlist sorting complete. Time (s): cpu = 00:00:00 ; elapsed = 00:00:00 . Memory (MB): peak = 13087.359 ; gain = 0.000 ; free physical = 1650 ; free virtual = 10693
INFO: [Project 1-479] Netlist was created with Vivado 2025.1
INFO: [Project 1-570] Preparing netlist for logic optimization
Read ShapeDB Complete: Time (s): cpu = 00:00:00 ; elapsed = 00:00:00 . Memory (MB): peak = 13087.359 ; gain = 0.000 ; free physical = 1652 ; free virtual = 10695
INFO: [Timing 38-478] Restoring timing data from binary archive.
INFO: [Timing 38-479] Binary timing data restore complete.
INFO: [Project 1-856] Restoring constraints from binary archive.
INFO: [Project 1-853] Binary constraint restore complete.
INFO: [Designutils 20-5722] Start Reading Physical Databases.
Reading placement.
Read Netlist Cache: Time (s): cpu = 00:00:00 ; elapsed = 00:00:00 . Memory (MB): peak = 13087.359 ; gain = 0.000 ; free physical = 1659 ; free virtual = 10702
Reading placer database...
Read Device Cache: Time (s): cpu = 00:00:00 ; elapsed = 00:00:00 . Memory (MB): peak = 13087.359 ; gain = 0.000 ; free physical = 1659 ; free virtual = 10702
Read PlaceDB: Time (s): cpu = 00:00:00 ; elapsed = 00:00:00.01 . Memory (MB): peak = 13087.359 ; gain = 0.000 ; free physical = 1659 ; free virtual = 10702
Read PulsedLatchDB: Time (s): cpu = 00:00:00 ; elapsed = 00:00:00 . Memory (MB): peak = 13087.359 ; gain = 0.000 ; free physical = 1659 ; free virtual = 10702
Reading routing.
Read RouteStorage: Time (s): cpu = 00:00:00 ; elapsed = 00:00:00.01 . Memory (MB): peak = 13087.359 ; gain = 0.000 ; free physical = 1659 ; free virtual = 10702
Read Physdb Files: Time (s): cpu = 00:00:00.02 ; elapsed = 00:00:00.03 . Memory (MB): peak = 13087.359 ; gain = 0.000 ; free physical = 1659 ; free virtual = 10702
Restored from archive | CPU: 0.020000 secs | Memory: 0.257004 MB |
Finished XDEF File Restore: Time (s): cpu = 00:00:00.02 ; elapsed = 00:00:00.03 . Memory (MB): peak = 13087.359 ; gain = 0.000 ; free physical = 1659 ; free virtual = 10702
refresh_design: Time (s): cpu = 00:00:08 ; elapsed = 00:00:06 . Memory (MB): peak = 13103.367 ; gain = 16.008 ; free physical = 1722 ; free virtual = 10770
save_constraints
WARNING: [filemgmt 56-199] Attempt to get parsing info during refresh. "On-the-fly" syntax checking information may be incorrect. [/home/srn6/pprojs/risc-v/risc-v/risc-v.srcs/sources_1/new/rv_pipe_pkg.sv:]
WARNING: [filemgmt 56-199] Attempt to get parsing info during refresh. "On-the-fly" syntax checking information may be incorrect. [/home/srn6/pprojs/risc-v/risc-v/risc-v.srcs/sources_1/new/memory_stage.sv:]
WARNING: [filemgmt 56-199] Attempt to get parsing info during refresh. "On-the-fly" syntax checking information may be incorrect. [/home/srn6/pprojs/risc-v/risc-v/risc-v.srcs/sources_1/new/decode_stage.sv:]
WARNING: [filemgmt 56-199] Attempt to get parsing info during refresh. "On-the-fly" syntax checking information may be incorrect. [/home/srn6/pprojs/risc-v/risc-v/risc-v.srcs/sources_1/new/fetch_stage.sv:]
WARNING: [filemgmt 56-199] Attempt to get parsing info during refresh. "On-the-fly" syntax checking information may be incorrect. [/home/srn6/pprojs/risc-v/risc-v/risc-v.srcs/sources_1/new/writeback_stage.sv:]
WARNING: [filemgmt 56-199] Attempt to get parsing info during refresh. "On-the-fly" syntax checking information may be incorrect. [/home/srn6/pprojs/risc-v/risc-v/risc-v.srcs/sources_1/new/top.sv:]
WARNING: [filemgmt 56-199] Attempt to get parsing info during refresh. "On-the-fly" syntax checking information may be incorrect. [/home/srn6/pprojs/risc-v/risc-v/risc-v.srcs/sources_1/new/main_memory.sv:]
WARNING: [filemgmt 56-199] Attempt to get parsing info during refresh. "On-the-fly" syntax checking information may be incorrect. [/home/srn6/pprojs/risc-v/risc-v/risc-v.srcs/sources_1/new/top.sv:]
WARNING: [filemgmt 56-199] Attempt to get parsing info during refresh. "On-the-fly" syntax checking information may be incorrect. [/home/srn6/pprojs/risc-v/risc-v/risc-v.srcs/sources_1/new/top.sv:]
WARNING: [filemgmt 56-199] Attempt to get parsing info during refresh. "On-the-fly" syntax checking information may be incorrect. [/home/srn6/pprojs/risc-v/risc-v/risc-v.srcs/sources_1/new/rv_pipe_pkg.sv:]
WARNING: [filemgmt 56-199] Attempt to get parsing info during refresh. "On-the-fly" syntax checking information may be incorrect. [/home/srn6/pprojs/risc-v/risc-v/risc-v.srcs/sources_1/new/memory_stage.sv:]
WARNING: [filemgmt 56-199] Attempt to get parsing info during refresh. "On-the-fly" syntax checking information may be incorrect. [/home/srn6/pprojs/risc-v/risc-v/risc-v.srcs/sources_1/new/decode_stage.sv:]
WARNING: [filemgmt 56-199] Attempt to get parsing info during refresh. "On-the-fly" syntax checking information may be incorrect. [/home/srn6/pprojs/risc-v/risc-v/risc-v.srcs/sources_1/new/fetch_stage.sv:]
WARNING: [filemgmt 56-199] Attempt to get parsing info during refresh. "On-the-fly" syntax checking information may be incorrect. [/home/srn6/pprojs/risc-v/risc-v/risc-v.srcs/sources_1/new/writeback_stage.sv:]
WARNING: [filemgmt 56-199] Attempt to get parsing info during refresh. "On-the-fly" syntax checking information may be incorrect. [/home/srn6/pprojs/risc-v/risc-v/risc-v.srcs/sources_1/new/top.sv:]
WARNING: [filemgmt 56-199] Attempt to get parsing info during refresh. "On-the-fly" syntax checking information may be incorrect. [/home/srn6/pprojs/risc-v/risc-v/risc-v.srcs/sources_1/new/main_memory.sv:]
WARNING: [filemgmt 56-199] Attempt to get parsing info during refresh. "On-the-fly" syntax checking information may be incorrect. [/home/srn6/pprojs/risc-v/risc-v/risc-v.srcs/sources_1/new/decode_stage.sv:]
WARNING: [filemgmt 56-199] Attempt to get parsing info during refresh. "On-the-fly" syntax checking information may be incorrect. [/home/srn6/pprojs/risc-v/risc-v/risc-v.srcs/sources_1/new/decode_stage.sv:]
WARNING: [filemgmt 56-199] Attempt to get parsing info during refresh. "On-the-fly" syntax checking information may be incorrect. [/home/srn6/pprojs/risc-v/risc-v/risc-v.srcs/sources_1/new/rv_pipe_pkg.sv:]
WARNING: [filemgmt 56-199] Attempt to get parsing info during refresh. "On-the-fly" syntax checking information may be incorrect. [/home/srn6/pprojs/risc-v/risc-v/risc-v.srcs/sources_1/new/memory_stage.sv:]
WARNING: [filemgmt 56-199] Attempt to get parsing info during refresh. "On-the-fly" syntax checking information may be incorrect. [/home/srn6/pprojs/risc-v/risc-v/risc-v.srcs/sources_1/new/decode_stage.sv:]
WARNING: [filemgmt 56-199] Attempt to get parsing info during refresh. "On-the-fly" syntax checking information may be incorrect. [/home/srn6/pprojs/risc-v/risc-v/risc-v.srcs/sources_1/new/fetch_stage.sv:]
WARNING: [filemgmt 56-199] Attempt to get parsing info during refresh. "On-the-fly" syntax checking information may be incorrect. [/home/srn6/pprojs/risc-v/risc-v/risc-v.srcs/sources_1/new/writeback_stage.sv:]
WARNING: [filemgmt 56-199] Attempt to get parsing info during refresh. "On-the-fly" syntax checking information may be incorrect. [/home/srn6/pprojs/risc-v/risc-v/risc-v.srcs/sources_1/new/top.sv:]
WARNING: [filemgmt 56-199] Attempt to get parsing info during refresh. "On-the-fly" syntax checking information may be incorrect. [/home/srn6/pprojs/risc-v/risc-v/risc-v.srcs/sources_1/new/main_memory.sv:]
WARNING: [filemgmt 56-199] Attempt to get parsing info during refresh. "On-the-fly" syntax checking information may be incorrect. [/home/srn6/pprojs/risc-v/risc-v/risc-v.srcs/sources_1/new/fetch_stage.sv:]
WARNING: [filemgmt 56-199] Attempt to get parsing info during refresh. "On-the-fly" syntax checking information may be incorrect. [/home/srn6/pprojs/risc-v/risc-v/risc-v.srcs/sources_1/new/fetch_stage.sv:]
reset_run synth_1
INFO: [Project 1-1161] Replacing file /home/srn6/pprojs/risc-v/risc-v/risc-v.srcs/utils_1/imports/synth_1/instruction_memory.dcp with file /home/srn6/pprojs/risc-v/risc-v/risc-v.runs/synth_1/top.dcp
reset_run impl_1
WARNING: [filemgmt 56-199] Attempt to get parsing info during refresh. "On-the-fly" syntax checking information may be incorrect. [/home/srn6/pprojs/risc-v/risc-v/risc-v.srcs/sources_1/new/rv_pipe_pkg.sv:]
WARNING: [filemgmt 56-199] Attempt to get parsing info during refresh. "On-the-fly" syntax checking information may be incorrect. [/home/srn6/pprojs/risc-v/risc-v/risc-v.srcs/sources_1/new/memory_stage.sv:]
WARNING: [filemgmt 56-199] Attempt to get parsing info during refresh. "On-the-fly" syntax checking information may be incorrect. [/home/srn6/pprojs/risc-v/risc-v/risc-v.srcs/sources_1/new/decode_stage.sv:]
WARNING: [filemgmt 56-199] Attempt to get parsing info during refresh. "On-the-fly" syntax checking information may be incorrect. [/home/srn6/pprojs/risc-v/risc-v/risc-v.srcs/sources_1/new/fetch_stage.sv:]
WARNING: [filemgmt 56-199] Attempt to get parsing info during refresh. "On-the-fly" syntax checking information may be incorrect. [/home/srn6/pprojs/risc-v/risc-v/risc-v.srcs/sources_1/new/writeback_stage.sv:]
WARNING: [filemgmt 56-199] Attempt to get parsing info during refresh. "On-the-fly" syntax checking information may be incorrect. [/home/srn6/pprojs/risc-v/risc-v/risc-v.srcs/sources_1/new/top.sv:]
WARNING: [filemgmt 56-199] Attempt to get parsing info during refresh. "On-the-fly" syntax checking information may be incorrect. [/home/srn6/pprojs/risc-v/risc-v/risc-v.srcs/sources_1/new/main_memory.sv:]
WARNING: [filemgmt 56-199] Attempt to get parsing info during refresh. "On-the-fly" syntax checking information may be incorrect. [/home/srn6/pprojs/risc-v/risc-v/risc-v.srcs/sources_1/new/main_memory.sv:]
WARNING: [filemgmt 56-199] Attempt to get parsing info during refresh. "On-the-fly" syntax checking information may be incorrect. [/home/srn6/pprojs/risc-v/risc-v/risc-v.srcs/sources_1/new/main_memory.sv:]
WARNING: [filemgmt 56-199] Attempt to get parsing info during refresh. "On-the-fly" syntax checking information may be incorrect. [/home/srn6/pprojs/risc-v/risc-v/risc-v.srcs/sources_1/new/rv_pipe_pkg.sv:]
WARNING: [filemgmt 56-199] Attempt to get parsing info during refresh. "On-the-fly" syntax checking information may be incorrect. [/home/srn6/pprojs/risc-v/risc-v/risc-v.srcs/sources_1/new/memory_stage.sv:]
WARNING: [filemgmt 56-199] Attempt to get parsing info during refresh. "On-the-fly" syntax checking information may be incorrect. [/home/srn6/pprojs/risc-v/risc-v/risc-v.srcs/sources_1/new/decode_stage.sv:]
WARNING: [filemgmt 56-199] Attempt to get parsing info during refresh. "On-the-fly" syntax checking information may be incorrect. [/home/srn6/pprojs/risc-v/risc-v/risc-v.srcs/sources_1/new/fetch_stage.sv:]
WARNING: [filemgmt 56-199] Attempt to get parsing info during refresh. "On-the-fly" syntax checking information may be incorrect. [/home/srn6/pprojs/risc-v/risc-v/risc-v.srcs/sources_1/new/writeback_stage.sv:]
WARNING: [filemgmt 56-199] Attempt to get parsing info during refresh. "On-the-fly" syntax checking information may be incorrect. [/home/srn6/pprojs/risc-v/risc-v/risc-v.srcs/sources_1/new/top.sv:]
WARNING: [filemgmt 56-199] Attempt to get parsing info during refresh. "On-the-fly" syntax checking information may be incorrect. [/home/srn6/pprojs/risc-v/risc-v/risc-v.srcs/sources_1/new/main_memory.sv:]
WARNING: [filemgmt 56-199] Attempt to get parsing info during refresh. "On-the-fly" syntax checking information may be incorrect. [/home/srn6/pprojs/risc-v/risc-v/risc-v.srcs/sources_1/new/rv_pipe_pkg.sv:]
WARNING: [filemgmt 56-199] Attempt to get parsing info during refresh. "On-the-fly" syntax checking information may be incorrect. [/home/srn6/pprojs/risc-v/risc-v/risc-v.srcs/sources_1/new/rv_pipe_pkg.sv:]
launch_runs impl_1 -jobs 6
INFO: [Vivado 12-4149] The synthesis checkpoint for IP '/home/srn6/pprojs/risc-v/risc-v/risc-v.srcs/sources_1/ip/blk_mem_gen_0_1/blk_mem_gen_0.xci' is already up-to-date
WARNING: [filemgmt 56-199] Attempt to get parsing info during refresh. "On-the-fly" syntax checking information may be incorrect. [/home/srn6/pprojs/risc-v/risc-v/risc-v.srcs/sources_1/new/rv_pipe_pkg.sv:]
WARNING: [filemgmt 56-199] Attempt to get parsing info during refresh. "On-the-fly" syntax checking information may be incorrect. [/home/srn6/pprojs/risc-v/risc-v/risc-v.srcs/sources_1/new/memory_stage.sv:]
WARNING: [filemgmt 56-199] Attempt to get parsing info during refresh. "On-the-fly" syntax checking information may be incorrect. [/home/srn6/pprojs/risc-v/risc-v/risc-v.srcs/sources_1/new/decode_stage.sv:]
WARNING: [filemgmt 56-199] Attempt to get parsing info during refresh. "On-the-fly" syntax checking information may be incorrect. [/home/srn6/pprojs/risc-v/risc-v/risc-v.srcs/sources_1/new/fetch_stage.sv:]
WARNING: [filemgmt 56-199] Attempt to get parsing info during refresh. "On-the-fly" syntax checking information may be incorrect. [/home/srn6/pprojs/risc-v/risc-v/risc-v.srcs/sources_1/new/writeback_stage.sv:]
WARNING: [filemgmt 56-199] Attempt to get parsing info during refresh. "On-the-fly" syntax checking information may be incorrect. [/home/srn6/pprojs/risc-v/risc-v/risc-v.srcs/sources_1/new/top.sv:]
WARNING: [filemgmt 56-199] Attempt to get parsing info during refresh. "On-the-fly" syntax checking information may be incorrect. [/home/srn6/pprojs/risc-v/risc-v/risc-v.srcs/sources_1/new/main_memory.sv:]
WARNING: [filemgmt 56-199] Attempt to get parsing info during refresh. "On-the-fly" syntax checking information may be incorrect. [/home/srn6/pprojs/risc-v/risc-v/risc-v.srcs/sources_1/new/memory_stage.sv:]
WARNING: [filemgmt 56-199] Attempt to get parsing info during refresh. "On-the-fly" syntax checking information may be incorrect. [/home/srn6/pprojs/risc-v/risc-v/risc-v.srcs/sources_1/new/memory_stage.sv:]
[Mon Mar  9 23:35:17 2026] Launched synth_1...
Run output will be captured here: /home/srn6/pprojs/risc-v/risc-v/risc-v.runs/synth_1/runme.log
[Mon Mar  9 23:35:18 2026] Launched impl_1...
Run output will be captured here: /home/srn6/pprojs/risc-v/risc-v/risc-v.runs/impl_1/runme.log
WARNING: [filemgmt 56-199] Attempt to get parsing info during refresh. "On-the-fly" syntax checking information may be incorrect. [/home/srn6/pprojs/risc-v/risc-v/risc-v.srcs/sources_1/new/rv_pipe_pkg.sv:]
WARNING: [filemgmt 56-199] Attempt to get parsing info during refresh. "On-the-fly" syntax checking information may be incorrect. [/home/srn6/pprojs/risc-v/risc-v/risc-v.srcs/sources_1/new/memory_stage.sv:]
WARNING: [filemgmt 56-199] Attempt to get parsing info during refresh. "On-the-fly" syntax checking information may be incorrect. [/home/srn6/pprojs/risc-v/risc-v/risc-v.srcs/sources_1/new/decode_stage.sv:]
WARNING: [filemgmt 56-199] Attempt to get parsing info during refresh. "On-the-fly" syntax checking information may be incorrect. [/home/srn6/pprojs/risc-v/risc-v/risc-v.srcs/sources_1/new/fetch_stage.sv:]
WARNING: [filemgmt 56-199] Attempt to get parsing info during refresh. "On-the-fly" syntax checking information may be incorrect. [/home/srn6/pprojs/risc-v/risc-v/risc-v.srcs/sources_1/new/writeback_stage.sv:]
WARNING: [filemgmt 56-199] Attempt to get parsing info during refresh. "On-the-fly" syntax checking information may be incorrect. [/home/srn6/pprojs/risc-v/risc-v/risc-v.srcs/sources_1/new/top.sv:]
WARNING: [filemgmt 56-199] Attempt to get parsing info during refresh. "On-the-fly" syntax checking information may be incorrect. [/home/srn6/pprojs/risc-v/risc-v/risc-v.srcs/sources_1/new/main_memory.sv:]
WARNING: [filemgmt 56-199] Attempt to get parsing info during refresh. "On-the-fly" syntax checking information may be incorrect. [/home/srn6/pprojs/risc-v/risc-v/risc-v.srcs/sources_1/new/decode_stage.sv:]
WARNING: [filemgmt 56-199] Attempt to get parsing info during refresh. "On-the-fly" syntax checking information may be incorrect. [/home/srn6/pprojs/risc-v/risc-v/risc-v.srcs/sources_1/new/decode_stage.sv:]
WARNING: [filemgmt 56-199] Attempt to get parsing info during refresh. "On-the-fly" syntax checking information may be incorrect. [/home/srn6/pprojs/risc-v/risc-v/risc-v.srcs/sources_1/new/rv_pipe_pkg.sv:]
WARNING: [filemgmt 56-199] Attempt to get parsing info during refresh. "On-the-fly" syntax checking information may be incorrect. [/home/srn6/pprojs/risc-v/risc-v/risc-v.srcs/sources_1/new/memory_stage.sv:]
WARNING: [filemgmt 56-199] Attempt to get parsing info during refresh. "On-the-fly" syntax checking information may be incorrect. [/home/srn6/pprojs/risc-v/risc-v/risc-v.srcs/sources_1/new/decode_stage.sv:]
WARNING: [filemgmt 56-199] Attempt to get parsing info during refresh. "On-the-fly" syntax checking information may be incorrect. [/home/srn6/pprojs/risc-v/risc-v/risc-v.srcs/sources_1/new/fetch_stage.sv:]
WARNING: [filemgmt 56-199] Attempt to get parsing info during refresh. "On-the-fly" syntax checking information may be incorrect. [/home/srn6/pprojs/risc-v/risc-v/risc-v.srcs/sources_1/new/writeback_stage.sv:]
WARNING: [filemgmt 56-199] Attempt to get parsing info during refresh. "On-the-fly" syntax checking information may be incorrect. [/home/srn6/pprojs/risc-v/risc-v/risc-v.srcs/sources_1/new/top.sv:]
WARNING: [filemgmt 56-199] Attempt to get parsing info during refresh. "On-the-fly" syntax checking information may be incorrect. [/home/srn6/pprojs/risc-v/risc-v/risc-v.srcs/sources_1/new/main_memory.sv:]
WARNING: [filemgmt 56-199] Attempt to get parsing info during refresh. "On-the-fly" syntax checking information may be incorrect. [/home/srn6/pprojs/risc-v/risc-v/risc-v.srcs/sources_1/new/top.sv:]
WARNING: [filemgmt 56-199] Attempt to get parsing info during refresh. "On-the-fly" syntax checking information may be incorrect. [/home/srn6/pprojs/risc-v/risc-v/risc-v.srcs/sources_1/new/top.sv:]
WARNING: [filemgmt 56-199] Attempt to get parsing info during refresh. "On-the-fly" syntax checking information may be incorrect. [/home/srn6/pprojs/risc-v/risc-v/risc-v.srcs/sources_1/new/rv_pipe_pkg.sv:]
WARNING: [filemgmt 56-199] Attempt to get parsing info during refresh. "On-the-fly" syntax checking information may be incorrect. [/home/srn6/pprojs/risc-v/risc-v/risc-v.srcs/sources_1/new/memory_stage.sv:]
WARNING: [filemgmt 56-199] Attempt to get parsing info during refresh. "On-the-fly" syntax checking information may be incorrect. [/home/srn6/pprojs/risc-v/risc-v/risc-v.srcs/sources_1/new/decode_stage.sv:]
WARNING: [filemgmt 56-199] Attempt to get parsing info during refresh. "On-the-fly" syntax checking information may be incorrect. [/home/srn6/pprojs/risc-v/risc-v/risc-v.srcs/sources_1/new/fetch_stage.sv:]
WARNING: [filemgmt 56-199] Attempt to get parsing info during refresh. "On-the-fly" syntax checking information may be incorrect. [/home/srn6/pprojs/risc-v/risc-v/risc-v.srcs/sources_1/new/writeback_stage.sv:]
WARNING: [filemgmt 56-199] Attempt to get parsing info during refresh. "On-the-fly" syntax checking information may be incorrect. [/home/srn6/pprojs/risc-v/risc-v/risc-v.srcs/sources_1/new/top.sv:]
WARNING: [filemgmt 56-199] Attempt to get parsing info during refresh. "On-the-fly" syntax checking information may be incorrect. [/home/srn6/pprojs/risc-v/risc-v/risc-v.srcs/sources_1/new/main_memory.sv:]
WARNING: [filemgmt 56-199] Attempt to get parsing info during refresh. "On-the-fly" syntax checking information may be incorrect. [/home/srn6/pprojs/risc-v/risc-v/risc-v.srcs/sources_1/new/writeback_stage.sv:]
WARNING: [filemgmt 56-199] Attempt to get parsing info during refresh. "On-the-fly" syntax checking information may be incorrect. [/home/srn6/pprojs/risc-v/risc-v/risc-v.srcs/sources_1/new/writeback_stage.sv:]
WARNING: [filemgmt 56-199] Attempt to get parsing info during refresh. "On-the-fly" syntax checking information may be incorrect. [/home/srn6/pprojs/risc-v/risc-v/risc-v.srcs/sources_1/new/rv_pipe_pkg.sv:]
WARNING: [filemgmt 56-199] Attempt to get parsing info during refresh. "On-the-fly" syntax checking information may be incorrect. [/home/srn6/pprojs/risc-v/risc-v/risc-v.srcs/sources_1/new/memory_stage.sv:]
WARNING: [filemgmt 56-199] Attempt to get parsing info during refresh. "On-the-fly" syntax checking information may be incorrect. [/home/srn6/pprojs/risc-v/risc-v/risc-v.srcs/sources_1/new/decode_stage.sv:]
WARNING: [filemgmt 56-199] Attempt to get parsing info during refresh. "On-the-fly" syntax checking information may be incorrect. [/home/srn6/pprojs/risc-v/risc-v/risc-v.srcs/sources_1/new/fetch_stage.sv:]
WARNING: [filemgmt 56-199] Attempt to get parsing info during refresh. "On-the-fly" syntax checking information may be incorrect. [/home/srn6/pprojs/risc-v/risc-v/risc-v.srcs/sources_1/new/writeback_stage.sv:]
WARNING: [filemgmt 56-199] Attempt to get parsing info during refresh. "On-the-fly" syntax checking information may be incorrect. [/home/srn6/pprojs/risc-v/risc-v/risc-v.srcs/sources_1/new/top.sv:]
WARNING: [filemgmt 56-199] Attempt to get parsing info during refresh. "On-the-fly" syntax checking information may be incorrect. [/home/srn6/pprojs/risc-v/risc-v/risc-v.srcs/sources_1/new/main_memory.sv:]
WARNING: [filemgmt 56-199] Attempt to get parsing info during refresh. "On-the-fly" syntax checking information may be incorrect. [/home/srn6/pprojs/risc-v/risc-v/risc-v.srcs/sources_1/new/memory_stage.sv:]
WARNING: [filemgmt 56-199] Attempt to get parsing info during refresh. "On-the-fly" syntax checking information may be incorrect. [/home/srn6/pprojs/risc-v/risc-v/risc-v.srcs/sources_1/new/memory_stage.sv:]
WARNING: [filemgmt 56-199] Attempt to get parsing info during refresh. "On-the-fly" syntax checking information may be incorrect. [/home/srn6/pprojs/risc-v/risc-v/risc-v.srcs/sources_1/new/rv_pipe_pkg.sv:]
WARNING: [filemgmt 56-199] Attempt to get parsing info during refresh. "On-the-fly" syntax checking information may be incorrect. [/home/srn6/pprojs/risc-v/risc-v/risc-v.srcs/sources_1/new/memory_stage.sv:]
WARNING: [filemgmt 56-199] Attempt to get parsing info during refresh. "On-the-fly" syntax checking information may be incorrect. [/home/srn6/pprojs/risc-v/risc-v/risc-v.srcs/sources_1/new/decode_stage.sv:]
WARNING: [filemgmt 56-199] Attempt to get parsing info during refresh. "On-the-fly" syntax checking information may be incorrect. [/home/srn6/pprojs/risc-v/risc-v/risc-v.srcs/sources_1/new/fetch_stage.sv:]
WARNING: [filemgmt 56-199] Attempt to get parsing info during refresh. "On-the-fly" syntax checking information may be incorrect. [/home/srn6/pprojs/risc-v/risc-v/risc-v.srcs/sources_1/new/writeback_stage.sv:]
WARNING: [filemgmt 56-199] Attempt to get parsing info during refresh. "On-the-fly" syntax checking information may be incorrect. [/home/srn6/pprojs/risc-v/risc-v/risc-v.srcs/sources_1/new/top.sv:]
WARNING: [filemgmt 56-199] Attempt to get parsing info during refresh. "On-the-fly" syntax checking information may be incorrect. [/home/srn6/pprojs/risc-v/risc-v/risc-v.srcs/sources_1/new/main_memory.sv:]
WARNING: [filemgmt 56-199] Attempt to get parsing info during refresh. "On-the-fly" syntax checking information may be incorrect. [/home/srn6/pprojs/risc-v/risc-v/risc-v.srcs/sources_1/new/writeback_stage.sv:]
WARNING: [filemgmt 56-199] Attempt to get parsing info during refresh. "On-the-fly" syntax checking information may be incorrect. [/home/srn6/pprojs/risc-v/risc-v/risc-v.srcs/sources_1/new/writeback_stage.sv:]
WARNING: [filemgmt 56-199] Attempt to get parsing info during refresh. "On-the-fly" syntax checking information may be incorrect. [/home/srn6/pprojs/risc-v/risc-v/risc-v.srcs/sources_1/new/rv_pipe_pkg.sv:]
INFO: [Common 17-14] Message 'filemgmt 56-199' appears 100 times and further instances of the messages will be disabled. Use the Tcl command set_msg_config to change the current settings.
close_design
open_run impl_1
Netlist sorting complete. Time (s): cpu = 00:00:00 ; elapsed = 00:00:00 . Memory (MB): peak = 13105.375 ; gain = 0.000 ; free physical = 3664 ; free virtual = 12708
INFO: [Project 1-479] Netlist was created with Vivado 2025.1
INFO: [Project 1-570] Preparing netlist for logic optimization
Read ShapeDB Complete: Time (s): cpu = 00:00:00 ; elapsed = 00:00:00 . Memory (MB): peak = 13105.375 ; gain = 0.000 ; free physical = 3666 ; free virtual = 12709
INFO: [Timing 38-478] Restoring timing data from binary archive.
INFO: [Common 17-41] Interrupt caught. Command should exit soon.
INFO: [Timing 38-479] Binary timing data restore complete.
INFO: [Project 1-856] Restoring constraints from binary archive.
INFO: [Project 1-853] Binary constraint restore complete.
INFO: [Designutils 20-5722] Start Reading Physical Databases.
Reading placement.
Read Netlist Cache: Time (s): cpu = 00:00:00 ; elapsed = 00:00:00 . Memory (MB): peak = 13105.375 ; gain = 0.000 ; free physical = 3676 ; free virtual = 12720
Reading placer database...
Read Device Cache: Time (s): cpu = 00:00:00 ; elapsed = 00:00:00.01 . Memory (MB): peak = 13105.375 ; gain = 0.000 ; free physical = 3676 ; free virtual = 12720
Read PlaceDB: Time (s): cpu = 00:00:00.01 ; elapsed = 00:00:00 . Memory (MB): peak = 13105.375 ; gain = 0.000 ; free physical = 3676 ; free virtual = 12720
Read PulsedLatchDB: Time (s): cpu = 00:00:00 ; elapsed = 00:00:00 . Memory (MB): peak = 13105.375 ; gain = 0.000 ; free physical = 3676 ; free virtual = 12720
Reading routing.
Restored from archive | CPU: 0.030000 secs | Memory: 0.194122 MB |
Finished XDEF File Restore: Time (s): cpu = 00:00:00.02 ; elapsed = 00:00:00.02 . Memory (MB): peak = 13105.375 ; gain = 0.000 ; free physical = 3676 ; free virtual = 12720
open_run: Time (s): cpu = 00:00:05 ; elapsed = 00:00:05 . Memory (MB): peak = 13105.375 ; gain = 0.000 ; free physical = 3676 ; free virtual = 12720
INFO: [Common 17-344] 'open_run' was cancelled
open_run impl_1
Netlist sorting complete. Time (s): cpu = 00:00:00 ; elapsed = 00:00:00.01 . Memory (MB): peak = 13105.375 ; gain = 0.000 ; free physical = 3676 ; free virtual = 12720
INFO: [Project 1-479] Netlist was created with Vivado 2025.1
INFO: [Project 1-570] Preparing netlist for logic optimization
Read ShapeDB Complete: Time (s): cpu = 00:00:00 ; elapsed = 00:00:00 . Memory (MB): peak = 13105.375 ; gain = 0.000 ; free physical = 3677 ; free virtual = 12721
INFO: [Timing 38-478] Restoring timing data from binary archive.
INFO: [Common 17-41] Interrupt caught. Command should exit soon.
INFO: [Timing 38-479] Binary timing data restore complete.
INFO: [Project 1-856] Restoring constraints from binary archive.
INFO: [Project 1-853] Binary constraint restore complete.
INFO: [Designutils 20-5722] Start Reading Physical Databases.
Reading placement.
Read Netlist Cache: Time (s): cpu = 00:00:00 ; elapsed = 00:00:00 . Memory (MB): peak = 13105.375 ; gain = 0.000 ; free physical = 3680 ; free virtual = 12724
Reading placer database...
Read Device Cache: Time (s): cpu = 00:00:00 ; elapsed = 00:00:00 . Memory (MB): peak = 13105.375 ; gain = 0.000 ; free physical = 3680 ; free virtual = 12724
Read PlaceDB: Time (s): cpu = 00:00:00.01 ; elapsed = 00:00:00.01 . Memory (MB): peak = 13105.375 ; gain = 0.000 ; free physical = 3680 ; free virtual = 12724
Read PulsedLatchDB: Time (s): cpu = 00:00:00 ; elapsed = 00:00:00 . Memory (MB): peak = 13105.375 ; gain = 0.000 ; free physical = 3680 ; free virtual = 12724
Reading routing.
Restored from archive | CPU: 0.010000 secs | Memory: 0.225372 MB |
Finished XDEF File Restore: Time (s): cpu = 00:00:00.01 ; elapsed = 00:00:00.02 . Memory (MB): peak = 13105.375 ; gain = 0.000 ; free physical = 3680 ; free virtual = 12724
open_run: Time (s): cpu = 00:00:06 ; elapsed = 00:00:06 . Memory (MB): peak = 13105.375 ; gain = 0.000 ; free physical = 3680 ; free virtual = 12724
INFO: [Common 17-344] 'open_run' was cancelled
open_run impl_1
Netlist sorting complete. Time (s): cpu = 00:00:00 ; elapsed = 00:00:00 . Memory (MB): peak = 13105.375 ; gain = 0.000 ; free physical = 3678 ; free virtual = 12722
INFO: [Project 1-479] Netlist was created with Vivado 2025.1
INFO: [Project 1-570] Preparing netlist for logic optimization
Read ShapeDB Complete: Time (s): cpu = 00:00:00 ; elapsed = 00:00:00.01 . Memory (MB): peak = 13105.375 ; gain = 0.000 ; free physical = 3677 ; free virtual = 12721
INFO: [Timing 38-478] Restoring timing data from binary archive.
INFO: [Timing 38-479] Binary timing data restore complete.
INFO: [Project 1-856] Restoring constraints from binary archive.
INFO: [Project 1-853] Binary constraint restore complete.
INFO: [Designutils 20-5722] Start Reading Physical Databases.
Reading placement.
Read Netlist Cache: Time (s): cpu = 00:00:00 ; elapsed = 00:00:00 . Memory (MB): peak = 13105.375 ; gain = 0.000 ; free physical = 3665 ; free virtual = 12709
Reading placer database...
Read Device Cache: Time (s): cpu = 00:00:00.01 ; elapsed = 00:00:00.01 . Memory (MB): peak = 13105.375 ; gain = 0.000 ; free physical = 3665 ; free virtual = 12709
Read PlaceDB: Time (s): cpu = 00:00:00 ; elapsed = 00:00:00.01 . Memory (MB): peak = 13105.375 ; gain = 0.000 ; free physical = 3665 ; free virtual = 12709
Read PulsedLatchDB: Time (s): cpu = 00:00:00 ; elapsed = 00:00:00 . Memory (MB): peak = 13105.375 ; gain = 0.000 ; free physical = 3665 ; free virtual = 12709
Reading routing.
Read RouteStorage: Time (s): cpu = 00:00:00.01 ; elapsed = 00:00:00.01 . Memory (MB): peak = 13105.375 ; gain = 0.000 ; free physical = 3665 ; free virtual = 12709
Read Physdb Files: Time (s): cpu = 00:00:00.02 ; elapsed = 00:00:00.03 . Memory (MB): peak = 13105.375 ; gain = 0.000 ; free physical = 3665 ; free virtual = 12709
Restored from archive | CPU: 0.020000 secs | Memory: 0.257141 MB |
Finished XDEF File Restore: Time (s): cpu = 00:00:00.02 ; elapsed = 00:00:00.03 . Memory (MB): peak = 13105.375 ; gain = 0.000 ; free physical = 3665 ; free virtual = 12709
Netlist sorting complete. Time (s): cpu = 00:00:00 ; elapsed = 00:00:00 . Memory (MB): peak = 13105.375 ; gain = 0.000 ; free physical = 3665 ; free virtual = 12709
INFO: [Project 1-111] Unisim Transformation Summary:
No Unisim elements were transformed.

open_run: Time (s): cpu = 00:00:07 ; elapsed = 00:00:06 . Memory (MB): peak = 13107.379 ; gain = 2.004 ; free physical = 3672 ; free virtual = 12720
report_timing_summary -delay_type min_max -report_unconstrained -check_timing_verbose -max_paths 10 -input_pins -routable_nets -name timing_1
INFO: [Timing 38-91] UpdateTimingParams: Speed grade: -1IL, Delay Type: min_max.
INFO: [Timing 38-191] Multithreading enabled for timing update using a maximum of 8 CPUs
reset_run impl_1
launch_runs impl_1 -jobs 6
INFO: [Vivado 12-4149] The synthesis checkpoint for IP '/home/srn6/pprojs/risc-v/risc-v/risc-v.srcs/sources_1/ip/blk_mem_gen_0_1/blk_mem_gen_0.xci' is already up-to-date
[Mon Mar  9 23:45:38 2026] Launched impl_1...
Run output will be captured here: /home/srn6/pprojs/risc-v/risc-v/risc-v.runs/impl_1/runme.log
save_constraints -force
close_design
open_run impl_1
Netlist sorting complete. Time (s): cpu = 00:00:00 ; elapsed = 00:00:00 . Memory (MB): peak = 13129.434 ; gain = 0.000 ; free physical = 1396 ; free virtual = 10451
INFO: [Project 1-479] Netlist was created with Vivado 2025.1
INFO: [Project 1-570] Preparing netlist for logic optimization
Read ShapeDB Complete: Time (s): cpu = 00:00:00 ; elapsed = 00:00:00 . Memory (MB): peak = 13129.434 ; gain = 0.000 ; free physical = 1306 ; free virtual = 10360
INFO: [Timing 38-478] Restoring timing data from binary archive.
INFO: [Common 17-41] Interrupt caught. Command should exit soon.
INFO: [Timing 38-479] Binary timing data restore complete.
INFO: [Project 1-856] Restoring constraints from binary archive.
INFO: [Project 1-853] Binary constraint restore complete.
INFO: [Designutils 20-5722] Start Reading Physical Databases.
Reading placement.
Read Netlist Cache: Time (s): cpu = 00:00:00 ; elapsed = 00:00:00 . Memory (MB): peak = 13129.434 ; gain = 0.000 ; free physical = 1311 ; free virtual = 10366
Reading placer database...
Read Device Cache: Time (s): cpu = 00:00:00 ; elapsed = 00:00:00.01 . Memory (MB): peak = 13129.434 ; gain = 0.000 ; free physical = 1311 ; free virtual = 10366
Read PlaceDB: Time (s): cpu = 00:00:00 ; elapsed = 00:00:00.01 . Memory (MB): peak = 13129.434 ; gain = 0.000 ; free physical = 1311 ; free virtual = 10366
Read PulsedLatchDB: Time (s): cpu = 00:00:00 ; elapsed = 00:00:00 . Memory (MB): peak = 13129.434 ; gain = 0.000 ; free physical = 1311 ; free virtual = 10366
Reading routing.
Restored from archive | CPU: 0.010000 secs | Memory: 0.194122 MB |
Finished XDEF File Restore: Time (s): cpu = 00:00:00.01 ; elapsed = 00:00:00.02 . Memory (MB): peak = 13129.434 ; gain = 0.000 ; free physical = 1311 ; free virtual = 10366
open_run: Time (s): cpu = 00:00:06 ; elapsed = 00:00:06 . Memory (MB): peak = 13129.434 ; gain = 0.000 ; free physical = 1312 ; free virtual = 10367
INFO: [Common 17-344] 'open_run' was cancelled
reset_run synth_1
INFO: [Project 1-1161] Replacing file /home/srn6/pprojs/risc-v/risc-v/risc-v.srcs/utils_1/imports/synth_1/instruction_memory.dcp with file /home/srn6/pprojs/risc-v/risc-v/risc-v.runs/synth_1/top.dcp
WARNING: [Vivado 12-1017] Problems encountered:
1. Failed to delete one or more files in run directory /home/srn6/pprojs/risc-v/risc-v/risc-v.runs/synth_1

launch_runs impl_1 -jobs 6
INFO: [Vivado 12-4149] The synthesis checkpoint for IP '/home/srn6/pprojs/risc-v/risc-v/risc-v.srcs/sources_1/ip/blk_mem_gen_0_1/blk_mem_gen_0.xci' is already up-to-date
[Mon Mar  9 23:46:41 2026] Launched synth_1...
Run output will be captured here: /home/srn6/pprojs/risc-v/risc-v/risc-v.runs/synth_1/runme.log
[Mon Mar  9 23:46:41 2026] Launched impl_1...
Run output will be captured here: /home/srn6/pprojs/risc-v/risc-v/risc-v.runs/impl_1/runme.log
open_run impl_1
Netlist sorting complete. Time (s): cpu = 00:00:00 ; elapsed = 00:00:00 . Memory (MB): peak = 13129.434 ; gain = 0.000 ; free physical = 1483 ; free virtual = 10539
INFO: [Project 1-479] Netlist was created with Vivado 2025.1
INFO: [Project 1-570] Preparing netlist for logic optimization
Read ShapeDB Complete: Time (s): cpu = 00:00:00 ; elapsed = 00:00:00.01 . Memory (MB): peak = 13129.434 ; gain = 0.000 ; free physical = 1486 ; free virtual = 10541
INFO: [Timing 38-478] Restoring timing data from binary archive.
INFO: [Timing 38-479] Binary timing data restore complete.
INFO: [Project 1-856] Restoring constraints from binary archive.
INFO: [Project 1-853] Binary constraint restore complete.
INFO: [Designutils 20-5722] Start Reading Physical Databases.
Reading placement.
Read Netlist Cache: Time (s): cpu = 00:00:00 ; elapsed = 00:00:00 . Memory (MB): peak = 13129.434 ; gain = 0.000 ; free physical = 1498 ; free virtual = 10545
Reading placer database...
Read Device Cache: Time (s): cpu = 00:00:00.01 ; elapsed = 00:00:00 . Memory (MB): peak = 13129.434 ; gain = 0.000 ; free physical = 1498 ; free virtual = 10545
Read PlaceDB: Time (s): cpu = 00:00:00 ; elapsed = 00:00:00.01 . Memory (MB): peak = 13129.434 ; gain = 0.000 ; free physical = 1498 ; free virtual = 10545
Read PulsedLatchDB: Time (s): cpu = 00:00:00 ; elapsed = 00:00:00 . Memory (MB): peak = 13129.434 ; gain = 0.000 ; free physical = 1498 ; free virtual = 10545
Reading routing.
Read RouteStorage: Time (s): cpu = 00:00:00.01 ; elapsed = 00:00:00 . Memory (MB): peak = 13129.434 ; gain = 0.000 ; free physical = 1498 ; free virtual = 10545
Read Physdb Files: Time (s): cpu = 00:00:00.02 ; elapsed = 00:00:00.03 . Memory (MB): peak = 13129.434 ; gain = 0.000 ; free physical = 1498 ; free virtual = 10545
Restored from archive | CPU: 0.030000 secs | Memory: 0.257141 MB |
Finished XDEF File Restore: Time (s): cpu = 00:00:00.02 ; elapsed = 00:00:00.03 . Memory (MB): peak = 13129.434 ; gain = 0.000 ; free physical = 1498 ; free virtual = 10545
Netlist sorting complete. Time (s): cpu = 00:00:00 ; elapsed = 00:00:00 . Memory (MB): peak = 13129.434 ; gain = 0.000 ; free physical = 1498 ; free virtual = 10545
INFO: [Project 1-111] Unisim Transformation Summary:
No Unisim elements were transformed.

open_run: Time (s): cpu = 00:00:07 ; elapsed = 00:00:06 . Memory (MB): peak = 13144.438 ; gain = 15.004 ; free physical = 1496 ; free virtual = 10546
open_run synth_1 -name synth_1
Design is defaulting to impl run constrset: constrs_1
Design is defaulting to synth run part: xc7s50csga324-1IL
INFO: [Project 1-5699] Read binary netlist with skipMacroContent - 1
Netlist sorting complete. Time (s): cpu = 00:00:00 ; elapsed = 00:00:00 . Memory (MB): peak = 13145.406 ; gain = 0.000 ; free physical = 3451 ; free virtual = 12498
INFO: [Project 1-479] Netlist was created with Vivado 2025.1
INFO: [Project 1-570] Preparing netlist for logic optimization
Parsing XDC File [/home/srn6/pprojs/risc-v/risc-v/risc-v.srcs/constrs_1/new/constraints.xdc]
Finished Parsing XDC File [/home/srn6/pprojs/risc-v/risc-v/risc-v.srcs/constrs_1/new/constraints.xdc]
INFO: [Opt 31-138] Pushed 0 inverter(s) to 0 load pin(s).
Netlist sorting complete. Time (s): cpu = 00:00:00 ; elapsed = 00:00:00 . Memory (MB): peak = 13145.406 ; gain = 0.000 ; free physical = 3451 ; free virtual = 12498
INFO: [Project 1-111] Unisim Transformation Summary:
No Unisim elements were transformed.

report_timing_summary -delay_type min_max -report_unconstrained -check_timing_verbose -max_paths 10 -input_pins -routable_nets -name timing_1
INFO: [Timing 38-35] Done setting XDC timing constraints.
INFO: [Timing 38-91] UpdateTimingParams: Speed grade: -1IL, Delay Type: min_max.
INFO: [Timing 38-191] Multithreading enabled for timing update using a maximum of 8 CPUs
report_clock_networks -name {network_1}
current_design impl_1
report_timing_summary -delay_type min_max -report_unconstrained -check_timing_verbose -max_paths 10 -input_pins -routable_nets -name timing_1
INFO: [Timing 38-91] UpdateTimingParams: Speed grade: -1IL, Delay Type: min_max.
INFO: [Timing 38-191] Multithreading enabled for timing update using a maximum of 8 CPUs
