#-----------------------------------------------------------
# Vivado v2025.1 (64-bit)
# SW Build 6140274 on Wed May 21 22:58:25 MDT 2025
# IP Build 6138677 on Thu May 22 03:10:11 MDT 2025
# SharedData Build 6139179 on Tue May 20 17:58:58 MDT 2025
# Start of session at: Fri Apr  3 16:55:59 2026
# Process ID         : 657949
# Current directory  : /home/rohankr2/projects/risc-v/risc-v/risc-v.srcs/sources_1/new
# Command line       : vivado
# Log file           : /home/rohankr2/projects/risc-v/risc-v/risc-v.srcs/sources_1/new/vivado.log
# Journal file       : /home/rohankr2/projects/risc-v/risc-v/risc-v.srcs/sources_1/new/vivado.jou
# Running On         : gelib-4e-30.ews.illinois.edu
# Platform           : RedHatEnterprise
# Operating System   : Red Hat Enterprise Linux 9.7 (Plow)
# Processor Detail   : Intel(R) Xeon(R) W-1350 @ 3.30GHz
# CPU Frequency      : 4269.746 MHz
# CPU Physical cores : 6
# CPU Logical cores  : 12
# Host memory        : 16208 MB
# Swap memory        : 4294 MB
# Total Virtual      : 20503 MB
# Available Virtual  : 17246 MB
#-----------------------------------------------------------
start_gui
WARNING: [Board 49-26] cannot add Board Part xilinx.com:zcu208ld:part0:2.0 available at /software/xilinx-2025.1/2025.1/data/xhub/boards/XilinxBoardStore/boards/Xilinx/zcu208ld/production/2.0/board.xml as part xczu58dr-fsvg1517-2-i specified in board_part file is either invalid or not available
WARNING: [Board 49-26] cannot add Board Part xilinx.com:zcu216ld:part0:2.0 available at /software/xilinx-2025.1/2025.1/data/xhub/boards/XilinxBoardStore/boards/Xilinx/zcu216ld/production/2.0/board.xml as part xczu59dr-ffvf1760-2-i specified in board_part file is either invalid or not available
WARNING: [Board 49-26] cannot add Board Part xilinx.com:zcu670ld:part0:1.0 available at /software/xilinx-2025.1/2025.1/data/xhub/boards/XilinxBoardStore/boards/Xilinx/zcu670ld/1.0/board.xml as part xczu57dr-fsve1156-2-i specified in board_part file is either invalid or not available
open_project /home/rohankr2/projects/risc-v/risc-v/risc-v.xpr
INFO: [Project 1-313] Project file moved from '/home/srn6/pprojs/risc-v/risc-v' since last save.
Scanning sources...
Finished scanning sources
WARNING: [Board 49-26] cannot add Board Part xilinx.com:zcu208ld:part0:2.0 available at /software/xilinx-2025.1/2025.1/data/xhub/boards/XilinxBoardStore/boards/Xilinx/zcu208ld/production/2.0/board.xml as part xczu58dr-fsvg1517-2-i specified in board_part file is either invalid or not available
WARNING: [Board 49-26] cannot add Board Part xilinx.com:zcu216ld:part0:2.0 available at /software/xilinx-2025.1/2025.1/data/xhub/boards/XilinxBoardStore/boards/Xilinx/zcu216ld/production/2.0/board.xml as part xczu59dr-ffvf1760-2-i specified in board_part file is either invalid or not available
WARNING: [Board 49-26] cannot add Board Part xilinx.com:zcu670ld:part0:1.0 available at /software/xilinx-2025.1/2025.1/data/xhub/boards/XilinxBoardStore/boards/Xilinx/zcu670ld/1.0/board.xml as part xczu57dr-fsve1156-2-i specified in board_part file is either invalid or not available
WARNING: [Project 1-5713] Board part '' set for the project  is not found. BoardPart property will be unset. Please select board from latest repo build 
INFO: [IP_Flow 19-234] Refreshing IP repositories
INFO: [IP_Flow 19-1704] No user IP repositories specified
INFO: [IP_Flow 19-2313] Loaded Vivado IP repository '/software/xilinx-2025.1/2025.1/Vivado/data/ip'.
WARNING: [IP_Flow 19-3664] IP 'blk_mem_gen_0' generated file not found '/home/rohankr2/projects/risc-v/risc-v/risc-v.gen/sources_1/ip/blk_mem_gen_0_1/blk_mem_gen_0.dcp'. Please regenerate to continue.
WARNING: [IP_Flow 19-3664] IP 'blk_mem_gen_0' generated file not found '/home/rohankr2/projects/risc-v/risc-v/risc-v.gen/sources_1/ip/blk_mem_gen_0_1/blk_mem_gen_0_stub.v'. Please regenerate to continue.
WARNING: [IP_Flow 19-3664] IP 'blk_mem_gen_0' generated file not found '/home/rohankr2/projects/risc-v/risc-v/risc-v.gen/sources_1/ip/blk_mem_gen_0_1/blk_mem_gen_0_stub.vhdl'. Please regenerate to continue.
WARNING: [IP_Flow 19-3664] IP 'blk_mem_gen_0' generated file not found '/home/rohankr2/projects/risc-v/risc-v/risc-v.gen/sources_1/ip/blk_mem_gen_0_1/blk_mem_gen_0_sim_netlist.v'. Please regenerate to continue.
WARNING: [IP_Flow 19-3664] IP 'blk_mem_gen_0' generated file not found '/home/rohankr2/projects/risc-v/risc-v/risc-v.gen/sources_1/ip/blk_mem_gen_0_1/blk_mem_gen_0_sim_netlist.vhdl'. Please regenerate to continue.
open_project: Time (s): cpu = 00:00:11 ; elapsed = 00:00:06 . Memory (MB): peak = 10396.922 ; gain = 224.359 ; free physical = 5554 ; free virtual = 15227
WARNING: [IP_Flow 19-4067] Ignoring invalid widget type specified checkbox.Providing a default widget
WARNING: [IP_Flow 19-4067] Ignoring invalid widget type specified checkbox.Providing a default widget
reset_run synth_1
INFO: [Project 1-1161] Replacing file /home/rohankr2/projects/risc-v/risc-v/risc-v.srcs/utils_1/imports/synth_1/instruction_memory.dcp with file /home/rohankr2/projects/risc-v/risc-v/risc-v.runs/synth_1/top.dcp
launch_runs impl_1 -jobs 6
[Fri Apr  3 16:57:51 2026] Launched blk_mem_gen_0_synth_1, synth_1...
Run output will be captured here:
blk_mem_gen_0_synth_1: /home/rohankr2/projects/risc-v/risc-v/risc-v.runs/blk_mem_gen_0_synth_1/runme.log
synth_1: /home/rohankr2/projects/risc-v/risc-v/risc-v.runs/synth_1/runme.log
[Fri Apr  3 16:57:51 2026] Launched impl_1...
Run output will be captured here: /home/rohankr2/projects/risc-v/risc-v/risc-v.runs/impl_1/runme.log
reset_run synth_1
reset_run blk_mem_gen_0_synth_1
WARNING: [Vivado 12-1017] Problems encountered:
1. Process appears to be owned by user 'srn6' and cannot be killed by user 'rohankr2'

launch_runs impl_1 -jobs 6
INFO: [IP_Flow 19-1686] Generating 'Synthesis' target for IP 'blk_mem_gen_0'...
[Fri Apr  3 17:00:08 2026] Launched blk_mem_gen_0_synth_1, synth_1...
Run output will be captured here:
blk_mem_gen_0_synth_1: /home/rohankr2/projects/risc-v/risc-v/risc-v.runs/blk_mem_gen_0_synth_1/runme.log
synth_1: /home/rohankr2/projects/risc-v/risc-v/risc-v.runs/synth_1/runme.log
[Fri Apr  3 17:00:08 2026] Launched impl_1...
Run output will be captured here: /home/rohankr2/projects/risc-v/risc-v/risc-v.runs/impl_1/runme.log
reset_run synth_1
WARNING: [filemgmt 56-199] Attempt to get parsing info during refresh. "On-the-fly" syntax checking information may be incorrect. [/home/rohankr2/projects/risc-v/risc-v/risc-v.srcs/sources_1/new/tb_top.sv:]
WARNING: [filemgmt 56-199] Attempt to get parsing info during refresh. "On-the-fly" syntax checking information may be incorrect. [/home/rohankr2/projects/risc-v/risc-v/risc-v.srcs/sources_1/new/execute_stage.sv:]
WARNING: [filemgmt 56-199] Attempt to get parsing info during refresh. "On-the-fly" syntax checking information may be incorrect. [/home/rohankr2/projects/risc-v/risc-v/risc-v.srcs/sources_1/new/execute_stage.sv:]
WARNING: [filemgmt 56-199] Attempt to get parsing info during refresh. "On-the-fly" syntax checking information may be incorrect. [/home/rohankr2/projects/risc-v/risc-v/risc-v.srcs/sources_1/new/execute_stage.sv:]
launch_runs impl_1 -jobs 6
[Fri Apr  3 17:07:21 2026] Launched synth_1...
Run output will be captured here: /home/rohankr2/projects/risc-v/risc-v/risc-v.runs/synth_1/runme.log
[Fri Apr  3 17:07:21 2026] Launched impl_1...
Run output will be captured here: /home/rohankr2/projects/risc-v/risc-v/risc-v.runs/impl_1/runme.log
WARNING: [filemgmt 56-199] Attempt to get parsing info during refresh. "On-the-fly" syntax checking information may be incorrect. [/home/rohankr2/projects/risc-v/risc-v/risc-v.srcs/sources_1/new/tb_top.sv:]
WARNING: [filemgmt 56-199] Attempt to get parsing info during refresh. "On-the-fly" syntax checking information may be incorrect. [/home/rohankr2/projects/risc-v/risc-v/risc-v.srcs/sources_1/new/execute_stage.sv:]
WARNING: [filemgmt 56-199] Attempt to get parsing info during refresh. "On-the-fly" syntax checking information may be incorrect. [/home/rohankr2/projects/risc-v/risc-v/risc-v.srcs/sources_1/new/execute_stage.sv:]
WARNING: [filemgmt 56-199] Attempt to get parsing info during refresh. "On-the-fly" syntax checking information may be incorrect. [/home/rohankr2/projects/risc-v/risc-v/risc-v.srcs/sources_1/new/execute_stage.sv:]
reset_run synth_1
INFO: [Project 1-1161] Replacing file /home/rohankr2/projects/risc-v/risc-v/risc-v.srcs/utils_1/imports/synth_1/instruction_memory.dcp with file /home/rohankr2/projects/risc-v/risc-v/risc-v.runs/synth_1/top.dcp
launch_runs impl_1 -jobs 6
[Fri Apr  3 17:15:39 2026] Launched synth_1...
Run output will be captured here: /home/rohankr2/projects/risc-v/risc-v/risc-v.runs/synth_1/runme.log
[Fri Apr  3 17:15:39 2026] Launched impl_1...
Run output will be captured here: /home/rohankr2/projects/risc-v/risc-v/risc-v.runs/impl_1/runme.log
WARNING: [filemgmt 56-199] Attempt to get parsing info during refresh. "On-the-fly" syntax checking information may be incorrect. [/home/rohankr2/projects/risc-v/risc-v/risc-v.srcs/sources_1/new/tb_top.sv:]
WARNING: [filemgmt 56-199] Attempt to get parsing info during refresh. "On-the-fly" syntax checking information may be incorrect. [/home/rohankr2/projects/risc-v/risc-v/risc-v.srcs/sources_1/new/execute_stage.sv:]
WARNING: [filemgmt 56-199] Attempt to get parsing info during refresh. "On-the-fly" syntax checking information may be incorrect. [/home/rohankr2/projects/risc-v/risc-v/risc-v.srcs/sources_1/new/tb_top.sv:]
WARNING: [filemgmt 56-199] Attempt to get parsing info during refresh. "On-the-fly" syntax checking information may be incorrect. [/home/rohankr2/projects/risc-v/risc-v/risc-v.srcs/sources_1/new/tb_top.sv:]
open_run impl_1
INFO: [Device 21-403] Loading part xc7s50csga324-1IL
Netlist sorting complete. Time (s): cpu = 00:00:00 ; elapsed = 00:00:00.01 . Memory (MB): peak = 10741.941 ; gain = 0.000 ; free physical = 5542 ; free virtual = 13239
INFO: [Netlist 29-17] Analyzing 76 Unisim elements for replacement
INFO: [Netlist 29-28] Unisim Transformation completed in 0 CPU seconds
INFO: [Project 1-479] Netlist was created with Vivado 2025.1
INFO: [Project 1-570] Preparing netlist for logic optimization
Read ShapeDB Complete: Time (s): cpu = 00:00:00 ; elapsed = 00:00:00 . Memory (MB): peak = 10798.816 ; gain = 1.000 ; free physical = 5479 ; free virtual = 13175
INFO: [Timing 38-478] Restoring timing data from binary archive.
INFO: [Timing 38-479] Binary timing data restore complete.
INFO: [Project 1-856] Restoring constraints from binary archive.
INFO: [Project 1-853] Binary constraint restore complete.
INFO: [Designutils 20-5722] Start Reading Physical Databases.
Reading placement.
Read Netlist Cache: Time (s): cpu = 00:00:00 ; elapsed = 00:00:00 . Memory (MB): peak = 11314.680 ; gain = 0.000 ; free physical = 5056 ; free virtual = 12753
Reading placer database...
Read Device Cache: Time (s): cpu = 00:00:00 ; elapsed = 00:00:00.01 . Memory (MB): peak = 11314.680 ; gain = 0.000 ; free physical = 5056 ; free virtual = 12752
Read PlaceDB: Time (s): cpu = 00:00:00.03 ; elapsed = 00:00:00.03 . Memory (MB): peak = 11314.680 ; gain = 0.000 ; free physical = 5056 ; free virtual = 12752
Read PulsedLatchDB: Time (s): cpu = 00:00:00 ; elapsed = 00:00:00 . Memory (MB): peak = 11314.680 ; gain = 0.000 ; free physical = 5056 ; free virtual = 12752
Reading routing.
Read RouteStorage: Time (s): cpu = 00:00:00.02 ; elapsed = 00:00:00.01 . Memory (MB): peak = 11314.680 ; gain = 0.000 ; free physical = 5056 ; free virtual = 12752
Read Physdb Files: Time (s): cpu = 00:00:00.06 ; elapsed = 00:00:00.06 . Memory (MB): peak = 11314.680 ; gain = 0.000 ; free physical = 5056 ; free virtual = 12752
Restored from archive | CPU: 0.070000 secs | Memory: 1.803215 MB |
Finished XDEF File Restore: Time (s): cpu = 00:00:00.06 ; elapsed = 00:00:00.06 . Memory (MB): peak = 11314.680 ; gain = 0.000 ; free physical = 5056 ; free virtual = 12752
Netlist sorting complete. Time (s): cpu = 00:00:00 ; elapsed = 00:00:00 . Memory (MB): peak = 11314.680 ; gain = 0.000 ; free physical = 5056 ; free virtual = 12752
INFO: [Project 1-111] Unisim Transformation Summary:
  A total of 14 instances were transformed.
  RAM32M => RAM32M (RAMD32(x6), RAMS32(x2)): 10 instances
  RAM32X1D => RAM32X1D (RAMD32(x2)): 4 instances

open_run: Time (s): cpu = 00:00:12 ; elapsed = 00:00:11 . Memory (MB): peak = 11611.078 ; gain = 1013.332 ; free physical = 6776 ; free virtual = 14476
WARNING: [filemgmt 56-199] Attempt to get parsing info during refresh. "On-the-fly" syntax checking information may be incorrect. [/home/rohankr2/projects/risc-v/risc-v/risc-v.srcs/sources_1/new/tb_top.sv:]
WARNING: [filemgmt 56-199] Attempt to get parsing info during refresh. "On-the-fly" syntax checking information may be incorrect. [/home/rohankr2/projects/risc-v/risc-v/risc-v.srcs/sources_1/new/execute_stage.sv:]
WARNING: [filemgmt 56-199] Attempt to get parsing info during refresh. "On-the-fly" syntax checking information may be incorrect. [/home/rohankr2/projects/risc-v/risc-v/risc-v.srcs/sources_1/new/execute_stage.sv:]
WARNING: [filemgmt 56-199] Attempt to get parsing info during refresh. "On-the-fly" syntax checking information may be incorrect. [/home/rohankr2/projects/risc-v/risc-v/risc-v.srcs/sources_1/new/execute_stage.sv:]
WARNING: [filemgmt 56-199] Attempt to get parsing info during refresh. "On-the-fly" syntax checking information may be incorrect. [/home/rohankr2/projects/risc-v/risc-v/risc-v.srcs/sources_1/new/tb_top.sv:]
WARNING: [filemgmt 56-199] Attempt to get parsing info during refresh. "On-the-fly" syntax checking information may be incorrect. [/home/rohankr2/projects/risc-v/risc-v/risc-v.srcs/sources_1/new/execute_stage.sv:]
WARNING: [filemgmt 56-199] Attempt to get parsing info during refresh. "On-the-fly" syntax checking information may be incorrect. [/home/rohankr2/projects/risc-v/risc-v/risc-v.srcs/sources_1/new/execute_stage.sv:]
WARNING: [filemgmt 56-199] Attempt to get parsing info during refresh. "On-the-fly" syntax checking information may be incorrect. [/home/rohankr2/projects/risc-v/risc-v/risc-v.srcs/sources_1/new/execute_stage.sv:]
WARNING: [filemgmt 56-199] Attempt to get parsing info during refresh. "On-the-fly" syntax checking information may be incorrect. [/home/rohankr2/projects/risc-v/risc-v/risc-v.srcs/sources_1/new/tb_top.sv:]
WARNING: [filemgmt 56-199] Attempt to get parsing info during refresh. "On-the-fly" syntax checking information may be incorrect. [/home/rohankr2/projects/risc-v/risc-v/risc-v.srcs/sources_1/new/execute_stage.sv:]
WARNING: [filemgmt 56-199] Attempt to get parsing info during refresh. "On-the-fly" syntax checking information may be incorrect. [/home/rohankr2/projects/risc-v/risc-v/risc-v.srcs/sources_1/new/execute_stage.sv:]
WARNING: [filemgmt 56-199] Attempt to get parsing info during refresh. "On-the-fly" syntax checking information may be incorrect. [/home/rohankr2/projects/risc-v/risc-v/risc-v.srcs/sources_1/new/execute_stage.sv:]
WARNING: [filemgmt 56-199] Attempt to get parsing info during refresh. "On-the-fly" syntax checking information may be incorrect. [/home/rohankr2/projects/risc-v/risc-v/risc-v.srcs/sources_1/new/tb_top.sv:]
WARNING: [filemgmt 56-199] Attempt to get parsing info during refresh. "On-the-fly" syntax checking information may be incorrect. [/home/rohankr2/projects/risc-v/risc-v/risc-v.srcs/sources_1/new/execute_stage.sv:]
WARNING: [filemgmt 56-199] Attempt to get parsing info during refresh. "On-the-fly" syntax checking information may be incorrect. [/home/rohankr2/projects/risc-v/risc-v/risc-v.srcs/sources_1/new/execute_stage.sv:]
WARNING: [filemgmt 56-199] Attempt to get parsing info during refresh. "On-the-fly" syntax checking information may be incorrect. [/home/rohankr2/projects/risc-v/risc-v/risc-v.srcs/sources_1/new/execute_stage.sv:]
WARNING: [filemgmt 56-199] Attempt to get parsing info during refresh. "On-the-fly" syntax checking information may be incorrect. [/home/rohankr2/projects/risc-v/risc-v/risc-v.srcs/sources_1/new/tb_top.sv:]
WARNING: [filemgmt 56-199] Attempt to get parsing info during refresh. "On-the-fly" syntax checking information may be incorrect. [/home/rohankr2/projects/risc-v/risc-v/risc-v.srcs/sources_1/new/execute_stage.sv:]
WARNING: [filemgmt 56-199] Attempt to get parsing info during refresh. "On-the-fly" syntax checking information may be incorrect. [/home/rohankr2/projects/risc-v/risc-v/risc-v.srcs/sources_1/new/tb_top.sv:]
WARNING: [filemgmt 56-199] Attempt to get parsing info during refresh. "On-the-fly" syntax checking information may be incorrect. [/home/rohankr2/projects/risc-v/risc-v/risc-v.srcs/sources_1/new/tb_top.sv:]
WARNING: [filemgmt 56-199] Attempt to get parsing info during refresh. "On-the-fly" syntax checking information may be incorrect. [/home/rohankr2/projects/risc-v/risc-v/risc-v.srcs/sources_1/new/tb_top.sv:]
WARNING: [filemgmt 56-199] Attempt to get parsing info during refresh. "On-the-fly" syntax checking information may be incorrect. [/home/rohankr2/projects/risc-v/risc-v/risc-v.srcs/sources_1/new/execute_stage.sv:]
WARNING: [filemgmt 56-199] Attempt to get parsing info during refresh. "On-the-fly" syntax checking information may be incorrect. [/home/rohankr2/projects/risc-v/risc-v/risc-v.srcs/sources_1/new/execute_stage.sv:]
WARNING: [filemgmt 56-199] Attempt to get parsing info during refresh. "On-the-fly" syntax checking information may be incorrect. [/home/rohankr2/projects/risc-v/risc-v/risc-v.srcs/sources_1/new/execute_stage.sv:]
WARNING: [filemgmt 56-199] Attempt to get parsing info during refresh. "On-the-fly" syntax checking information may be incorrect. [/home/rohankr2/projects/risc-v/risc-v/risc-v.srcs/sources_1/new/tb_top.sv:]
WARNING: [filemgmt 56-199] Attempt to get parsing info during refresh. "On-the-fly" syntax checking information may be incorrect. [/home/rohankr2/projects/risc-v/risc-v/risc-v.srcs/sources_1/new/execute_stage.sv:]
WARNING: [filemgmt 56-199] Attempt to get parsing info during refresh. "On-the-fly" syntax checking information may be incorrect. [/home/rohankr2/projects/risc-v/risc-v/risc-v.srcs/sources_1/new/execute_stage.sv:]
WARNING: [filemgmt 56-199] Attempt to get parsing info during refresh. "On-the-fly" syntax checking information may be incorrect. [/home/rohankr2/projects/risc-v/risc-v/risc-v.srcs/sources_1/new/execute_stage.sv:]
reset_run synth_1
INFO: [Project 1-1161] Replacing file /home/rohankr2/projects/risc-v/risc-v/risc-v.srcs/utils_1/imports/synth_1/instruction_memory.dcp with file /home/rohankr2/projects/risc-v/risc-v/risc-v.runs/synth_1/top.dcp
WARNING: [filemgmt 56-199] Attempt to get parsing info during refresh. "On-the-fly" syntax checking information may be incorrect. [/home/rohankr2/projects/risc-v/risc-v/risc-v.srcs/sources_1/new/tb_top.sv:]
WARNING: [filemgmt 56-199] Attempt to get parsing info during refresh. "On-the-fly" syntax checking information may be incorrect. [/home/rohankr2/projects/risc-v/risc-v/risc-v.srcs/sources_1/new/execute_stage.sv:]
WARNING: [filemgmt 56-199] Attempt to get parsing info during refresh. "On-the-fly" syntax checking information may be incorrect. [/home/rohankr2/projects/risc-v/risc-v/risc-v.srcs/sources_1/new/execute_stage.sv:]
WARNING: [filemgmt 56-199] Attempt to get parsing info during refresh. "On-the-fly" syntax checking information may be incorrect. [/home/rohankr2/projects/risc-v/risc-v/risc-v.srcs/sources_1/new/execute_stage.sv:]
save_constraints -force
WARNING: [filemgmt 56-199] Attempt to get parsing info during refresh. "On-the-fly" syntax checking information may be incorrect. [/home/rohankr2/projects/risc-v/risc-v/risc-v.srcs/sources_1/new/tb_top.sv:]
WARNING: [filemgmt 56-199] Attempt to get parsing info during refresh. "On-the-fly" syntax checking information may be incorrect. [/home/rohankr2/projects/risc-v/risc-v/risc-v.srcs/sources_1/new/execute_stage.sv:]
WARNING: [filemgmt 56-199] Attempt to get parsing info during refresh. "On-the-fly" syntax checking information may be incorrect. [/home/rohankr2/projects/risc-v/risc-v/risc-v.srcs/sources_1/new/execute_stage.sv:]
WARNING: [filemgmt 56-199] Attempt to get parsing info during refresh. "On-the-fly" syntax checking information may be incorrect. [/home/rohankr2/projects/risc-v/risc-v/risc-v.srcs/sources_1/new/execute_stage.sv:]
launch_runs impl_1 -jobs 6
[Fri Apr  3 20:40:18 2026] Launched synth_1...
Run output will be captured here: /home/rohankr2/projects/risc-v/risc-v/risc-v.runs/synth_1/runme.log
[Fri Apr  3 20:40:18 2026] Launched impl_1...
Run output will be captured here: /home/rohankr2/projects/risc-v/risc-v/risc-v.runs/impl_1/runme.log
close_design
WARNING: [filemgmt 56-199] Attempt to get parsing info during refresh. "On-the-fly" syntax checking information may be incorrect. [/home/rohankr2/projects/risc-v/risc-v/risc-v.srcs/sources_1/new/tb_top.sv:]
WARNING: [filemgmt 56-199] Attempt to get parsing info during refresh. "On-the-fly" syntax checking information may be incorrect. [/home/rohankr2/projects/risc-v/risc-v/risc-v.srcs/sources_1/new/execute_stage.sv:]
WARNING: [filemgmt 56-199] Attempt to get parsing info during refresh. "On-the-fly" syntax checking information may be incorrect. [/home/rohankr2/projects/risc-v/risc-v/risc-v.srcs/sources_1/new/tb_top.sv:]
WARNING: [filemgmt 56-199] Attempt to get parsing info during refresh. "On-the-fly" syntax checking information may be incorrect. [/home/rohankr2/projects/risc-v/risc-v/risc-v.srcs/sources_1/new/tb_top.sv:]
reset_run synth_1
launch_runs impl_1 -jobs 6
[Fri Apr  3 20:44:34 2026] Launched synth_1...
Run output will be captured here: /home/rohankr2/projects/risc-v/risc-v/risc-v.runs/synth_1/runme.log
[Fri Apr  3 20:44:34 2026] Launched impl_1...
Run output will be captured here: /home/rohankr2/projects/risc-v/risc-v/risc-v.runs/impl_1/runme.log
WARNING: [filemgmt 56-199] Attempt to get parsing info during refresh. "On-the-fly" syntax checking information may be incorrect. [/home/rohankr2/projects/risc-v/risc-v/risc-v.srcs/sources_1/new/tb_top.sv:]
WARNING: [filemgmt 56-199] Attempt to get parsing info during refresh. "On-the-fly" syntax checking information may be incorrect. [/home/rohankr2/projects/risc-v/risc-v/risc-v.srcs/sources_1/new/execute_stage.sv:]
WARNING: [filemgmt 56-199] Attempt to get parsing info during refresh. "On-the-fly" syntax checking information may be incorrect. [/home/rohankr2/projects/risc-v/risc-v/risc-v.srcs/sources_1/new/execute_stage.sv:]
WARNING: [filemgmt 56-199] Attempt to get parsing info during refresh. "On-the-fly" syntax checking information may be incorrect. [/home/rohankr2/projects/risc-v/risc-v/risc-v.srcs/sources_1/new/execute_stage.sv:]
reset_run synth_1
launch_runs impl_1 -jobs 6
[Fri Apr  3 20:47:16 2026] Launched synth_1...
Run output will be captured here: /home/rohankr2/projects/risc-v/risc-v/risc-v.runs/synth_1/runme.log
[Fri Apr  3 20:47:16 2026] Launched impl_1...
Run output will be captured here: /home/rohankr2/projects/risc-v/risc-v/risc-v.runs/impl_1/runme.log
open_run impl_1
Netlist sorting complete. Time (s): cpu = 00:00:00.01 ; elapsed = 00:00:00.01 . Memory (MB): peak = 11839.098 ; gain = 0.000 ; free physical = 3323 ; free virtual = 11153
INFO: [Netlist 29-17] Analyzing 80 Unisim elements for replacement
INFO: [Netlist 29-28] Unisim Transformation completed in 0 CPU seconds
INFO: [Project 1-479] Netlist was created with Vivado 2025.1
INFO: [Project 1-570] Preparing netlist for logic optimization
Read ShapeDB Complete: Time (s): cpu = 00:00:00 ; elapsed = 00:00:00 . Memory (MB): peak = 11839.098 ; gain = 0.000 ; free physical = 3341 ; free virtual = 11170
INFO: [Timing 38-478] Restoring timing data from binary archive.
INFO: [Timing 38-479] Binary timing data restore complete.
INFO: [Project 1-856] Restoring constraints from binary archive.
INFO: [Project 1-853] Binary constraint restore complete.
INFO: [Designutils 20-5722] Start Reading Physical Databases.
Reading placement.
Read Netlist Cache: Time (s): cpu = 00:00:00 ; elapsed = 00:00:00 . Memory (MB): peak = 11839.098 ; gain = 0.000 ; free physical = 3352 ; free virtual = 11180
Reading placer database...
Read Device Cache: Time (s): cpu = 00:00:00 ; elapsed = 00:00:00 . Memory (MB): peak = 11839.098 ; gain = 0.000 ; free physical = 3352 ; free virtual = 11180
Read PlaceDB: Time (s): cpu = 00:00:00.04 ; elapsed = 00:00:00.03 . Memory (MB): peak = 11839.098 ; gain = 0.000 ; free physical = 3352 ; free virtual = 11180
Read PulsedLatchDB: Time (s): cpu = 00:00:00 ; elapsed = 00:00:00 . Memory (MB): peak = 11839.098 ; gain = 0.000 ; free physical = 3352 ; free virtual = 11180
Reading routing.
Read RouteStorage: Time (s): cpu = 00:00:00.02 ; elapsed = 00:00:00.01 . Memory (MB): peak = 11839.098 ; gain = 0.000 ; free physical = 3352 ; free virtual = 11180
Read Physdb Files: Time (s): cpu = 00:00:00.06 ; elapsed = 00:00:00.06 . Memory (MB): peak = 11839.098 ; gain = 0.000 ; free physical = 3352 ; free virtual = 11180
Restored from archive | CPU: 0.070000 secs | Memory: 1.813759 MB |
Finished XDEF File Restore: Time (s): cpu = 00:00:00.06 ; elapsed = 00:00:00.06 . Memory (MB): peak = 11839.098 ; gain = 0.000 ; free physical = 3352 ; free virtual = 11180
Netlist sorting complete. Time (s): cpu = 00:00:00 ; elapsed = 00:00:00 . Memory (MB): peak = 11839.098 ; gain = 0.000 ; free physical = 3352 ; free virtual = 11180
INFO: [Project 1-111] Unisim Transformation Summary:
  A total of 14 instances were transformed.
  RAM32M => RAM32M (RAMD32(x6), RAMS32(x2)): 10 instances
  RAM32X1D => RAM32X1D (RAMD32(x2)): 4 instances

open_run: Time (s): cpu = 00:00:08 ; elapsed = 00:00:06 . Memory (MB): peak = 11859.074 ; gain = 19.977 ; free physical = 3354 ; free virtual = 11186
CRITICAL WARNING: [Timing 38-282] The design failed to meet the timing requirements. Please see the timing summary report for details on the timing violations.
WARNING: [filemgmt 56-199] Attempt to get parsing info during refresh. "On-the-fly" syntax checking information may be incorrect. [/home/rohankr2/projects/risc-v/risc-v/risc-v.srcs/sources_1/new/decode_stage.sv:]
WARNING: [filemgmt 56-199] Attempt to get parsing info during refresh. "On-the-fly" syntax checking information may be incorrect. [/home/rohankr2/projects/risc-v/risc-v/risc-v.srcs/sources_1/new/fetch_stage.sv:]
WARNING: [filemgmt 56-199] Attempt to get parsing info during refresh. "On-the-fly" syntax checking information may be incorrect. [/home/rohankr2/projects/risc-v/risc-v/risc-v.srcs/sources_1/new/tb_top.sv:]
WARNING: [filemgmt 56-199] Attempt to get parsing info during refresh. "On-the-fly" syntax checking information may be incorrect. [/home/rohankr2/projects/risc-v/risc-v/risc-v.srcs/sources_1/new/execute_stage.sv:]
WARNING: [filemgmt 56-199] Attempt to get parsing info during refresh. "On-the-fly" syntax checking information may be incorrect. [/home/rohankr2/projects/risc-v/risc-v/risc-v.srcs/sources_1/new/execute_stage.sv:]
WARNING: [filemgmt 56-199] Attempt to get parsing info during refresh. "On-the-fly" syntax checking information may be incorrect. [/home/rohankr2/projects/risc-v/risc-v/risc-v.srcs/sources_1/new/execute_stage.sv:]
WARNING: [filemgmt 56-199] Attempt to get parsing info during refresh. "On-the-fly" syntax checking information may be incorrect. [/home/rohankr2/projects/risc-v/risc-v/risc-v.srcs/sources_1/new/decode_stage.sv:]
WARNING: [filemgmt 56-199] Attempt to get parsing info during refresh. "On-the-fly" syntax checking information may be incorrect. [/home/rohankr2/projects/risc-v/risc-v/risc-v.srcs/sources_1/new/fetch_stage.sv:]
WARNING: [filemgmt 56-199] Attempt to get parsing info during refresh. "On-the-fly" syntax checking information may be incorrect. [/home/rohankr2/projects/risc-v/risc-v/risc-v.srcs/sources_1/new/tb_top.sv:]
WARNING: [filemgmt 56-199] Attempt to get parsing info during refresh. "On-the-fly" syntax checking information may be incorrect. [/home/rohankr2/projects/risc-v/risc-v/risc-v.srcs/sources_1/new/execute_stage.sv:]
WARNING: [filemgmt 56-199] Attempt to get parsing info during refresh. "On-the-fly" syntax checking information may be incorrect. [/home/rohankr2/projects/risc-v/risc-v/risc-v.srcs/sources_1/new/decode_stage.sv:]
WARNING: [filemgmt 56-199] Attempt to get parsing info during refresh. "On-the-fly" syntax checking information may be incorrect. [/home/rohankr2/projects/risc-v/risc-v/risc-v.srcs/sources_1/new/decode_stage.sv:]
WARNING: [filemgmt 56-199] Attempt to get parsing info during refresh. "On-the-fly" syntax checking information may be incorrect. [/home/rohankr2/projects/risc-v/risc-v/risc-v.srcs/sources_1/new/decode_stage.sv:]
WARNING: [filemgmt 56-199] Attempt to get parsing info during refresh. "On-the-fly" syntax checking information may be incorrect. [/home/rohankr2/projects/risc-v/risc-v/risc-v.srcs/sources_1/new/fetch_stage.sv:]
WARNING: [filemgmt 56-199] Attempt to get parsing info during refresh. "On-the-fly" syntax checking information may be incorrect. [/home/rohankr2/projects/risc-v/risc-v/risc-v.srcs/sources_1/new/tb_top.sv:]
WARNING: [filemgmt 56-199] Attempt to get parsing info during refresh. "On-the-fly" syntax checking information may be incorrect. [/home/rohankr2/projects/risc-v/risc-v/risc-v.srcs/sources_1/new/execute_stage.sv:]
WARNING: [filemgmt 56-199] Attempt to get parsing info during refresh. "On-the-fly" syntax checking information may be incorrect. [/home/rohankr2/projects/risc-v/risc-v/risc-v.srcs/sources_1/new/tb_top.sv:]
WARNING: [filemgmt 56-199] Attempt to get parsing info during refresh. "On-the-fly" syntax checking information may be incorrect. [/home/rohankr2/projects/risc-v/risc-v/risc-v.srcs/sources_1/new/tb_top.sv:]
WARNING: [filemgmt 56-199] Attempt to get parsing info during refresh. "On-the-fly" syntax checking information may be incorrect. [/home/rohankr2/projects/risc-v/risc-v/risc-v.srcs/sources_1/new/decode_stage.sv:]
WARNING: [filemgmt 56-199] Attempt to get parsing info during refresh. "On-the-fly" syntax checking information may be incorrect. [/home/rohankr2/projects/risc-v/risc-v/risc-v.srcs/sources_1/new/fetch_stage.sv:]
WARNING: [filemgmt 56-199] Attempt to get parsing info during refresh. "On-the-fly" syntax checking information may be incorrect. [/home/rohankr2/projects/risc-v/risc-v/risc-v.srcs/sources_1/new/tb_top.sv:]
WARNING: [filemgmt 56-199] Attempt to get parsing info during refresh. "On-the-fly" syntax checking information may be incorrect. [/home/rohankr2/projects/risc-v/risc-v/risc-v.srcs/sources_1/new/execute_stage.sv:]
WARNING: [filemgmt 56-199] Attempt to get parsing info during refresh. "On-the-fly" syntax checking information may be incorrect. [/home/rohankr2/projects/risc-v/risc-v/risc-v.srcs/sources_1/new/execute_stage.sv:]
WARNING: [filemgmt 56-199] Attempt to get parsing info during refresh. "On-the-fly" syntax checking information may be incorrect. [/home/rohankr2/projects/risc-v/risc-v/risc-v.srcs/sources_1/new/execute_stage.sv:]
WARNING: [filemgmt 56-199] Attempt to get parsing info during refresh. "On-the-fly" syntax checking information may be incorrect. [/home/rohankr2/projects/risc-v/risc-v/risc-v.srcs/sources_1/new/decode_stage.sv:]
WARNING: [filemgmt 56-199] Attempt to get parsing info during refresh. "On-the-fly" syntax checking information may be incorrect. [/home/rohankr2/projects/risc-v/risc-v/risc-v.srcs/sources_1/new/fetch_stage.sv:]
WARNING: [filemgmt 56-199] Attempt to get parsing info during refresh. "On-the-fly" syntax checking information may be incorrect. [/home/rohankr2/projects/risc-v/risc-v/risc-v.srcs/sources_1/new/tb_top.sv:]
WARNING: [filemgmt 56-199] Attempt to get parsing info during refresh. "On-the-fly" syntax checking information may be incorrect. [/home/rohankr2/projects/risc-v/risc-v/risc-v.srcs/sources_1/new/execute_stage.sv:]
WARNING: [filemgmt 56-199] Attempt to get parsing info during refresh. "On-the-fly" syntax checking information may be incorrect. [/home/rohankr2/projects/risc-v/risc-v/risc-v.srcs/sources_1/new/fetch_stage.sv:]
WARNING: [filemgmt 56-199] Attempt to get parsing info during refresh. "On-the-fly" syntax checking information may be incorrect. [/home/rohankr2/projects/risc-v/risc-v/risc-v.srcs/sources_1/new/fetch_stage.sv:]
WARNING: [filemgmt 56-199] Attempt to get parsing info during refresh. "On-the-fly" syntax checking information may be incorrect. [/home/rohankr2/projects/risc-v/risc-v/risc-v.srcs/sources_1/new/decode_stage.sv:]
WARNING: [filemgmt 56-199] Attempt to get parsing info during refresh. "On-the-fly" syntax checking information may be incorrect. [/home/rohankr2/projects/risc-v/risc-v/risc-v.srcs/sources_1/new/fetch_stage.sv:]
WARNING: [filemgmt 56-199] Attempt to get parsing info during refresh. "On-the-fly" syntax checking information may be incorrect. [/home/rohankr2/projects/risc-v/risc-v/risc-v.srcs/sources_1/new/tb_top.sv:]
WARNING: [filemgmt 56-199] Attempt to get parsing info during refresh. "On-the-fly" syntax checking information may be incorrect. [/home/rohankr2/projects/risc-v/risc-v/risc-v.srcs/sources_1/new/execute_stage.sv:]
WARNING: [filemgmt 56-199] Attempt to get parsing info during refresh. "On-the-fly" syntax checking information may be incorrect. [/home/rohankr2/projects/risc-v/risc-v/risc-v.srcs/sources_1/new/tb_top.sv:]
WARNING: [filemgmt 56-199] Attempt to get parsing info during refresh. "On-the-fly" syntax checking information may be incorrect. [/home/rohankr2/projects/risc-v/risc-v/risc-v.srcs/sources_1/new/tb_top.sv:]
WARNING: [filemgmt 56-199] Attempt to get parsing info during refresh. "On-the-fly" syntax checking information may be incorrect. [/home/rohankr2/projects/risc-v/risc-v/risc-v.srcs/sources_1/new/decode_stage.sv:]
WARNING: [filemgmt 56-199] Attempt to get parsing info during refresh. "On-the-fly" syntax checking information may be incorrect. [/home/rohankr2/projects/risc-v/risc-v/risc-v.srcs/sources_1/new/fetch_stage.sv:]
WARNING: [filemgmt 56-199] Attempt to get parsing info during refresh. "On-the-fly" syntax checking information may be incorrect. [/home/rohankr2/projects/risc-v/risc-v/risc-v.srcs/sources_1/new/tb_top.sv:]
WARNING: [filemgmt 56-199] Attempt to get parsing info during refresh. "On-the-fly" syntax checking information may be incorrect. [/home/rohankr2/projects/risc-v/risc-v/risc-v.srcs/sources_1/new/execute_stage.sv:]
WARNING: [filemgmt 56-199] Attempt to get parsing info during refresh. "On-the-fly" syntax checking information may be incorrect. [/home/rohankr2/projects/risc-v/risc-v/risc-v.srcs/sources_1/new/fetch_stage.sv:]
WARNING: [filemgmt 56-199] Attempt to get parsing info during refresh. "On-the-fly" syntax checking information may be incorrect. [/home/rohankr2/projects/risc-v/risc-v/risc-v.srcs/sources_1/new/fetch_stage.sv:]
WARNING: [filemgmt 56-199] Attempt to get parsing info during refresh. "On-the-fly" syntax checking information may be incorrect. [/home/rohankr2/projects/risc-v/risc-v/risc-v.srcs/sources_1/new/decode_stage.sv:]
WARNING: [filemgmt 56-199] Attempt to get parsing info during refresh. "On-the-fly" syntax checking information may be incorrect. [/home/rohankr2/projects/risc-v/risc-v/risc-v.srcs/sources_1/new/fetch_stage.sv:]
WARNING: [filemgmt 56-199] Attempt to get parsing info during refresh. "On-the-fly" syntax checking information may be incorrect. [/home/rohankr2/projects/risc-v/risc-v/risc-v.srcs/sources_1/new/tb_top.sv:]
WARNING: [filemgmt 56-199] Attempt to get parsing info during refresh. "On-the-fly" syntax checking information may be incorrect. [/home/rohankr2/projects/risc-v/risc-v/risc-v.srcs/sources_1/new/execute_stage.sv:]
WARNING: [filemgmt 56-199] Attempt to get parsing info during refresh. "On-the-fly" syntax checking information may be incorrect. [/home/rohankr2/projects/risc-v/risc-v/risc-v.srcs/sources_1/new/tb_top.sv:]
WARNING: [filemgmt 56-199] Attempt to get parsing info during refresh. "On-the-fly" syntax checking information may be incorrect. [/home/rohankr2/projects/risc-v/risc-v/risc-v.srcs/sources_1/new/tb_top.sv:]
WARNING: [filemgmt 56-199] Attempt to get parsing info during refresh. "On-the-fly" syntax checking information may be incorrect. [/home/rohankr2/projects/risc-v/risc-v/risc-v.srcs/sources_1/new/decode_stage.sv:]
WARNING: [filemgmt 56-199] Attempt to get parsing info during refresh. "On-the-fly" syntax checking information may be incorrect. [/home/rohankr2/projects/risc-v/risc-v/risc-v.srcs/sources_1/new/fetch_stage.sv:]
WARNING: [filemgmt 56-199] Attempt to get parsing info during refresh. "On-the-fly" syntax checking information may be incorrect. [/home/rohankr2/projects/risc-v/risc-v/risc-v.srcs/sources_1/new/tb_top.sv:]
WARNING: [filemgmt 56-199] Attempt to get parsing info during refresh. "On-the-fly" syntax checking information may be incorrect. [/home/rohankr2/projects/risc-v/risc-v/risc-v.srcs/sources_1/new/execute_stage.sv:]
WARNING: [filemgmt 56-199] Attempt to get parsing info during refresh. "On-the-fly" syntax checking information may be incorrect. [/home/rohankr2/projects/risc-v/risc-v/risc-v.srcs/sources_1/new/decode_stage.sv:]
WARNING: [filemgmt 56-199] Attempt to get parsing info during refresh. "On-the-fly" syntax checking information may be incorrect. [/home/rohankr2/projects/risc-v/risc-v/risc-v.srcs/sources_1/new/decode_stage.sv:]
WARNING: [filemgmt 56-199] Attempt to get parsing info during refresh. "On-the-fly" syntax checking information may be incorrect. [/home/rohankr2/projects/risc-v/risc-v/risc-v.srcs/sources_1/new/decode_stage.sv:]
WARNING: [filemgmt 56-199] Attempt to get parsing info during refresh. "On-the-fly" syntax checking information may be incorrect. [/home/rohankr2/projects/risc-v/risc-v/risc-v.srcs/sources_1/new/fetch_stage.sv:]
WARNING: [filemgmt 56-199] Attempt to get parsing info during refresh. "On-the-fly" syntax checking information may be incorrect. [/home/rohankr2/projects/risc-v/risc-v/risc-v.srcs/sources_1/new/tb_top.sv:]
WARNING: [filemgmt 56-199] Attempt to get parsing info during refresh. "On-the-fly" syntax checking information may be incorrect. [/home/rohankr2/projects/risc-v/risc-v/risc-v.srcs/sources_1/new/execute_stage.sv:]
WARNING: [filemgmt 56-199] Attempt to get parsing info during refresh. "On-the-fly" syntax checking information may be incorrect. [/home/rohankr2/projects/risc-v/risc-v/risc-v.srcs/sources_1/new/execute_stage.sv:]
WARNING: [filemgmt 56-199] Attempt to get parsing info during refresh. "On-the-fly" syntax checking information may be incorrect. [/home/rohankr2/projects/risc-v/risc-v/risc-v.srcs/sources_1/new/execute_stage.sv:]
WARNING: [filemgmt 56-199] Attempt to get parsing info during refresh. "On-the-fly" syntax checking information may be incorrect. [/home/rohankr2/projects/risc-v/risc-v/risc-v.srcs/sources_1/new/decode_stage.sv:]
WARNING: [filemgmt 56-199] Attempt to get parsing info during refresh. "On-the-fly" syntax checking information may be incorrect. [/home/rohankr2/projects/risc-v/risc-v/risc-v.srcs/sources_1/new/fetch_stage.sv:]
WARNING: [filemgmt 56-199] Attempt to get parsing info during refresh. "On-the-fly" syntax checking information may be incorrect. [/home/rohankr2/projects/risc-v/risc-v/risc-v.srcs/sources_1/new/tb_top.sv:]
WARNING: [filemgmt 56-199] Attempt to get parsing info during refresh. "On-the-fly" syntax checking information may be incorrect. [/home/rohankr2/projects/risc-v/risc-v/risc-v.srcs/sources_1/new/execute_stage.sv:]
WARNING: [filemgmt 56-199] Attempt to get parsing info during refresh. "On-the-fly" syntax checking information may be incorrect. [/home/rohankr2/projects/risc-v/risc-v/risc-v.srcs/sources_1/new/decode_stage.sv:]
WARNING: [filemgmt 56-199] Attempt to get parsing info during refresh. "On-the-fly" syntax checking information may be incorrect. [/home/rohankr2/projects/risc-v/risc-v/risc-v.srcs/sources_1/new/decode_stage.sv:]
WARNING: [filemgmt 56-199] Attempt to get parsing info during refresh. "On-the-fly" syntax checking information may be incorrect. [/home/rohankr2/projects/risc-v/risc-v/risc-v.srcs/sources_1/new/decode_stage.sv:]
WARNING: [filemgmt 56-199] Attempt to get parsing info during refresh. "On-the-fly" syntax checking information may be incorrect. [/home/rohankr2/projects/risc-v/risc-v/risc-v.srcs/sources_1/new/fetch_stage.sv:]
WARNING: [filemgmt 56-199] Attempt to get parsing info during refresh. "On-the-fly" syntax checking information may be incorrect. [/home/rohankr2/projects/risc-v/risc-v/risc-v.srcs/sources_1/new/tb_top.sv:]
WARNING: [filemgmt 56-199] Attempt to get parsing info during refresh. "On-the-fly" syntax checking information may be incorrect. [/home/rohankr2/projects/risc-v/risc-v/risc-v.srcs/sources_1/new/execute_stage.sv:]
WARNING: [filemgmt 56-199] Attempt to get parsing info during refresh. "On-the-fly" syntax checking information may be incorrect. [/home/rohankr2/projects/risc-v/risc-v/risc-v.srcs/sources_1/new/tb_top.sv:]
WARNING: [filemgmt 56-199] Attempt to get parsing info during refresh. "On-the-fly" syntax checking information may be incorrect. [/home/rohankr2/projects/risc-v/risc-v/risc-v.srcs/sources_1/new/tb_top.sv:]
WARNING: [filemgmt 56-199] Attempt to get parsing info during refresh. "On-the-fly" syntax checking information may be incorrect. [/home/rohankr2/projects/risc-v/risc-v/risc-v.srcs/sources_1/new/decode_stage.sv:]
WARNING: [filemgmt 56-199] Attempt to get parsing info during refresh. "On-the-fly" syntax checking information may be incorrect. [/home/rohankr2/projects/risc-v/risc-v/risc-v.srcs/sources_1/new/fetch_stage.sv:]
WARNING: [filemgmt 56-199] Attempt to get parsing info during refresh. "On-the-fly" syntax checking information may be incorrect. [/home/rohankr2/projects/risc-v/risc-v/risc-v.srcs/sources_1/new/tb_top.sv:]
WARNING: [filemgmt 56-199] Attempt to get parsing info during refresh. "On-the-fly" syntax checking information may be incorrect. [/home/rohankr2/projects/risc-v/risc-v/risc-v.srcs/sources_1/new/execute_stage.sv:]
WARNING: [filemgmt 56-199] Attempt to get parsing info during refresh. "On-the-fly" syntax checking information may be incorrect. [/home/rohankr2/projects/risc-v/risc-v/risc-v.srcs/sources_1/new/execute_stage.sv:]
WARNING: [filemgmt 56-199] Attempt to get parsing info during refresh. "On-the-fly" syntax checking information may be incorrect. [/home/rohankr2/projects/risc-v/risc-v/risc-v.srcs/sources_1/new/execute_stage.sv:]
WARNING: [filemgmt 56-199] Attempt to get parsing info during refresh. "On-the-fly" syntax checking information may be incorrect. [/home/rohankr2/projects/risc-v/risc-v/risc-v.srcs/sources_1/new/decode_stage.sv:]
WARNING: [filemgmt 56-199] Attempt to get parsing info during refresh. "On-the-fly" syntax checking information may be incorrect. [/home/rohankr2/projects/risc-v/risc-v/risc-v.srcs/sources_1/new/fetch_stage.sv:]
WARNING: [filemgmt 56-199] Attempt to get parsing info during refresh. "On-the-fly" syntax checking information may be incorrect. [/home/rohankr2/projects/risc-v/risc-v/risc-v.srcs/sources_1/new/tb_top.sv:]
WARNING: [filemgmt 56-199] Attempt to get parsing info during refresh. "On-the-fly" syntax checking information may be incorrect. [/home/rohankr2/projects/risc-v/risc-v/risc-v.srcs/sources_1/new/execute_stage.sv:]
WARNING: [filemgmt 56-199] Attempt to get parsing info during refresh. "On-the-fly" syntax checking information may be incorrect. [/home/rohankr2/projects/risc-v/risc-v/risc-v.srcs/sources_1/new/fetch_stage.sv:]
WARNING: [filemgmt 56-199] Attempt to get parsing info during refresh. "On-the-fly" syntax checking information may be incorrect. [/home/rohankr2/projects/risc-v/risc-v/risc-v.srcs/sources_1/new/fetch_stage.sv:]
WARNING: [filemgmt 56-199] Attempt to get parsing info during refresh. "On-the-fly" syntax checking information may be incorrect. [/home/rohankr2/projects/risc-v/risc-v/risc-v.srcs/sources_1/new/decode_stage.sv:]
WARNING: [filemgmt 56-199] Attempt to get parsing info during refresh. "On-the-fly" syntax checking information may be incorrect. [/home/rohankr2/projects/risc-v/risc-v/risc-v.srcs/sources_1/new/fetch_stage.sv:]
WARNING: [filemgmt 56-199] Attempt to get parsing info during refresh. "On-the-fly" syntax checking information may be incorrect. [/home/rohankr2/projects/risc-v/risc-v/risc-v.srcs/sources_1/new/tb_top.sv:]
WARNING: [filemgmt 56-199] Attempt to get parsing info during refresh. "On-the-fly" syntax checking information may be incorrect. [/home/rohankr2/projects/risc-v/risc-v/risc-v.srcs/sources_1/new/execute_stage.sv:]
WARNING: [filemgmt 56-199] Attempt to get parsing info during refresh. "On-the-fly" syntax checking information may be incorrect. [/home/rohankr2/projects/risc-v/risc-v/risc-v.srcs/sources_1/new/tb_top.sv:]
WARNING: [filemgmt 56-199] Attempt to get parsing info during refresh. "On-the-fly" syntax checking information may be incorrect. [/home/rohankr2/projects/risc-v/risc-v/risc-v.srcs/sources_1/new/tb_top.sv:]
WARNING: [filemgmt 56-199] Attempt to get parsing info during refresh. "On-the-fly" syntax checking information may be incorrect. [/home/rohankr2/projects/risc-v/risc-v/risc-v.srcs/sources_1/new/decode_stage.sv:]
WARNING: [filemgmt 56-199] Attempt to get parsing info during refresh. "On-the-fly" syntax checking information may be incorrect. [/home/rohankr2/projects/risc-v/risc-v/risc-v.srcs/sources_1/new/fetch_stage.sv:]
WARNING: [filemgmt 56-199] Attempt to get parsing info during refresh. "On-the-fly" syntax checking information may be incorrect. [/home/rohankr2/projects/risc-v/risc-v/risc-v.srcs/sources_1/new/tb_top.sv:]
WARNING: [filemgmt 56-199] Attempt to get parsing info during refresh. "On-the-fly" syntax checking information may be incorrect. [/home/rohankr2/projects/risc-v/risc-v/risc-v.srcs/sources_1/new/execute_stage.sv:]
WARNING: [filemgmt 56-199] Attempt to get parsing info during refresh. "On-the-fly" syntax checking information may be incorrect. [/home/rohankr2/projects/risc-v/risc-v/risc-v.srcs/sources_1/new/execute_stage.sv:]
WARNING: [filemgmt 56-199] Attempt to get parsing info during refresh. "On-the-fly" syntax checking information may be incorrect. [/home/rohankr2/projects/risc-v/risc-v/risc-v.srcs/sources_1/new/execute_stage.sv:]
WARNING: [filemgmt 56-199] Attempt to get parsing info during refresh. "On-the-fly" syntax checking information may be incorrect. [/home/rohankr2/projects/risc-v/risc-v/risc-v.srcs/sources_1/new/decode_stage.sv:]
WARNING: [filemgmt 56-199] Attempt to get parsing info during refresh. "On-the-fly" syntax checking information may be incorrect. [/home/rohankr2/projects/risc-v/risc-v/risc-v.srcs/sources_1/new/fetch_stage.sv:]
WARNING: [filemgmt 56-199] Attempt to get parsing info during refresh. "On-the-fly" syntax checking information may be incorrect. [/home/rohankr2/projects/risc-v/risc-v/risc-v.srcs/sources_1/new/tb_top.sv:]
WARNING: [filemgmt 56-199] Attempt to get parsing info during refresh. "On-the-fly" syntax checking information may be incorrect. [/home/rohankr2/projects/risc-v/risc-v/risc-v.srcs/sources_1/new/execute_stage.sv:]
WARNING: [filemgmt 56-199] Attempt to get parsing info during refresh. "On-the-fly" syntax checking information may be incorrect. [/home/rohankr2/projects/risc-v/risc-v/risc-v.srcs/sources_1/new/fetch_stage.sv:]
WARNING: [filemgmt 56-199] Attempt to get parsing info during refresh. "On-the-fly" syntax checking information may be incorrect. [/home/rohankr2/projects/risc-v/risc-v/risc-v.srcs/sources_1/new/fetch_stage.sv:]
WARNING: [filemgmt 56-199] Attempt to get parsing info during refresh. "On-the-fly" syntax checking information may be incorrect. [/home/rohankr2/projects/risc-v/risc-v/risc-v.srcs/sources_1/new/decode_stage.sv:]
WARNING: [filemgmt 56-199] Attempt to get parsing info during refresh. "On-the-fly" syntax checking information may be incorrect. [/home/rohankr2/projects/risc-v/risc-v/risc-v.srcs/sources_1/new/fetch_stage.sv:]
WARNING: [filemgmt 56-199] Attempt to get parsing info during refresh. "On-the-fly" syntax checking information may be incorrect. [/home/rohankr2/projects/risc-v/risc-v/risc-v.srcs/sources_1/new/tb_top.sv:]
WARNING: [filemgmt 56-199] Attempt to get parsing info during refresh. "On-the-fly" syntax checking information may be incorrect. [/home/rohankr2/projects/risc-v/risc-v/risc-v.srcs/sources_1/new/execute_stage.sv:]
WARNING: [filemgmt 56-199] Attempt to get parsing info during refresh. "On-the-fly" syntax checking information may be incorrect. [/home/rohankr2/projects/risc-v/risc-v/risc-v.srcs/sources_1/new/tb_top.sv:]
WARNING: [filemgmt 56-199] Attempt to get parsing info during refresh. "On-the-fly" syntax checking information may be incorrect. [/home/rohankr2/projects/risc-v/risc-v/risc-v.srcs/sources_1/new/tb_top.sv:]
reset_run synth_1
INFO: [Project 1-1161] Replacing file /home/rohankr2/projects/risc-v/risc-v/risc-v.srcs/utils_1/imports/synth_1/instruction_memory.dcp with file /home/rohankr2/projects/risc-v/risc-v/risc-v.runs/synth_1/top.dcp
launch_runs impl_1 -jobs 6
[Fri Apr  3 21:28:56 2026] Launched synth_1...
Run output will be captured here: /home/rohankr2/projects/risc-v/risc-v/risc-v.runs/synth_1/runme.log
[Fri Apr  3 21:28:56 2026] Launched impl_1...
Run output will be captured here: /home/rohankr2/projects/risc-v/risc-v/risc-v.runs/impl_1/runme.log
WARNING: [filemgmt 56-199] Attempt to get parsing info during refresh. "On-the-fly" syntax checking information may be incorrect. [/home/rohankr2/projects/risc-v/risc-v/risc-v.srcs/sources_1/new/decode_stage.sv:]
WARNING: [filemgmt 56-199] Attempt to get parsing info during refresh. "On-the-fly" syntax checking information may be incorrect. [/home/rohankr2/projects/risc-v/risc-v/risc-v.srcs/sources_1/new/fetch_stage.sv:]
WARNING: [filemgmt 56-199] Attempt to get parsing info during refresh. "On-the-fly" syntax checking information may be incorrect. [/home/rohankr2/projects/risc-v/risc-v/risc-v.srcs/sources_1/new/tb_top.sv:]
WARNING: [filemgmt 56-199] Attempt to get parsing info during refresh. "On-the-fly" syntax checking information may be incorrect. [/home/rohankr2/projects/risc-v/risc-v/risc-v.srcs/sources_1/new/execute_stage.sv:]
WARNING: [filemgmt 56-199] Attempt to get parsing info during refresh. "On-the-fly" syntax checking information may be incorrect. [/home/rohankr2/projects/risc-v/risc-v/risc-v.srcs/sources_1/new/tb_top.sv:]
WARNING: [filemgmt 56-199] Attempt to get parsing info during refresh. "On-the-fly" syntax checking information may be incorrect. [/home/rohankr2/projects/risc-v/risc-v/risc-v.srcs/sources_1/new/tb_top.sv:]
WARNING: [filemgmt 56-199] Attempt to get parsing info during refresh. "On-the-fly" syntax checking information may be incorrect. [/home/rohankr2/projects/risc-v/risc-v/risc-v.srcs/sources_1/new/decode_stage.sv:]
WARNING: [filemgmt 56-199] Attempt to get parsing info during refresh. "On-the-fly" syntax checking information may be incorrect. [/home/rohankr2/projects/risc-v/risc-v/risc-v.srcs/sources_1/new/fetch_stage.sv:]
WARNING: [filemgmt 56-199] Attempt to get parsing info during refresh. "On-the-fly" syntax checking information may be incorrect. [/home/rohankr2/projects/risc-v/risc-v/risc-v.srcs/sources_1/new/tb_top.sv:]
WARNING: [filemgmt 56-199] Attempt to get parsing info during refresh. "On-the-fly" syntax checking information may be incorrect. [/home/rohankr2/projects/risc-v/risc-v/risc-v.srcs/sources_1/new/execute_stage.sv:]
WARNING: [filemgmt 56-199] Attempt to get parsing info during refresh. "On-the-fly" syntax checking information may be incorrect. [/home/rohankr2/projects/risc-v/risc-v/risc-v.srcs/sources_1/new/decode_stage.sv:]
WARNING: [filemgmt 56-199] Attempt to get parsing info during refresh. "On-the-fly" syntax checking information may be incorrect. [/home/rohankr2/projects/risc-v/risc-v/risc-v.srcs/sources_1/new/decode_stage.sv:]
WARNING: [filemgmt 56-199] Attempt to get parsing info during refresh. "On-the-fly" syntax checking information may be incorrect. [/home/rohankr2/projects/risc-v/risc-v/risc-v.srcs/sources_1/new/decode_stage.sv:]
WARNING: [filemgmt 56-199] Attempt to get parsing info during refresh. "On-the-fly" syntax checking information may be incorrect. [/home/rohankr2/projects/risc-v/risc-v/risc-v.srcs/sources_1/new/fetch_stage.sv:]
WARNING: [filemgmt 56-199] Attempt to get parsing info during refresh. "On-the-fly" syntax checking information may be incorrect. [/home/rohankr2/projects/risc-v/risc-v/risc-v.srcs/sources_1/new/tb_top.sv:]
WARNING: [filemgmt 56-199] Attempt to get parsing info during refresh. "On-the-fly" syntax checking information may be incorrect. [/home/rohankr2/projects/risc-v/risc-v/risc-v.srcs/sources_1/new/execute_stage.sv:]
WARNING: [filemgmt 56-199] Attempt to get parsing info during refresh. "On-the-fly" syntax checking information may be incorrect. [/home/rohankr2/projects/risc-v/risc-v/risc-v.srcs/sources_1/new/fetch_stage.sv:]
WARNING: [filemgmt 56-199] Attempt to get parsing info during refresh. "On-the-fly" syntax checking information may be incorrect. [/home/rohankr2/projects/risc-v/risc-v/risc-v.srcs/sources_1/new/fetch_stage.sv:]
close_design
open_run impl_1
Netlist sorting complete. Time (s): cpu = 00:00:00.01 ; elapsed = 00:00:00 . Memory (MB): peak = 11982.664 ; gain = 0.000 ; free physical = 3216 ; free virtual = 11149
INFO: [Netlist 29-17] Analyzing 110 Unisim elements for replacement
INFO: [Netlist 29-28] Unisim Transformation completed in 0 CPU seconds
INFO: [Project 1-479] Netlist was created with Vivado 2025.1
INFO: [Project 1-570] Preparing netlist for logic optimization
Read ShapeDB Complete: Time (s): cpu = 00:00:00.01 ; elapsed = 00:00:00.01 . Memory (MB): peak = 11982.664 ; gain = 0.000 ; free physical = 3218 ; free virtual = 11150
INFO: [Timing 38-478] Restoring timing data from binary archive.
INFO: [Timing 38-479] Binary timing data restore complete.
INFO: [Project 1-856] Restoring constraints from binary archive.
INFO: [Project 1-853] Binary constraint restore complete.
INFO: [Designutils 20-5722] Start Reading Physical Databases.
Reading placement.
Read Netlist Cache: Time (s): cpu = 00:00:00 ; elapsed = 00:00:00 . Memory (MB): peak = 11982.664 ; gain = 0.000 ; free physical = 3229 ; free virtual = 11162
Reading placer database...
Read Device Cache: Time (s): cpu = 00:00:00 ; elapsed = 00:00:00 . Memory (MB): peak = 11982.664 ; gain = 0.000 ; free physical = 3229 ; free virtual = 11162
Read PlaceDB: Time (s): cpu = 00:00:00.03 ; elapsed = 00:00:00.03 . Memory (MB): peak = 11982.664 ; gain = 0.000 ; free physical = 3229 ; free virtual = 11162
Read PulsedLatchDB: Time (s): cpu = 00:00:00 ; elapsed = 00:00:00 . Memory (MB): peak = 11982.664 ; gain = 0.000 ; free physical = 3229 ; free virtual = 11162
Reading routing.
Read RouteStorage: Time (s): cpu = 00:00:00.02 ; elapsed = 00:00:00.01 . Memory (MB): peak = 11982.664 ; gain = 0.000 ; free physical = 3229 ; free virtual = 11162
Read Physdb Files: Time (s): cpu = 00:00:00.06 ; elapsed = 00:00:00.07 . Memory (MB): peak = 11982.664 ; gain = 0.000 ; free physical = 3229 ; free virtual = 11162
Restored from archive | CPU: 0.060000 secs | Memory: 1.805717 MB |
Finished XDEF File Restore: Time (s): cpu = 00:00:00.06 ; elapsed = 00:00:00.07 . Memory (MB): peak = 11982.664 ; gain = 0.000 ; free physical = 3229 ; free virtual = 11162
Netlist sorting complete. Time (s): cpu = 00:00:00 ; elapsed = 00:00:00 . Memory (MB): peak = 11982.664 ; gain = 0.000 ; free physical = 3229 ; free virtual = 11162
INFO: [Project 1-111] Unisim Transformation Summary:
  A total of 14 instances were transformed.
  RAM32M => RAM32M (RAMD32(x6), RAMS32(x2)): 10 instances
  RAM32X1D => RAM32X1D (RAMD32(x2)): 4 instances

open_run: Time (s): cpu = 00:00:06 ; elapsed = 00:00:05 . Memory (MB): peak = 12018.688 ; gain = 36.023 ; free physical = 3213 ; free virtual = 11149
WARNING: [filemgmt 56-199] Attempt to get parsing info during refresh. "On-the-fly" syntax checking information may be incorrect. [/home/rohankr2/projects/risc-v/risc-v/risc-v.srcs/sources_1/new/decode_stage.sv:]
WARNING: [filemgmt 56-199] Attempt to get parsing info during refresh. "On-the-fly" syntax checking information may be incorrect. [/home/rohankr2/projects/risc-v/risc-v/risc-v.srcs/sources_1/new/fetch_stage.sv:]
WARNING: [filemgmt 56-199] Attempt to get parsing info during refresh. "On-the-fly" syntax checking information may be incorrect. [/home/rohankr2/projects/risc-v/risc-v/risc-v.srcs/sources_1/new/tb_top.sv:]
WARNING: [filemgmt 56-199] Attempt to get parsing info during refresh. "On-the-fly" syntax checking information may be incorrect. [/home/rohankr2/projects/risc-v/risc-v/risc-v.srcs/sources_1/new/execute_stage.sv:]
WARNING: [filemgmt 56-199] Attempt to get parsing info during refresh. "On-the-fly" syntax checking information may be incorrect. [/home/rohankr2/projects/risc-v/risc-v/risc-v.srcs/sources_1/new/execute_stage.sv:]
WARNING: [filemgmt 56-199] Attempt to get parsing info during refresh. "On-the-fly" syntax checking information may be incorrect. [/home/rohankr2/projects/risc-v/risc-v/risc-v.srcs/sources_1/new/execute_stage.sv:]
WARNING: [filemgmt 56-199] Attempt to get parsing info during refresh. "On-the-fly" syntax checking information may be incorrect. [/home/rohankr2/projects/risc-v/risc-v/risc-v.srcs/sources_1/new/decode_stage.sv:]
WARNING: [filemgmt 56-199] Attempt to get parsing info during refresh. "On-the-fly" syntax checking information may be incorrect. [/home/rohankr2/projects/risc-v/risc-v/risc-v.srcs/sources_1/new/fetch_stage.sv:]
WARNING: [filemgmt 56-199] Attempt to get parsing info during refresh. "On-the-fly" syntax checking information may be incorrect. [/home/rohankr2/projects/risc-v/risc-v/risc-v.srcs/sources_1/new/tb_top.sv:]
WARNING: [filemgmt 56-199] Attempt to get parsing info during refresh. "On-the-fly" syntax checking information may be incorrect. [/home/rohankr2/projects/risc-v/risc-v/risc-v.srcs/sources_1/new/execute_stage.sv:]
WARNING: [filemgmt 56-199] Attempt to get parsing info during refresh. "On-the-fly" syntax checking information may be incorrect. [/home/rohankr2/projects/risc-v/risc-v/risc-v.srcs/sources_1/new/fetch_stage.sv:]
WARNING: [filemgmt 56-199] Attempt to get parsing info during refresh. "On-the-fly" syntax checking information may be incorrect. [/home/rohankr2/projects/risc-v/risc-v/risc-v.srcs/sources_1/new/fetch_stage.sv:]
WARNING: [filemgmt 56-199] Attempt to get parsing info during refresh. "On-the-fly" syntax checking information may be incorrect. [/home/rohankr2/projects/risc-v/risc-v/risc-v.srcs/sources_1/new/decode_stage.sv:]
WARNING: [filemgmt 56-199] Attempt to get parsing info during refresh. "On-the-fly" syntax checking information may be incorrect. [/home/rohankr2/projects/risc-v/risc-v/risc-v.srcs/sources_1/new/fetch_stage.sv:]
WARNING: [filemgmt 56-199] Attempt to get parsing info during refresh. "On-the-fly" syntax checking information may be incorrect. [/home/rohankr2/projects/risc-v/risc-v/risc-v.srcs/sources_1/new/tb_top.sv:]
WARNING: [filemgmt 56-199] Attempt to get parsing info during refresh. "On-the-fly" syntax checking information may be incorrect. [/home/rohankr2/projects/risc-v/risc-v/risc-v.srcs/sources_1/new/execute_stage.sv:]
WARNING: [filemgmt 56-199] Attempt to get parsing info during refresh. "On-the-fly" syntax checking information may be incorrect. [/home/rohankr2/projects/risc-v/risc-v/risc-v.srcs/sources_1/new/tb_top.sv:]
WARNING: [filemgmt 56-199] Attempt to get parsing info during refresh. "On-the-fly" syntax checking information may be incorrect. [/home/rohankr2/projects/risc-v/risc-v/risc-v.srcs/sources_1/new/tb_top.sv:]
reset_run synth_1
INFO: [Project 1-1161] Replacing file /home/rohankr2/projects/risc-v/risc-v/risc-v.srcs/utils_1/imports/synth_1/instruction_memory.dcp with file /home/rohankr2/projects/risc-v/risc-v/risc-v.runs/synth_1/top.dcp
WARNING: [filemgmt 56-199] Attempt to get parsing info during refresh. "On-the-fly" syntax checking information may be incorrect. [/home/rohankr2/projects/risc-v/risc-v/risc-v.srcs/sources_1/new/decode_stage.sv:]
WARNING: [filemgmt 56-199] Attempt to get parsing info during refresh. "On-the-fly" syntax checking information may be incorrect. [/home/rohankr2/projects/risc-v/risc-v/risc-v.srcs/sources_1/new/fetch_stage.sv:]
WARNING: [filemgmt 56-199] Attempt to get parsing info during refresh. "On-the-fly" syntax checking information may be incorrect. [/home/rohankr2/projects/risc-v/risc-v/risc-v.srcs/sources_1/new/tb_top.sv:]
WARNING: [filemgmt 56-199] Attempt to get parsing info during refresh. "On-the-fly" syntax checking information may be incorrect. [/home/rohankr2/projects/risc-v/risc-v/risc-v.srcs/sources_1/new/execute_stage.sv:]
WARNING: [filemgmt 56-199] Attempt to get parsing info during refresh. "On-the-fly" syntax checking information may be incorrect. [/home/rohankr2/projects/risc-v/risc-v/risc-v.srcs/sources_1/new/execute_stage.sv:]
WARNING: [filemgmt 56-199] Attempt to get parsing info during refresh. "On-the-fly" syntax checking information may be incorrect. [/home/rohankr2/projects/risc-v/risc-v/risc-v.srcs/sources_1/new/execute_stage.sv:]
WARNING: [filemgmt 56-199] Attempt to get parsing info during refresh. "On-the-fly" syntax checking information may be incorrect. [/home/rohankr2/projects/risc-v/risc-v/risc-v.srcs/sources_1/new/decode_stage.sv:]
WARNING: [filemgmt 56-199] Attempt to get parsing info during refresh. "On-the-fly" syntax checking information may be incorrect. [/home/rohankr2/projects/risc-v/risc-v/risc-v.srcs/sources_1/new/fetch_stage.sv:]
WARNING: [filemgmt 56-199] Attempt to get parsing info during refresh. "On-the-fly" syntax checking information may be incorrect. [/home/rohankr2/projects/risc-v/risc-v/risc-v.srcs/sources_1/new/tb_top.sv:]
WARNING: [filemgmt 56-199] Attempt to get parsing info during refresh. "On-the-fly" syntax checking information may be incorrect. [/home/rohankr2/projects/risc-v/risc-v/risc-v.srcs/sources_1/new/execute_stage.sv:]
WARNING: [filemgmt 56-199] Attempt to get parsing info during refresh. "On-the-fly" syntax checking information may be incorrect. [/home/rohankr2/projects/risc-v/risc-v/risc-v.srcs/sources_1/new/decode_stage.sv:]
WARNING: [filemgmt 56-199] Attempt to get parsing info during refresh. "On-the-fly" syntax checking information may be incorrect. [/home/rohankr2/projects/risc-v/risc-v/risc-v.srcs/sources_1/new/decode_stage.sv:]
WARNING: [filemgmt 56-199] Attempt to get parsing info during refresh. "On-the-fly" syntax checking information may be incorrect. [/home/rohankr2/projects/risc-v/risc-v/risc-v.srcs/sources_1/new/decode_stage.sv:]
WARNING: [filemgmt 56-199] Attempt to get parsing info during refresh. "On-the-fly" syntax checking information may be incorrect. [/home/rohankr2/projects/risc-v/risc-v/risc-v.srcs/sources_1/new/fetch_stage.sv:]
WARNING: [filemgmt 56-199] Attempt to get parsing info during refresh. "On-the-fly" syntax checking information may be incorrect. [/home/rohankr2/projects/risc-v/risc-v/risc-v.srcs/sources_1/new/tb_top.sv:]
WARNING: [filemgmt 56-199] Attempt to get parsing info during refresh. "On-the-fly" syntax checking information may be incorrect. [/home/rohankr2/projects/risc-v/risc-v/risc-v.srcs/sources_1/new/execute_stage.sv:]
WARNING: [filemgmt 56-199] Attempt to get parsing info during refresh. "On-the-fly" syntax checking information may be incorrect. [/home/rohankr2/projects/risc-v/risc-v/risc-v.srcs/sources_1/new/tb_top.sv:]
WARNING: [filemgmt 56-199] Attempt to get parsing info during refresh. "On-the-fly" syntax checking information may be incorrect. [/home/rohankr2/projects/risc-v/risc-v/risc-v.srcs/sources_1/new/tb_top.sv:]
launch_runs impl_1 -jobs 6
[Fri Apr  3 21:57:44 2026] Launched synth_1...
Run output will be captured here: /home/rohankr2/projects/risc-v/risc-v/risc-v.runs/synth_1/runme.log
[Fri Apr  3 21:57:44 2026] Launched impl_1...
Run output will be captured here: /home/rohankr2/projects/risc-v/risc-v/risc-v.runs/impl_1/runme.log
close_design
WARNING: [filemgmt 56-199] Attempt to get parsing info during refresh. "On-the-fly" syntax checking information may be incorrect. [/home/rohankr2/projects/risc-v/risc-v/risc-v.srcs/sources_1/new/decode_stage.sv:]
WARNING: [filemgmt 56-199] Attempt to get parsing info during refresh. "On-the-fly" syntax checking information may be incorrect. [/home/rohankr2/projects/risc-v/risc-v/risc-v.srcs/sources_1/new/fetch_stage.sv:]
WARNING: [filemgmt 56-199] Attempt to get parsing info during refresh. "On-the-fly" syntax checking information may be incorrect. [/home/rohankr2/projects/risc-v/risc-v/risc-v.srcs/sources_1/new/tb_top.sv:]
WARNING: [filemgmt 56-199] Attempt to get parsing info during refresh. "On-the-fly" syntax checking information may be incorrect. [/home/rohankr2/projects/risc-v/risc-v/risc-v.srcs/sources_1/new/execute_stage.sv:]
WARNING: [filemgmt 56-199] Attempt to get parsing info during refresh. "On-the-fly" syntax checking information may be incorrect. [/home/rohankr2/projects/risc-v/risc-v/risc-v.srcs/sources_1/new/execute_stage.sv:]
WARNING: [filemgmt 56-199] Attempt to get parsing info during refresh. "On-the-fly" syntax checking information may be incorrect. [/home/rohankr2/projects/risc-v/risc-v/risc-v.srcs/sources_1/new/execute_stage.sv:]
WARNING: [filemgmt 56-199] Attempt to get parsing info during refresh. "On-the-fly" syntax checking information may be incorrect. [/home/rohankr2/projects/risc-v/risc-v/risc-v.srcs/sources_1/new/decode_stage.sv:]
WARNING: [filemgmt 56-199] Attempt to get parsing info during refresh. "On-the-fly" syntax checking information may be incorrect. [/home/rohankr2/projects/risc-v/risc-v/risc-v.srcs/sources_1/new/fetch_stage.sv:]
WARNING: [filemgmt 56-199] Attempt to get parsing info during refresh. "On-the-fly" syntax checking information may be incorrect. [/home/rohankr2/projects/risc-v/risc-v/risc-v.srcs/sources_1/new/tb_top.sv:]
WARNING: [filemgmt 56-199] Attempt to get parsing info during refresh. "On-the-fly" syntax checking information may be incorrect. [/home/rohankr2/projects/risc-v/risc-v/risc-v.srcs/sources_1/new/execute_stage.sv:]
WARNING: [filemgmt 56-199] Attempt to get parsing info during refresh. "On-the-fly" syntax checking information may be incorrect. [/home/rohankr2/projects/risc-v/risc-v/risc-v.srcs/sources_1/new/decode_stage.sv:]
WARNING: [filemgmt 56-199] Attempt to get parsing info during refresh. "On-the-fly" syntax checking information may be incorrect. [/home/rohankr2/projects/risc-v/risc-v/risc-v.srcs/sources_1/new/decode_stage.sv:]
WARNING: [filemgmt 56-199] Attempt to get parsing info during refresh. "On-the-fly" syntax checking information may be incorrect. [/home/rohankr2/projects/risc-v/risc-v/risc-v.srcs/sources_1/new/decode_stage.sv:]
WARNING: [filemgmt 56-199] Attempt to get parsing info during refresh. "On-the-fly" syntax checking information may be incorrect. [/home/rohankr2/projects/risc-v/risc-v/risc-v.srcs/sources_1/new/fetch_stage.sv:]
WARNING: [filemgmt 56-199] Attempt to get parsing info during refresh. "On-the-fly" syntax checking information may be incorrect. [/home/rohankr2/projects/risc-v/risc-v/risc-v.srcs/sources_1/new/tb_top.sv:]
WARNING: [filemgmt 56-199] Attempt to get parsing info during refresh. "On-the-fly" syntax checking information may be incorrect. [/home/rohankr2/projects/risc-v/risc-v/risc-v.srcs/sources_1/new/execute_stage.sv:]
WARNING: [filemgmt 56-199] Attempt to get parsing info during refresh. "On-the-fly" syntax checking information may be incorrect. [/home/rohankr2/projects/risc-v/risc-v/risc-v.srcs/sources_1/new/tb_top.sv:]
WARNING: [filemgmt 56-199] Attempt to get parsing info during refresh. "On-the-fly" syntax checking information may be incorrect. [/home/rohankr2/projects/risc-v/risc-v/risc-v.srcs/sources_1/new/tb_top.sv:]
reset_run impl_1
launch_runs impl_1 -jobs 6
[Fri Apr  3 22:03:09 2026] Launched impl_1...
Run output will be captured here: /home/rohankr2/projects/risc-v/risc-v/risc-v.runs/impl_1/runme.log
reset_run synth_1
INFO: [Project 1-1161] Replacing file /home/rohankr2/projects/risc-v/risc-v/risc-v.srcs/utils_1/imports/synth_1/instruction_memory.dcp with file /home/rohankr2/projects/risc-v/risc-v/risc-v.runs/synth_1/top.dcp
launch_runs impl_1 -jobs 6
WARNING: [filemgmt 56-199] Attempt to get parsing info during refresh. "On-the-fly" syntax checking information may be incorrect. [/home/rohankr2/projects/risc-v/risc-v/risc-v.srcs/sources_1/new/decode_stage.sv:]
WARNING: [filemgmt 56-199] Attempt to get parsing info during refresh. "On-the-fly" syntax checking information may be incorrect. [/home/rohankr2/projects/risc-v/risc-v/risc-v.srcs/sources_1/new/fetch_stage.sv:]
WARNING: [filemgmt 56-199] Attempt to get parsing info during refresh. "On-the-fly" syntax checking information may be incorrect. [/home/rohankr2/projects/risc-v/risc-v/risc-v.srcs/sources_1/new/tb_top.sv:]
WARNING: [filemgmt 56-199] Attempt to get parsing info during refresh. "On-the-fly" syntax checking information may be incorrect. [/home/rohankr2/projects/risc-v/risc-v/risc-v.srcs/sources_1/new/execute_stage.sv:]
WARNING: [filemgmt 56-199] Attempt to get parsing info during refresh. "On-the-fly" syntax checking information may be incorrect. [/home/rohankr2/projects/risc-v/risc-v/risc-v.srcs/sources_1/new/fetch_stage.sv:]
WARNING: [filemgmt 56-199] Attempt to get parsing info during refresh. "On-the-fly" syntax checking information may be incorrect. [/home/rohankr2/projects/risc-v/risc-v/risc-v.srcs/sources_1/new/fetch_stage.sv:]
WARNING: [filemgmt 56-199] Attempt to get parsing info during refresh. "On-the-fly" syntax checking information may be incorrect. [/home/rohankr2/projects/risc-v/risc-v/risc-v.srcs/sources_1/new/decode_stage.sv:]
WARNING: [filemgmt 56-199] Attempt to get parsing info during refresh. "On-the-fly" syntax checking information may be incorrect. [/home/rohankr2/projects/risc-v/risc-v/risc-v.srcs/sources_1/new/fetch_stage.sv:]
WARNING: [filemgmt 56-199] Attempt to get parsing info during refresh. "On-the-fly" syntax checking information may be incorrect. [/home/rohankr2/projects/risc-v/risc-v/risc-v.srcs/sources_1/new/tb_top.sv:]
WARNING: [filemgmt 56-199] Attempt to get parsing info during refresh. "On-the-fly" syntax checking information may be incorrect. [/home/rohankr2/projects/risc-v/risc-v/risc-v.srcs/sources_1/new/execute_stage.sv:]
WARNING: [filemgmt 56-199] Attempt to get parsing info during refresh. "On-the-fly" syntax checking information may be incorrect. [/home/rohankr2/projects/risc-v/risc-v/risc-v.srcs/sources_1/new/tb_top.sv:]
WARNING: [filemgmt 56-199] Attempt to get parsing info during refresh. "On-the-fly" syntax checking information may be incorrect. [/home/rohankr2/projects/risc-v/risc-v/risc-v.srcs/sources_1/new/tb_top.sv:]
[Fri Apr  3 22:04:23 2026] Launched synth_1...
Run output will be captured here: /home/rohankr2/projects/risc-v/risc-v/risc-v.runs/synth_1/runme.log
[Fri Apr  3 22:04:23 2026] Launched impl_1...
Run output will be captured here: /home/rohankr2/projects/risc-v/risc-v/risc-v.runs/impl_1/runme.log
WARNING: [filemgmt 56-199] Attempt to get parsing info during refresh. "On-the-fly" syntax checking information may be incorrect. [/home/rohankr2/projects/risc-v/risc-v/risc-v.srcs/sources_1/new/decode_stage.sv:]
WARNING: [filemgmt 56-199] Attempt to get parsing info during refresh. "On-the-fly" syntax checking information may be incorrect. [/home/rohankr2/projects/risc-v/risc-v/risc-v.srcs/sources_1/new/fetch_stage.sv:]
WARNING: [filemgmt 56-199] Attempt to get parsing info during refresh. "On-the-fly" syntax checking information may be incorrect. [/home/rohankr2/projects/risc-v/risc-v/risc-v.srcs/sources_1/new/tb_top.sv:]
WARNING: [filemgmt 56-199] Attempt to get parsing info during refresh. "On-the-fly" syntax checking information may be incorrect. [/home/rohankr2/projects/risc-v/risc-v/risc-v.srcs/sources_1/new/execute_stage.sv:]
WARNING: [filemgmt 56-199] Attempt to get parsing info during refresh. "On-the-fly" syntax checking information may be incorrect. [/home/rohankr2/projects/risc-v/risc-v/risc-v.srcs/sources_1/new/decode_stage.sv:]
WARNING: [filemgmt 56-199] Attempt to get parsing info during refresh. "On-the-fly" syntax checking information may be incorrect. [/home/rohankr2/projects/risc-v/risc-v/risc-v.srcs/sources_1/new/decode_stage.sv:]
open_run impl_1
Netlist sorting complete. Time (s): cpu = 00:00:00.01 ; elapsed = 00:00:00 . Memory (MB): peak = 12018.688 ; gain = 0.000 ; free physical = 5081 ; free virtual = 13012
INFO: [Netlist 29-17] Analyzing 80 Unisim elements for replacement
INFO: [Netlist 29-28] Unisim Transformation completed in 0 CPU seconds
INFO: [Project 1-479] Netlist was created with Vivado 2025.1
INFO: [Project 1-570] Preparing netlist for logic optimization
Read ShapeDB Complete: Time (s): cpu = 00:00:00 ; elapsed = 00:00:00.01 . Memory (MB): peak = 12018.688 ; gain = 0.000 ; free physical = 5086 ; free virtual = 13016
INFO: [Timing 38-478] Restoring timing data from binary archive.
INFO: [Timing 38-479] Binary timing data restore complete.
INFO: [Project 1-856] Restoring constraints from binary archive.
INFO: [Project 1-853] Binary constraint restore complete.
INFO: [Designutils 20-5722] Start Reading Physical Databases.
Reading placement.
Read Netlist Cache: Time (s): cpu = 00:00:00 ; elapsed = 00:00:00 . Memory (MB): peak = 12018.688 ; gain = 0.000 ; free physical = 5014 ; free virtual = 12944
Reading placer database...
Read Device Cache: Time (s): cpu = 00:00:00.01 ; elapsed = 00:00:00 . Memory (MB): peak = 12018.688 ; gain = 0.000 ; free physical = 5014 ; free virtual = 12944
Read PlaceDB: Time (s): cpu = 00:00:00.03 ; elapsed = 00:00:00.03 . Memory (MB): peak = 12018.688 ; gain = 0.000 ; free physical = 5014 ; free virtual = 12944
Read PulsedLatchDB: Time (s): cpu = 00:00:00 ; elapsed = 00:00:00 . Memory (MB): peak = 12018.688 ; gain = 0.000 ; free physical = 5014 ; free virtual = 12944
Reading routing.
Read RouteStorage: Time (s): cpu = 00:00:00.02 ; elapsed = 00:00:00.01 . Memory (MB): peak = 12018.688 ; gain = 0.000 ; free physical = 5014 ; free virtual = 12944
Read Physdb Files: Time (s): cpu = 00:00:00.07 ; elapsed = 00:00:00.07 . Memory (MB): peak = 12018.688 ; gain = 0.000 ; free physical = 5014 ; free virtual = 12944
Restored from archive | CPU: 0.080000 secs | Memory: 1.114998 MB |
Finished XDEF File Restore: Time (s): cpu = 00:00:00.07 ; elapsed = 00:00:00.07 . Memory (MB): peak = 12018.688 ; gain = 0.000 ; free physical = 5014 ; free virtual = 12944
Netlist sorting complete. Time (s): cpu = 00:00:00 ; elapsed = 00:00:00 . Memory (MB): peak = 12018.688 ; gain = 0.000 ; free physical = 5014 ; free virtual = 12944
INFO: [Project 1-111] Unisim Transformation Summary:
  A total of 14 instances were transformed.
  RAM32M => RAM32M (RAMD32(x6), RAMS32(x2)): 10 instances
  RAM32X1D => RAM32X1D (RAMD32(x2)): 4 instances

open_run: Time (s): cpu = 00:00:09 ; elapsed = 00:00:06 . Memory (MB): peak = 12059.043 ; gain = 40.355 ; free physical = 5012 ; free virtual = 12947
WARNING: [filemgmt 56-199] Attempt to get parsing info during refresh. "On-the-fly" syntax checking information may be incorrect. [/home/rohankr2/projects/risc-v/risc-v/risc-v.srcs/sources_1/new/decode_stage.sv:]
WARNING: [filemgmt 56-199] Attempt to get parsing info during refresh. "On-the-fly" syntax checking information may be incorrect. [/home/rohankr2/projects/risc-v/risc-v/risc-v.srcs/sources_1/new/fetch_stage.sv:]
WARNING: [filemgmt 56-199] Attempt to get parsing info during refresh. "On-the-fly" syntax checking information may be incorrect. [/home/rohankr2/projects/risc-v/risc-v/risc-v.srcs/sources_1/new/tb_top.sv:]
WARNING: [filemgmt 56-199] Attempt to get parsing info during refresh. "On-the-fly" syntax checking information may be incorrect. [/home/rohankr2/projects/risc-v/risc-v/risc-v.srcs/sources_1/new/execute_stage.sv:]
WARNING: [filemgmt 56-199] Attempt to get parsing info during refresh. "On-the-fly" syntax checking information may be incorrect. [/home/rohankr2/projects/risc-v/risc-v/risc-v.srcs/sources_1/new/execute_stage.sv:]
WARNING: [filemgmt 56-199] Attempt to get parsing info during refresh. "On-the-fly" syntax checking information may be incorrect. [/home/rohankr2/projects/risc-v/risc-v/risc-v.srcs/sources_1/new/execute_stage.sv:]
WARNING: [filemgmt 56-199] Attempt to get parsing info during refresh. "On-the-fly" syntax checking information may be incorrect. [/home/rohankr2/projects/risc-v/risc-v/risc-v.srcs/sources_1/new/decode_stage.sv:]
WARNING: [filemgmt 56-199] Attempt to get parsing info during refresh. "On-the-fly" syntax checking information may be incorrect. [/home/rohankr2/projects/risc-v/risc-v/risc-v.srcs/sources_1/new/fetch_stage.sv:]
WARNING: [filemgmt 56-199] Attempt to get parsing info during refresh. "On-the-fly" syntax checking information may be incorrect. [/home/rohankr2/projects/risc-v/risc-v/risc-v.srcs/sources_1/new/tb_top.sv:]
WARNING: [filemgmt 56-199] Attempt to get parsing info during refresh. "On-the-fly" syntax checking information may be incorrect. [/home/rohankr2/projects/risc-v/risc-v/risc-v.srcs/sources_1/new/execute_stage.sv:]
WARNING: [filemgmt 56-199] Attempt to get parsing info during refresh. "On-the-fly" syntax checking information may be incorrect. [/home/rohankr2/projects/risc-v/risc-v/risc-v.srcs/sources_1/new/decode_stage.sv:]
WARNING: [filemgmt 56-199] Attempt to get parsing info during refresh. "On-the-fly" syntax checking information may be incorrect. [/home/rohankr2/projects/risc-v/risc-v/risc-v.srcs/sources_1/new/decode_stage.sv:]
WARNING: [filemgmt 56-199] Attempt to get parsing info during refresh. "On-the-fly" syntax checking information may be incorrect. [/home/rohankr2/projects/risc-v/risc-v/risc-v.srcs/sources_1/new/decode_stage.sv:]
WARNING: [filemgmt 56-199] Attempt to get parsing info during refresh. "On-the-fly" syntax checking information may be incorrect. [/home/rohankr2/projects/risc-v/risc-v/risc-v.srcs/sources_1/new/fetch_stage.sv:]
WARNING: [filemgmt 56-199] Attempt to get parsing info during refresh. "On-the-fly" syntax checking information may be incorrect. [/home/rohankr2/projects/risc-v/risc-v/risc-v.srcs/sources_1/new/tb_top.sv:]
WARNING: [filemgmt 56-199] Attempt to get parsing info during refresh. "On-the-fly" syntax checking information may be incorrect. [/home/rohankr2/projects/risc-v/risc-v/risc-v.srcs/sources_1/new/execute_stage.sv:]
WARNING: [filemgmt 56-199] Attempt to get parsing info during refresh. "On-the-fly" syntax checking information may be incorrect. [/home/rohankr2/projects/risc-v/risc-v/risc-v.srcs/sources_1/new/tb_top.sv:]
WARNING: [filemgmt 56-199] Attempt to get parsing info during refresh. "On-the-fly" syntax checking information may be incorrect. [/home/rohankr2/projects/risc-v/risc-v/risc-v.srcs/sources_1/new/tb_top.sv:]
WARNING: [filemgmt 56-199] Attempt to get parsing info during refresh. "On-the-fly" syntax checking information may be incorrect. [/home/rohankr2/projects/risc-v/risc-v/risc-v.srcs/sources_1/new/decode_stage.sv:]
WARNING: [filemgmt 56-199] Attempt to get parsing info during refresh. "On-the-fly" syntax checking information may be incorrect. [/home/rohankr2/projects/risc-v/risc-v/risc-v.srcs/sources_1/new/fetch_stage.sv:]
WARNING: [filemgmt 56-199] Attempt to get parsing info during refresh. "On-the-fly" syntax checking information may be incorrect. [/home/rohankr2/projects/risc-v/risc-v/risc-v.srcs/sources_1/new/tb_top.sv:]
WARNING: [filemgmt 56-199] Attempt to get parsing info during refresh. "On-the-fly" syntax checking information may be incorrect. [/home/rohankr2/projects/risc-v/risc-v/risc-v.srcs/sources_1/new/execute_stage.sv:]
WARNING: [filemgmt 56-199] Attempt to get parsing info during refresh. "On-the-fly" syntax checking information may be incorrect. [/home/rohankr2/projects/risc-v/risc-v/risc-v.srcs/sources_1/new/execute_stage.sv:]
WARNING: [filemgmt 56-199] Attempt to get parsing info during refresh. "On-the-fly" syntax checking information may be incorrect. [/home/rohankr2/projects/risc-v/risc-v/risc-v.srcs/sources_1/new/execute_stage.sv:]
WARNING: [filemgmt 56-199] Attempt to get parsing info during refresh. "On-the-fly" syntax checking information may be incorrect. [/home/rohankr2/projects/risc-v/risc-v/risc-v.srcs/sources_1/new/decode_stage.sv:]
WARNING: [filemgmt 56-199] Attempt to get parsing info during refresh. "On-the-fly" syntax checking information may be incorrect. [/home/rohankr2/projects/risc-v/risc-v/risc-v.srcs/sources_1/new/fetch_stage.sv:]
WARNING: [filemgmt 56-199] Attempt to get parsing info during refresh. "On-the-fly" syntax checking information may be incorrect. [/home/rohankr2/projects/risc-v/risc-v/risc-v.srcs/sources_1/new/tb_top.sv:]
WARNING: [filemgmt 56-199] Attempt to get parsing info during refresh. "On-the-fly" syntax checking information may be incorrect. [/home/rohankr2/projects/risc-v/risc-v/risc-v.srcs/sources_1/new/execute_stage.sv:]
WARNING: [filemgmt 56-199] Attempt to get parsing info during refresh. "On-the-fly" syntax checking information may be incorrect. [/home/rohankr2/projects/risc-v/risc-v/risc-v.srcs/sources_1/new/fetch_stage.sv:]
WARNING: [filemgmt 56-199] Attempt to get parsing info during refresh. "On-the-fly" syntax checking information may be incorrect. [/home/rohankr2/projects/risc-v/risc-v/risc-v.srcs/sources_1/new/fetch_stage.sv:]
WARNING: [filemgmt 56-199] Attempt to get parsing info during refresh. "On-the-fly" syntax checking information may be incorrect. [/home/rohankr2/projects/risc-v/risc-v/risc-v.srcs/sources_1/new/decode_stage.sv:]
WARNING: [filemgmt 56-199] Attempt to get parsing info during refresh. "On-the-fly" syntax checking information may be incorrect. [/home/rohankr2/projects/risc-v/risc-v/risc-v.srcs/sources_1/new/fetch_stage.sv:]
WARNING: [filemgmt 56-199] Attempt to get parsing info during refresh. "On-the-fly" syntax checking information may be incorrect. [/home/rohankr2/projects/risc-v/risc-v/risc-v.srcs/sources_1/new/tb_top.sv:]
WARNING: [filemgmt 56-199] Attempt to get parsing info during refresh. "On-the-fly" syntax checking information may be incorrect. [/home/rohankr2/projects/risc-v/risc-v/risc-v.srcs/sources_1/new/execute_stage.sv:]
WARNING: [filemgmt 56-199] Attempt to get parsing info during refresh. "On-the-fly" syntax checking information may be incorrect. [/home/rohankr2/projects/risc-v/risc-v/risc-v.srcs/sources_1/new/tb_top.sv:]
WARNING: [filemgmt 56-199] Attempt to get parsing info during refresh. "On-the-fly" syntax checking information may be incorrect. [/home/rohankr2/projects/risc-v/risc-v/risc-v.srcs/sources_1/new/tb_top.sv:]
WARNING: [filemgmt 56-199] Attempt to get parsing info during refresh. "On-the-fly" syntax checking information may be incorrect. [/home/rohankr2/projects/risc-v/risc-v/risc-v.srcs/sources_1/new/decode_stage.sv:]
WARNING: [filemgmt 56-199] Attempt to get parsing info during refresh. "On-the-fly" syntax checking information may be incorrect. [/home/rohankr2/projects/risc-v/risc-v/risc-v.srcs/sources_1/new/fetch_stage.sv:]
WARNING: [filemgmt 56-199] Attempt to get parsing info during refresh. "On-the-fly" syntax checking information may be incorrect. [/home/rohankr2/projects/risc-v/risc-v/risc-v.srcs/sources_1/new/tb_top.sv:]
WARNING: [filemgmt 56-199] Attempt to get parsing info during refresh. "On-the-fly" syntax checking information may be incorrect. [/home/rohankr2/projects/risc-v/risc-v/risc-v.srcs/sources_1/new/execute_stage.sv:]
WARNING: [filemgmt 56-199] Attempt to get parsing info during refresh. "On-the-fly" syntax checking information may be incorrect. [/home/rohankr2/projects/risc-v/risc-v/risc-v.srcs/sources_1/new/execute_stage.sv:]
WARNING: [filemgmt 56-199] Attempt to get parsing info during refresh. "On-the-fly" syntax checking information may be incorrect. [/home/rohankr2/projects/risc-v/risc-v/risc-v.srcs/sources_1/new/execute_stage.sv:]
WARNING: [filemgmt 56-199] Attempt to get parsing info during refresh. "On-the-fly" syntax checking information may be incorrect. [/home/rohankr2/projects/risc-v/risc-v/risc-v.srcs/sources_1/new/decode_stage.sv:]
WARNING: [filemgmt 56-199] Attempt to get parsing info during refresh. "On-the-fly" syntax checking information may be incorrect. [/home/rohankr2/projects/risc-v/risc-v/risc-v.srcs/sources_1/new/fetch_stage.sv:]
WARNING: [filemgmt 56-199] Attempt to get parsing info during refresh. "On-the-fly" syntax checking information may be incorrect. [/home/rohankr2/projects/risc-v/risc-v/risc-v.srcs/sources_1/new/tb_top.sv:]
WARNING: [filemgmt 56-199] Attempt to get parsing info during refresh. "On-the-fly" syntax checking information may be incorrect. [/home/rohankr2/projects/risc-v/risc-v/risc-v.srcs/sources_1/new/execute_stage.sv:]
WARNING: [filemgmt 56-199] Attempt to get parsing info during refresh. "On-the-fly" syntax checking information may be incorrect. [/home/rohankr2/projects/risc-v/risc-v/risc-v.srcs/sources_1/new/decode_stage.sv:]
WARNING: [filemgmt 56-199] Attempt to get parsing info during refresh. "On-the-fly" syntax checking information may be incorrect. [/home/rohankr2/projects/risc-v/risc-v/risc-v.srcs/sources_1/new/decode_stage.sv:]
WARNING: [filemgmt 56-199] Attempt to get parsing info during refresh. "On-the-fly" syntax checking information may be incorrect. [/home/rohankr2/projects/risc-v/risc-v/risc-v.srcs/sources_1/new/decode_stage.sv:]
WARNING: [filemgmt 56-199] Attempt to get parsing info during refresh. "On-the-fly" syntax checking information may be incorrect. [/home/rohankr2/projects/risc-v/risc-v/risc-v.srcs/sources_1/new/fetch_stage.sv:]
WARNING: [filemgmt 56-199] Attempt to get parsing info during refresh. "On-the-fly" syntax checking information may be incorrect. [/home/rohankr2/projects/risc-v/risc-v/risc-v.srcs/sources_1/new/tb_top.sv:]
WARNING: [filemgmt 56-199] Attempt to get parsing info during refresh. "On-the-fly" syntax checking information may be incorrect. [/home/rohankr2/projects/risc-v/risc-v/risc-v.srcs/sources_1/new/execute_stage.sv:]
WARNING: [filemgmt 56-199] Attempt to get parsing info during refresh. "On-the-fly" syntax checking information may be incorrect. [/home/rohankr2/projects/risc-v/risc-v/risc-v.srcs/sources_1/new/tb_top.sv:]
WARNING: [filemgmt 56-199] Attempt to get parsing info during refresh. "On-the-fly" syntax checking information may be incorrect. [/home/rohankr2/projects/risc-v/risc-v/risc-v.srcs/sources_1/new/tb_top.sv:]
reset_run synth_1
INFO: [Project 1-1161] Replacing file /home/rohankr2/projects/risc-v/risc-v/risc-v.srcs/utils_1/imports/synth_1/instruction_memory.dcp with file /home/rohankr2/projects/risc-v/risc-v/risc-v.runs/synth_1/top.dcp
WARNING: [filemgmt 56-199] Attempt to get parsing info during refresh. "On-the-fly" syntax checking information may be incorrect. [/home/rohankr2/projects/risc-v/risc-v/risc-v.srcs/sources_1/new/decode_stage.sv:]
WARNING: [filemgmt 56-199] Attempt to get parsing info during refresh. "On-the-fly" syntax checking information may be incorrect. [/home/rohankr2/projects/risc-v/risc-v/risc-v.srcs/sources_1/new/fetch_stage.sv:]
WARNING: [filemgmt 56-199] Attempt to get parsing info during refresh. "On-the-fly" syntax checking information may be incorrect. [/home/rohankr2/projects/risc-v/risc-v/risc-v.srcs/sources_1/new/tb_top.sv:]
WARNING: [filemgmt 56-199] Attempt to get parsing info during refresh. "On-the-fly" syntax checking information may be incorrect. [/home/rohankr2/projects/risc-v/risc-v/risc-v.srcs/sources_1/new/execute_stage.sv:]
WARNING: [filemgmt 56-199] Attempt to get parsing info during refresh. "On-the-fly" syntax checking information may be incorrect. [/home/rohankr2/projects/risc-v/risc-v/risc-v.srcs/sources_1/new/execute_stage.sv:]
WARNING: [filemgmt 56-199] Attempt to get parsing info during refresh. "On-the-fly" syntax checking information may be incorrect. [/home/rohankr2/projects/risc-v/risc-v/risc-v.srcs/sources_1/new/execute_stage.sv:]
WARNING: [filemgmt 56-199] Attempt to get parsing info during refresh. "On-the-fly" syntax checking information may be incorrect. [/home/rohankr2/projects/risc-v/risc-v/risc-v.srcs/sources_1/new/decode_stage.sv:]
WARNING: [filemgmt 56-199] Attempt to get parsing info during refresh. "On-the-fly" syntax checking information may be incorrect. [/home/rohankr2/projects/risc-v/risc-v/risc-v.srcs/sources_1/new/fetch_stage.sv:]
WARNING: [filemgmt 56-199] Attempt to get parsing info during refresh. "On-the-fly" syntax checking information may be incorrect. [/home/rohankr2/projects/risc-v/risc-v/risc-v.srcs/sources_1/new/tb_top.sv:]
WARNING: [filemgmt 56-199] Attempt to get parsing info during refresh. "On-the-fly" syntax checking information may be incorrect. [/home/rohankr2/projects/risc-v/risc-v/risc-v.srcs/sources_1/new/execute_stage.sv:]
WARNING: [filemgmt 56-199] Attempt to get parsing info during refresh. "On-the-fly" syntax checking information may be incorrect. [/home/rohankr2/projects/risc-v/risc-v/risc-v.srcs/sources_1/new/fetch_stage.sv:]
WARNING: [filemgmt 56-199] Attempt to get parsing info during refresh. "On-the-fly" syntax checking information may be incorrect. [/home/rohankr2/projects/risc-v/risc-v/risc-v.srcs/sources_1/new/fetch_stage.sv:]
WARNING: [filemgmt 56-199] Attempt to get parsing info during refresh. "On-the-fly" syntax checking information may be incorrect. [/home/rohankr2/projects/risc-v/risc-v/risc-v.srcs/sources_1/new/decode_stage.sv:]
WARNING: [filemgmt 56-199] Attempt to get parsing info during refresh. "On-the-fly" syntax checking information may be incorrect. [/home/rohankr2/projects/risc-v/risc-v/risc-v.srcs/sources_1/new/fetch_stage.sv:]
WARNING: [filemgmt 56-199] Attempt to get parsing info during refresh. "On-the-fly" syntax checking information may be incorrect. [/home/rohankr2/projects/risc-v/risc-v/risc-v.srcs/sources_1/new/tb_top.sv:]
WARNING: [filemgmt 56-199] Attempt to get parsing info during refresh. "On-the-fly" syntax checking information may be incorrect. [/home/rohankr2/projects/risc-v/risc-v/risc-v.srcs/sources_1/new/execute_stage.sv:]
WARNING: [filemgmt 56-199] Attempt to get parsing info during refresh. "On-the-fly" syntax checking information may be incorrect. [/home/rohankr2/projects/risc-v/risc-v/risc-v.srcs/sources_1/new/tb_top.sv:]
WARNING: [filemgmt 56-199] Attempt to get parsing info during refresh. "On-the-fly" syntax checking information may be incorrect. [/home/rohankr2/projects/risc-v/risc-v/risc-v.srcs/sources_1/new/tb_top.sv:]
launch_runs impl_1 -jobs 6
[Fri Apr  3 22:23:35 2026] Launched synth_1...
Run output will be captured here: /home/rohankr2/projects/risc-v/risc-v/risc-v.runs/synth_1/runme.log
[Fri Apr  3 22:23:35 2026] Launched impl_1...
Run output will be captured here: /home/rohankr2/projects/risc-v/risc-v/risc-v.runs/impl_1/runme.log
close_design
WARNING: [filemgmt 56-199] Attempt to get parsing info during refresh. "On-the-fly" syntax checking information may be incorrect. [/home/rohankr2/projects/risc-v/risc-v/risc-v.srcs/sources_1/new/decode_stage.sv:]
WARNING: [filemgmt 56-199] Attempt to get parsing info during refresh. "On-the-fly" syntax checking information may be incorrect. [/home/rohankr2/projects/risc-v/risc-v/risc-v.srcs/sources_1/new/fetch_stage.sv:]
WARNING: [filemgmt 56-199] Attempt to get parsing info during refresh. "On-the-fly" syntax checking information may be incorrect. [/home/rohankr2/projects/risc-v/risc-v/risc-v.srcs/sources_1/new/tb_top.sv:]
WARNING: [filemgmt 56-199] Attempt to get parsing info during refresh. "On-the-fly" syntax checking information may be incorrect. [/home/rohankr2/projects/risc-v/risc-v/risc-v.srcs/sources_1/new/execute_stage.sv:]
WARNING: [filemgmt 56-199] Attempt to get parsing info during refresh. "On-the-fly" syntax checking information may be incorrect. [/home/rohankr2/projects/risc-v/risc-v/risc-v.srcs/sources_1/new/execute_stage.sv:]
WARNING: [filemgmt 56-199] Attempt to get parsing info during refresh. "On-the-fly" syntax checking information may be incorrect. [/home/rohankr2/projects/risc-v/risc-v/risc-v.srcs/sources_1/new/execute_stage.sv:]
WARNING: [filemgmt 56-199] Attempt to get parsing info during refresh. "On-the-fly" syntax checking information may be incorrect. [/home/rohankr2/projects/risc-v/risc-v/risc-v.srcs/sources_1/new/decode_stage.sv:]
WARNING: [filemgmt 56-199] Attempt to get parsing info during refresh. "On-the-fly" syntax checking information may be incorrect. [/home/rohankr2/projects/risc-v/risc-v/risc-v.srcs/sources_1/new/fetch_stage.sv:]
WARNING: [filemgmt 56-199] Attempt to get parsing info during refresh. "On-the-fly" syntax checking information may be incorrect. [/home/rohankr2/projects/risc-v/risc-v/risc-v.srcs/sources_1/new/tb_top.sv:]
WARNING: [filemgmt 56-199] Attempt to get parsing info during refresh. "On-the-fly" syntax checking information may be incorrect. [/home/rohankr2/projects/risc-v/risc-v/risc-v.srcs/sources_1/new/execute_stage.sv:]
WARNING: [filemgmt 56-199] Attempt to get parsing info during refresh. "On-the-fly" syntax checking information may be incorrect. [/home/rohankr2/projects/risc-v/risc-v/risc-v.srcs/sources_1/new/decode_stage.sv:]
WARNING: [filemgmt 56-199] Attempt to get parsing info during refresh. "On-the-fly" syntax checking information may be incorrect. [/home/rohankr2/projects/risc-v/risc-v/risc-v.srcs/sources_1/new/decode_stage.sv:]
WARNING: [filemgmt 56-199] Attempt to get parsing info during refresh. "On-the-fly" syntax checking information may be incorrect. [/home/rohankr2/projects/risc-v/risc-v/risc-v.srcs/sources_1/new/decode_stage.sv:]
WARNING: [filemgmt 56-199] Attempt to get parsing info during refresh. "On-the-fly" syntax checking information may be incorrect. [/home/rohankr2/projects/risc-v/risc-v/risc-v.srcs/sources_1/new/fetch_stage.sv:]
WARNING: [filemgmt 56-199] Attempt to get parsing info during refresh. "On-the-fly" syntax checking information may be incorrect. [/home/rohankr2/projects/risc-v/risc-v/risc-v.srcs/sources_1/new/tb_top.sv:]
WARNING: [filemgmt 56-199] Attempt to get parsing info during refresh. "On-the-fly" syntax checking information may be incorrect. [/home/rohankr2/projects/risc-v/risc-v/risc-v.srcs/sources_1/new/execute_stage.sv:]
WARNING: [filemgmt 56-199] Attempt to get parsing info during refresh. "On-the-fly" syntax checking information may be incorrect. [/home/rohankr2/projects/risc-v/risc-v/risc-v.srcs/sources_1/new/tb_top.sv:]
WARNING: [filemgmt 56-199] Attempt to get parsing info during refresh. "On-the-fly" syntax checking information may be incorrect. [/home/rohankr2/projects/risc-v/risc-v/risc-v.srcs/sources_1/new/tb_top.sv:]
open_run impl_1
Netlist sorting complete. Time (s): cpu = 00:00:00 ; elapsed = 00:00:00 . Memory (MB): peak = 12106.051 ; gain = 0.000 ; free physical = 5168 ; free virtual = 13109
INFO: [Netlist 29-17] Analyzing 79 Unisim elements for replacement
INFO: [Netlist 29-28] Unisim Transformation completed in 0 CPU seconds
WARNING: [Netlist 29-101] Netlist 'top' is not ideal for floorplanning, since the cellview 'execute_stage' contains a large number of primitives.  Please consider enabling hierarchy in synthesis if you want to do floorplanning.
INFO: [Project 1-479] Netlist was created with Vivado 2025.1
INFO: [Project 1-570] Preparing netlist for logic optimization
Read ShapeDB Complete: Time (s): cpu = 00:00:00 ; elapsed = 00:00:00.01 . Memory (MB): peak = 12106.051 ; gain = 0.000 ; free physical = 5168 ; free virtual = 13109
INFO: [Timing 38-478] Restoring timing data from binary archive.
INFO: [Timing 38-479] Binary timing data restore complete.
INFO: [Project 1-856] Restoring constraints from binary archive.
INFO: [Project 1-853] Binary constraint restore complete.
INFO: [Designutils 20-5722] Start Reading Physical Databases.
Reading placement.
Read Netlist Cache: Time (s): cpu = 00:00:00 ; elapsed = 00:00:00 . Memory (MB): peak = 12128.043 ; gain = 0.000 ; free physical = 5137 ; free virtual = 13078
Reading placer database...
Read Device Cache: Time (s): cpu = 00:00:00 ; elapsed = 00:00:00 . Memory (MB): peak = 12128.043 ; gain = 0.000 ; free physical = 5137 ; free virtual = 13078
Read PlaceDB: Time (s): cpu = 00:00:00.04 ; elapsed = 00:00:00.04 . Memory (MB): peak = 12128.043 ; gain = 0.000 ; free physical = 5137 ; free virtual = 13078
Read PulsedLatchDB: Time (s): cpu = 00:00:00 ; elapsed = 00:00:00 . Memory (MB): peak = 12128.043 ; gain = 0.000 ; free physical = 5137 ; free virtual = 13078
Reading routing.
Read RouteStorage: Time (s): cpu = 00:00:00.02 ; elapsed = 00:00:00.01 . Memory (MB): peak = 12128.043 ; gain = 0.000 ; free physical = 5137 ; free virtual = 13078
Read Physdb Files: Time (s): cpu = 00:00:00.06 ; elapsed = 00:00:00.07 . Memory (MB): peak = 12128.043 ; gain = 0.000 ; free physical = 5137 ; free virtual = 13078
Restored from archive | CPU: 0.060000 secs | Memory: 2.226311 MB |
Finished XDEF File Restore: Time (s): cpu = 00:00:00.06 ; elapsed = 00:00:00.07 . Memory (MB): peak = 12128.043 ; gain = 0.000 ; free physical = 5137 ; free virtual = 13078
Netlist sorting complete. Time (s): cpu = 00:00:00 ; elapsed = 00:00:00 . Memory (MB): peak = 12128.043 ; gain = 0.000 ; free physical = 5137 ; free virtual = 13078
INFO: [Project 1-111] Unisim Transformation Summary:
  A total of 14 instances were transformed.
  RAM32M => RAM32M (RAMD32(x6), RAMS32(x2)): 10 instances
  RAM32X1D => RAM32X1D (RAMD32(x2)): 4 instances

open_run: Time (s): cpu = 00:00:08 ; elapsed = 00:00:06 . Memory (MB): peak = 12172.070 ; gain = 66.020 ; free physical = 5048 ; free virtual = 12993
WARNING: [filemgmt 56-199] Attempt to get parsing info during refresh. "On-the-fly" syntax checking information may be incorrect. [/home/rohankr2/projects/risc-v/risc-v/risc-v.srcs/sources_1/new/decode_stage.sv:]
WARNING: [filemgmt 56-199] Attempt to get parsing info during refresh. "On-the-fly" syntax checking information may be incorrect. [/home/rohankr2/projects/risc-v/risc-v/risc-v.srcs/sources_1/new/fetch_stage.sv:]
WARNING: [filemgmt 56-199] Attempt to get parsing info during refresh. "On-the-fly" syntax checking information may be incorrect. [/home/rohankr2/projects/risc-v/risc-v/risc-v.srcs/sources_1/new/tb_top.sv:]
WARNING: [filemgmt 56-199] Attempt to get parsing info during refresh. "On-the-fly" syntax checking information may be incorrect. [/home/rohankr2/projects/risc-v/risc-v/risc-v.srcs/sources_1/new/execute_stage.sv:]
WARNING: [filemgmt 56-199] Attempt to get parsing info during refresh. "On-the-fly" syntax checking information may be incorrect. [/home/rohankr2/projects/risc-v/risc-v/risc-v.srcs/sources_1/new/decode_stage.sv:]
WARNING: [filemgmt 56-199] Attempt to get parsing info during refresh. "On-the-fly" syntax checking information may be incorrect. [/home/rohankr2/projects/risc-v/risc-v/risc-v.srcs/sources_1/new/decode_stage.sv:]
WARNING: [filemgmt 56-199] Attempt to get parsing info during refresh. "On-the-fly" syntax checking information may be incorrect. [/home/rohankr2/projects/risc-v/risc-v/risc-v.srcs/sources_1/new/decode_stage.sv:]
WARNING: [filemgmt 56-199] Attempt to get parsing info during refresh. "On-the-fly" syntax checking information may be incorrect. [/home/rohankr2/projects/risc-v/risc-v/risc-v.srcs/sources_1/new/fetch_stage.sv:]
WARNING: [filemgmt 56-199] Attempt to get parsing info during refresh. "On-the-fly" syntax checking information may be incorrect. [/home/rohankr2/projects/risc-v/risc-v/risc-v.srcs/sources_1/new/tb_top.sv:]
WARNING: [filemgmt 56-199] Attempt to get parsing info during refresh. "On-the-fly" syntax checking information may be incorrect. [/home/rohankr2/projects/risc-v/risc-v/risc-v.srcs/sources_1/new/execute_stage.sv:]
WARNING: [filemgmt 56-199] Attempt to get parsing info during refresh. "On-the-fly" syntax checking information may be incorrect. [/home/rohankr2/projects/risc-v/risc-v/risc-v.srcs/sources_1/new/tb_top.sv:]
WARNING: [filemgmt 56-199] Attempt to get parsing info during refresh. "On-the-fly" syntax checking information may be incorrect. [/home/rohankr2/projects/risc-v/risc-v/risc-v.srcs/sources_1/new/tb_top.sv:]
WARNING: [filemgmt 56-199] Attempt to get parsing info during refresh. "On-the-fly" syntax checking information may be incorrect. [/home/rohankr2/projects/risc-v/risc-v/risc-v.srcs/sources_1/new/decode_stage.sv:]
WARNING: [filemgmt 56-199] Attempt to get parsing info during refresh. "On-the-fly" syntax checking information may be incorrect. [/home/rohankr2/projects/risc-v/risc-v/risc-v.srcs/sources_1/new/fetch_stage.sv:]
WARNING: [filemgmt 56-199] Attempt to get parsing info during refresh. "On-the-fly" syntax checking information may be incorrect. [/home/rohankr2/projects/risc-v/risc-v/risc-v.srcs/sources_1/new/tb_top.sv:]
WARNING: [filemgmt 56-199] Attempt to get parsing info during refresh. "On-the-fly" syntax checking information may be incorrect. [/home/rohankr2/projects/risc-v/risc-v/risc-v.srcs/sources_1/new/execute_stage.sv:]
WARNING: [filemgmt 56-199] Attempt to get parsing info during refresh. "On-the-fly" syntax checking information may be incorrect. [/home/rohankr2/projects/risc-v/risc-v/risc-v.srcs/sources_1/new/fetch_stage.sv:]
WARNING: [filemgmt 56-199] Attempt to get parsing info during refresh. "On-the-fly" syntax checking information may be incorrect. [/home/rohankr2/projects/risc-v/risc-v/risc-v.srcs/sources_1/new/fetch_stage.sv:]
reset_run synth_1
INFO: [Project 1-1161] Replacing file /home/rohankr2/projects/risc-v/risc-v/risc-v.srcs/utils_1/imports/synth_1/instruction_memory.dcp with file /home/rohankr2/projects/risc-v/risc-v/risc-v.runs/synth_1/top.dcp
WARNING: [filemgmt 56-199] Attempt to get parsing info during refresh. "On-the-fly" syntax checking information may be incorrect. [/home/rohankr2/projects/risc-v/risc-v/risc-v.srcs/sources_1/new/decode_stage.sv:]
WARNING: [filemgmt 56-199] Attempt to get parsing info during refresh. "On-the-fly" syntax checking information may be incorrect. [/home/rohankr2/projects/risc-v/risc-v/risc-v.srcs/sources_1/new/fetch_stage.sv:]
WARNING: [filemgmt 56-199] Attempt to get parsing info during refresh. "On-the-fly" syntax checking information may be incorrect. [/home/rohankr2/projects/risc-v/risc-v/risc-v.srcs/sources_1/new/tb_top.sv:]
WARNING: [filemgmt 56-199] Attempt to get parsing info during refresh. "On-the-fly" syntax checking information may be incorrect. [/home/rohankr2/projects/risc-v/risc-v/risc-v.srcs/sources_1/new/execute_stage.sv:]
WARNING: [filemgmt 56-199] Attempt to get parsing info during refresh. "On-the-fly" syntax checking information may be incorrect. [/home/rohankr2/projects/risc-v/risc-v/risc-v.srcs/sources_1/new/decode_stage.sv:]
WARNING: [filemgmt 56-199] Attempt to get parsing info during refresh. "On-the-fly" syntax checking information may be incorrect. [/home/rohankr2/projects/risc-v/risc-v/risc-v.srcs/sources_1/new/decode_stage.sv:]
WARNING: [filemgmt 56-199] Attempt to get parsing info during refresh. "On-the-fly" syntax checking information may be incorrect. [/home/rohankr2/projects/risc-v/risc-v/risc-v.srcs/sources_1/new/decode_stage.sv:]
WARNING: [filemgmt 56-199] Attempt to get parsing info during refresh. "On-the-fly" syntax checking information may be incorrect. [/home/rohankr2/projects/risc-v/risc-v/risc-v.srcs/sources_1/new/fetch_stage.sv:]
WARNING: [filemgmt 56-199] Attempt to get parsing info during refresh. "On-the-fly" syntax checking information may be incorrect. [/home/rohankr2/projects/risc-v/risc-v/risc-v.srcs/sources_1/new/tb_top.sv:]
WARNING: [filemgmt 56-199] Attempt to get parsing info during refresh. "On-the-fly" syntax checking information may be incorrect. [/home/rohankr2/projects/risc-v/risc-v/risc-v.srcs/sources_1/new/execute_stage.sv:]
WARNING: [filemgmt 56-199] Attempt to get parsing info during refresh. "On-the-fly" syntax checking information may be incorrect. [/home/rohankr2/projects/risc-v/risc-v/risc-v.srcs/sources_1/new/fetch_stage.sv:]
WARNING: [filemgmt 56-199] Attempt to get parsing info during refresh. "On-the-fly" syntax checking information may be incorrect. [/home/rohankr2/projects/risc-v/risc-v/risc-v.srcs/sources_1/new/fetch_stage.sv:]
WARNING: [filemgmt 56-199] Attempt to get parsing info during refresh. "On-the-fly" syntax checking information may be incorrect. [/home/rohankr2/projects/risc-v/risc-v/risc-v.srcs/sources_1/new/decode_stage.sv:]
WARNING: [filemgmt 56-199] Attempt to get parsing info during refresh. "On-the-fly" syntax checking information may be incorrect. [/home/rohankr2/projects/risc-v/risc-v/risc-v.srcs/sources_1/new/fetch_stage.sv:]
WARNING: [filemgmt 56-199] Attempt to get parsing info during refresh. "On-the-fly" syntax checking information may be incorrect. [/home/rohankr2/projects/risc-v/risc-v/risc-v.srcs/sources_1/new/tb_top.sv:]
WARNING: [filemgmt 56-199] Attempt to get parsing info during refresh. "On-the-fly" syntax checking information may be incorrect. [/home/rohankr2/projects/risc-v/risc-v/risc-v.srcs/sources_1/new/execute_stage.sv:]
WARNING: [filemgmt 56-199] Attempt to get parsing info during refresh. "On-the-fly" syntax checking information may be incorrect. [/home/rohankr2/projects/risc-v/risc-v/risc-v.srcs/sources_1/new/tb_top.sv:]
WARNING: [filemgmt 56-199] Attempt to get parsing info during refresh. "On-the-fly" syntax checking information may be incorrect. [/home/rohankr2/projects/risc-v/risc-v/risc-v.srcs/sources_1/new/tb_top.sv:]
launch_runs impl_1 -jobs 6
[Fri Apr  3 22:28:34 2026] Launched synth_1...
Run output will be captured here: /home/rohankr2/projects/risc-v/risc-v/risc-v.runs/synth_1/runme.log
[Fri Apr  3 22:28:34 2026] Launched impl_1...
Run output will be captured here: /home/rohankr2/projects/risc-v/risc-v/risc-v.runs/impl_1/runme.log
close_design
open_run impl_1
Netlist sorting complete. Time (s): cpu = 00:00:00 ; elapsed = 00:00:00 . Memory (MB): peak = 12172.070 ; gain = 0.000 ; free physical = 5050 ; free virtual = 12991
INFO: [Netlist 29-17] Analyzing 80 Unisim elements for replacement
INFO: [Netlist 29-28] Unisim Transformation completed in 0 CPU seconds
INFO: [Project 1-479] Netlist was created with Vivado 2025.1
INFO: [Project 1-570] Preparing netlist for logic optimization
Read ShapeDB Complete: Time (s): cpu = 00:00:00 ; elapsed = 00:00:00 . Memory (MB): peak = 12172.070 ; gain = 0.000 ; free physical = 5051 ; free virtual = 12992
INFO: [Timing 38-478] Restoring timing data from binary archive.
INFO: [Timing 38-479] Binary timing data restore complete.
INFO: [Project 1-856] Restoring constraints from binary archive.
INFO: [Project 1-853] Binary constraint restore complete.
INFO: [Designutils 20-5722] Start Reading Physical Databases.
Reading placement.
Read Netlist Cache: Time (s): cpu = 00:00:00 ; elapsed = 00:00:00 . Memory (MB): peak = 12172.070 ; gain = 0.000 ; free physical = 5051 ; free virtual = 12992
Reading placer database...
Read Device Cache: Time (s): cpu = 00:00:00 ; elapsed = 00:00:00.01 . Memory (MB): peak = 12172.070 ; gain = 0.000 ; free physical = 5051 ; free virtual = 12992
Read PlaceDB: Time (s): cpu = 00:00:00.04 ; elapsed = 00:00:00.03 . Memory (MB): peak = 12172.070 ; gain = 0.000 ; free physical = 5051 ; free virtual = 12992
Read PulsedLatchDB: Time (s): cpu = 00:00:00 ; elapsed = 00:00:00 . Memory (MB): peak = 12172.070 ; gain = 0.000 ; free physical = 5051 ; free virtual = 12992
Reading routing.
Read RouteStorage: Time (s): cpu = 00:00:00.02 ; elapsed = 00:00:00.01 . Memory (MB): peak = 12172.070 ; gain = 0.000 ; free physical = 5051 ; free virtual = 12992
Read Physdb Files: Time (s): cpu = 00:00:00.06 ; elapsed = 00:00:00.06 . Memory (MB): peak = 12172.070 ; gain = 0.000 ; free physical = 5051 ; free virtual = 12992
Restored from archive | CPU: 0.060000 secs | Memory: 1.898430 MB |
Finished XDEF File Restore: Time (s): cpu = 00:00:00.06 ; elapsed = 00:00:00.06 . Memory (MB): peak = 12172.070 ; gain = 0.000 ; free physical = 5051 ; free virtual = 12992
Netlist sorting complete. Time (s): cpu = 00:00:00 ; elapsed = 00:00:00 . Memory (MB): peak = 12172.070 ; gain = 0.000 ; free physical = 5051 ; free virtual = 12992
INFO: [Project 1-111] Unisim Transformation Summary:
  A total of 14 instances were transformed.
  RAM32M => RAM32M (RAMD32(x6), RAMS32(x2)): 10 instances
  RAM32X1D => RAM32X1D (RAMD32(x2)): 4 instances

open_run: Time (s): cpu = 00:00:06 ; elapsed = 00:00:05 . Memory (MB): peak = 12190.082 ; gain = 18.012 ; free physical = 5127 ; free virtual = 13072
WARNING: [filemgmt 56-199] Attempt to get parsing info during refresh. "On-the-fly" syntax checking information may be incorrect. [/home/rohankr2/projects/risc-v/risc-v/risc-v.srcs/sources_1/new/decode_stage.sv:]
WARNING: [filemgmt 56-199] Attempt to get parsing info during refresh. "On-the-fly" syntax checking information may be incorrect. [/home/rohankr2/projects/risc-v/risc-v/risc-v.srcs/sources_1/new/fetch_stage.sv:]
WARNING: [filemgmt 56-199] Attempt to get parsing info during refresh. "On-the-fly" syntax checking information may be incorrect. [/home/rohankr2/projects/risc-v/risc-v/risc-v.srcs/sources_1/new/tb_top.sv:]
WARNING: [filemgmt 56-199] Attempt to get parsing info during refresh. "On-the-fly" syntax checking information may be incorrect. [/home/rohankr2/projects/risc-v/risc-v/risc-v.srcs/sources_1/new/execute_stage.sv:]
WARNING: [filemgmt 56-199] Attempt to get parsing info during refresh. "On-the-fly" syntax checking information may be incorrect. [/home/rohankr2/projects/risc-v/risc-v/risc-v.srcs/sources_1/new/execute_stage.sv:]
WARNING: [filemgmt 56-199] Attempt to get parsing info during refresh. "On-the-fly" syntax checking information may be incorrect. [/home/rohankr2/projects/risc-v/risc-v/risc-v.srcs/sources_1/new/execute_stage.sv:]
WARNING: [filemgmt 56-199] Attempt to get parsing info during refresh. "On-the-fly" syntax checking information may be incorrect. [/home/rohankr2/projects/risc-v/risc-v/risc-v.srcs/sources_1/new/decode_stage.sv:]
WARNING: [filemgmt 56-199] Attempt to get parsing info during refresh. "On-the-fly" syntax checking information may be incorrect. [/home/rohankr2/projects/risc-v/risc-v/risc-v.srcs/sources_1/new/fetch_stage.sv:]
WARNING: [filemgmt 56-199] Attempt to get parsing info during refresh. "On-the-fly" syntax checking information may be incorrect. [/home/rohankr2/projects/risc-v/risc-v/risc-v.srcs/sources_1/new/tb_top.sv:]
WARNING: [filemgmt 56-199] Attempt to get parsing info during refresh. "On-the-fly" syntax checking information may be incorrect. [/home/rohankr2/projects/risc-v/risc-v/risc-v.srcs/sources_1/new/execute_stage.sv:]
WARNING: [filemgmt 56-199] Attempt to get parsing info during refresh. "On-the-fly" syntax checking information may be incorrect. [/home/rohankr2/projects/risc-v/risc-v/risc-v.srcs/sources_1/new/decode_stage.sv:]
WARNING: [filemgmt 56-199] Attempt to get parsing info during refresh. "On-the-fly" syntax checking information may be incorrect. [/home/rohankr2/projects/risc-v/risc-v/risc-v.srcs/sources_1/new/decode_stage.sv:]
WARNING: [filemgmt 56-199] Attempt to get parsing info during refresh. "On-the-fly" syntax checking information may be incorrect. [/home/rohankr2/projects/risc-v/risc-v/risc-v.srcs/sources_1/new/decode_stage.sv:]
WARNING: [filemgmt 56-199] Attempt to get parsing info during refresh. "On-the-fly" syntax checking information may be incorrect. [/home/rohankr2/projects/risc-v/risc-v/risc-v.srcs/sources_1/new/fetch_stage.sv:]
WARNING: [filemgmt 56-199] Attempt to get parsing info during refresh. "On-the-fly" syntax checking information may be incorrect. [/home/rohankr2/projects/risc-v/risc-v/risc-v.srcs/sources_1/new/tb_top.sv:]
WARNING: [filemgmt 56-199] Attempt to get parsing info during refresh. "On-the-fly" syntax checking information may be incorrect. [/home/rohankr2/projects/risc-v/risc-v/risc-v.srcs/sources_1/new/execute_stage.sv:]
WARNING: [filemgmt 56-199] Attempt to get parsing info during refresh. "On-the-fly" syntax checking information may be incorrect. [/home/rohankr2/projects/risc-v/risc-v/risc-v.srcs/sources_1/new/tb_top.sv:]
WARNING: [filemgmt 56-199] Attempt to get parsing info during refresh. "On-the-fly" syntax checking information may be incorrect. [/home/rohankr2/projects/risc-v/risc-v/risc-v.srcs/sources_1/new/tb_top.sv:]
open_run synth_1 -name synth_1
Design is defaulting to impl run constrset: constrs_1
Design is defaulting to synth run part: xc7s50csga324-1IL
INFO: [Project 1-5699] Read binary netlist with skipMacroContent - 1
INFO: [Project 1-454] Reading design checkpoint '/home/rohankr2/projects/risc-v/risc-v/risc-v.gen/sources_1/ip/blk_mem_gen_0_1/blk_mem_gen_0.dcp' for cell 'u_fetch/instr_mem/i_mem'
INFO: [Project 1-454] Reading design checkpoint '/home/rohankr2/projects/risc-v/risc-v/risc-v.gen/sources_1/ip/blk_mem_gen_1_1/blk_mem_gen_1.dcp' for cell 'u_memory/main_mem/main_mem_block'
Netlist sorting complete. Time (s): cpu = 00:00:00.02 ; elapsed = 00:00:00.01 . Memory (MB): peak = 12190.082 ; gain = 0.000 ; free physical = 4948 ; free virtual = 12882
INFO: [Netlist 29-17] Analyzing 162 Unisim elements for replacement
INFO: [Netlist 29-28] Unisim Transformation completed in 0 CPU seconds
INFO: [Project 1-479] Netlist was created with Vivado 2025.1
INFO: [Project 1-570] Preparing netlist for logic optimization
Parsing XDC File [/home/rohankr2/projects/risc-v/risc-v/risc-v.srcs/constrs_1/new/constraints.xdc]
Finished Parsing XDC File [/home/rohankr2/projects/risc-v/risc-v/risc-v.srcs/constrs_1/new/constraints.xdc]
INFO: [Opt 31-138] Pushed 0 inverter(s) to 0 load pin(s).
Netlist sorting complete. Time (s): cpu = 00:00:00 ; elapsed = 00:00:00 . Memory (MB): peak = 12246.891 ; gain = 0.000 ; free physical = 4897 ; free virtual = 12830
INFO: [Project 1-111] Unisim Transformation Summary:
  A total of 14 instances were transformed.
  RAM32M => RAM32M (RAMD32(x6), RAMS32(x2)): 10 instances
  RAM32X1D => RAM32X1D (RAMD32(x2)): 4 instances

synth_design -rtl -rtl_skip_mlo -name rtl_1
Command: synth_design -rtl -rtl_skip_mlo -name rtl_1
Starting synth_design
Using part: xc7s50csga324-1IL
Top: top
INFO: [Synth 8-7079] Multithreading enabled for synth_design using a maximum of 7 processes.
INFO: [Synth 8-7078] Launching helper process for spawning children vivado processes
INFO: [Synth 8-7075] Helper process launched with PID 1183968
---------------------------------------------------------------------------------
Starting RTL Elaboration : Time (s): cpu = 00:00:03 ; elapsed = 00:00:03 . Memory (MB): peak = 12762.824 ; gain = 428.684 ; free physical = 4197 ; free virtual = 12131
---------------------------------------------------------------------------------
INFO: [Synth 8-6157] synthesizing module 'top' [/home/rohankr2/projects/risc-v/risc-v/risc-v.srcs/sources_1/new/top.sv:3]
INFO: [Synth 8-6157] synthesizing module 'fetch_stage' [/home/rohankr2/projects/risc-v/risc-v/risc-v.srcs/sources_1/new/fetch_stage.sv:6]
INFO: [Synth 8-6157] synthesizing module 'instruction_memory' [/home/rohankr2/projects/risc-v/risc-v/risc-v.srcs/sources_1/new/instruction_memory.sv:22]
INFO: [Synth 8-6157] synthesizing module 'blk_mem_gen_0' [/home/rohankr2/projects/risc-v/risc-v/risc-v.srcs/sources_1/new/.Xil/Vivado-657949-gelib-4e-30.ews.illinois.edu/realtime/blk_mem_gen_0_stub.v:6]
INFO: [Synth 8-6155] done synthesizing module 'blk_mem_gen_0' (0#1) [/home/rohankr2/projects/risc-v/risc-v/risc-v.srcs/sources_1/new/.Xil/Vivado-657949-gelib-4e-30.ews.illinois.edu/realtime/blk_mem_gen_0_stub.v:6]
INFO: [Synth 8-6155] done synthesizing module 'instruction_memory' (0#1) [/home/rohankr2/projects/risc-v/risc-v/risc-v.srcs/sources_1/new/instruction_memory.sv:22]
INFO: [Synth 8-6155] done synthesizing module 'fetch_stage' (0#1) [/home/rohankr2/projects/risc-v/risc-v/risc-v.srcs/sources_1/new/fetch_stage.sv:6]
INFO: [Synth 8-6157] synthesizing module 'decode_stage' [/home/rohankr2/projects/risc-v/risc-v/risc-v.srcs/sources_1/new/decode_stage.sv:3]
INFO: [Synth 8-6155] done synthesizing module 'decode_stage' (0#1) [/home/rohankr2/projects/risc-v/risc-v/risc-v.srcs/sources_1/new/decode_stage.sv:3]
INFO: [Synth 8-6157] synthesizing module 'execute_stage' [/home/rohankr2/projects/risc-v/risc-v/risc-v.srcs/sources_1/new/execute_stage.sv:2]
INFO: [Synth 8-6155] done synthesizing module 'execute_stage' (0#1) [/home/rohankr2/projects/risc-v/risc-v/risc-v.srcs/sources_1/new/execute_stage.sv:2]
INFO: [Synth 8-6157] synthesizing module 'memory_stage' [/home/rohankr2/projects/risc-v/risc-v/risc-v.srcs/sources_1/new/memory_stage.sv:23]
INFO: [Synth 8-6157] synthesizing module 'main_memory' [/home/rohankr2/projects/risc-v/risc-v/risc-v.srcs/sources_1/new/main_memory.sv:23]
INFO: [Synth 8-6157] synthesizing module 'blk_mem_gen_1' [/home/rohankr2/projects/risc-v/risc-v/risc-v.srcs/sources_1/new/.Xil/Vivado-657949-gelib-4e-30.ews.illinois.edu/realtime/blk_mem_gen_1_stub.v:6]
INFO: [Synth 8-6155] done synthesizing module 'blk_mem_gen_1' (0#1) [/home/rohankr2/projects/risc-v/risc-v/risc-v.srcs/sources_1/new/.Xil/Vivado-657949-gelib-4e-30.ews.illinois.edu/realtime/blk_mem_gen_1_stub.v:6]
INFO: [Synth 8-6155] done synthesizing module 'main_memory' (0#1) [/home/rohankr2/projects/risc-v/risc-v/risc-v.srcs/sources_1/new/main_memory.sv:23]
INFO: [Synth 8-6155] done synthesizing module 'memory_stage' (0#1) [/home/rohankr2/projects/risc-v/risc-v/risc-v.srcs/sources_1/new/memory_stage.sv:23]
INFO: [Synth 8-6157] synthesizing module 'writeback_stage' [/home/rohankr2/projects/risc-v/risc-v/risc-v.srcs/sources_1/new/writeback_stage.sv:3]
INFO: [Synth 8-6155] done synthesizing module 'writeback_stage' (0#1) [/home/rohankr2/projects/risc-v/risc-v/risc-v.srcs/sources_1/new/writeback_stage.sv:3]
INFO: [Synth 8-6155] done synthesizing module 'top' (0#1) [/home/rohankr2/projects/risc-v/risc-v/risc-v.srcs/sources_1/new/top.sv:3]
WARNING: [Synth 8-6014] Unused sequential element rs2_reg was removed.  [/home/rohankr2/projects/risc-v/risc-v/risc-v.srcs/sources_1/new/execute_stage.sv:96]
WARNING: [Synth 8-6014] Unused sequential element id_ex_s0_reg[rs1] was removed.  [/home/rohankr2/projects/risc-v/risc-v/risc-v.srcs/sources_1/new/execute_stage.sv:98]
WARNING: [Synth 8-6014] Unused sequential element id_ex_s0_reg[control_bits][invert_alu] was removed.  [/home/rohankr2/projects/risc-v/risc-v/risc-v.srcs/sources_1/new/execute_stage.sv:98]
WARNING: [Synth 8-6014] Unused sequential element id_ex_s0_reg[immediates][immB] was removed.  [/home/rohankr2/projects/risc-v/risc-v/risc-v.srcs/sources_1/new/execute_stage.sv:98]
WARNING: [Synth 8-6014] Unused sequential element id_ex_s0_reg[immediates][immU] was removed.  [/home/rohankr2/projects/risc-v/risc-v/risc-v.srcs/sources_1/new/execute_stage.sv:98]
WARNING: [Synth 8-6014] Unused sequential element id_ex_s1_reg[rs1] was removed.  [/home/rohankr2/projects/risc-v/risc-v/risc-v.srcs/sources_1/new/execute_stage.sv:105]
WARNING: [Synth 8-6014] Unused sequential element id_ex_s1_reg[pc] was removed.  [/home/rohankr2/projects/risc-v/risc-v/risc-v.srcs/sources_1/new/execute_stage.sv:105]
WARNING: [Synth 8-6014] Unused sequential element id_ex_s1_reg[control_bits][invert_alu] was removed.  [/home/rohankr2/projects/risc-v/risc-v/risc-v.srcs/sources_1/new/execute_stage.sv:105]
WARNING: [Synth 8-6014] Unused sequential element id_ex_s1_reg[immediates][immB] was removed.  [/home/rohankr2/projects/risc-v/risc-v/risc-v.srcs/sources_1/new/execute_stage.sv:105]
WARNING: [Synth 8-6014] Unused sequential element id_ex_s1_reg[immediates][immU] was removed.  [/home/rohankr2/projects/risc-v/risc-v/risc-v.srcs/sources_1/new/execute_stage.sv:105]
WARNING: [Synth 8-6014] Unused sequential element id_ex_s1_reg[immediates][immJ] was removed.  [/home/rohankr2/projects/risc-v/risc-v/risc-v.srcs/sources_1/new/execute_stage.sv:105]
WARNING: [Synth 8-6014] Unused sequential element id_ex_s2_reg[rs1] was removed.  [/home/rohankr2/projects/risc-v/risc-v/risc-v.srcs/sources_1/new/execute_stage.sv:172]
WARNING: [Synth 8-6014] Unused sequential element id_ex_s2_reg[pc] was removed.  [/home/rohankr2/projects/risc-v/risc-v/risc-v.srcs/sources_1/new/execute_stage.sv:172]
WARNING: [Synth 8-6014] Unused sequential element id_ex_s2_reg[control_bits][invert_alu] was removed.  [/home/rohankr2/projects/risc-v/risc-v/risc-v.srcs/sources_1/new/execute_stage.sv:172]
WARNING: [Synth 8-6014] Unused sequential element id_ex_s2_reg[immediates][immI] was removed.  [/home/rohankr2/projects/risc-v/risc-v/risc-v.srcs/sources_1/new/execute_stage.sv:172]
WARNING: [Synth 8-6014] Unused sequential element id_ex_s2_reg[immediates][immS] was removed.  [/home/rohankr2/projects/risc-v/risc-v/risc-v.srcs/sources_1/new/execute_stage.sv:172]
WARNING: [Synth 8-6014] Unused sequential element id_ex_s2_reg[immediates][immB] was removed.  [/home/rohankr2/projects/risc-v/risc-v/risc-v.srcs/sources_1/new/execute_stage.sv:172]
WARNING: [Synth 8-6014] Unused sequential element id_ex_s2_reg[immediates][immU] was removed.  [/home/rohankr2/projects/risc-v/risc-v/risc-v.srcs/sources_1/new/execute_stage.sv:172]
WARNING: [Synth 8-6014] Unused sequential element id_ex_s2_reg[immediates][immJ] was removed.  [/home/rohankr2/projects/risc-v/risc-v/risc-v.srcs/sources_1/new/execute_stage.sv:172]
WARNING: [Synth 8-6014] Unused sequential element id_ex_s2_reg[func7] was removed.  [/home/rohankr2/projects/risc-v/risc-v/risc-v.srcs/sources_1/new/execute_stage.sv:172]
WARNING: [Synth 8-6014] Unused sequential element id_ex_s3_reg[rs1] was removed.  [/home/rohankr2/projects/risc-v/risc-v/risc-v.srcs/sources_1/new/execute_stage.sv:184]
WARNING: [Synth 8-6014] Unused sequential element id_ex_s3_reg[pc] was removed.  [/home/rohankr2/projects/risc-v/risc-v/risc-v.srcs/sources_1/new/execute_stage.sv:184]
WARNING: [Synth 8-6014] Unused sequential element id_ex_s3_reg[control_bits][invert_alu] was removed.  [/home/rohankr2/projects/risc-v/risc-v/risc-v.srcs/sources_1/new/execute_stage.sv:184]
WARNING: [Synth 8-6014] Unused sequential element id_ex_s3_reg[immediates][immI] was removed.  [/home/rohankr2/projects/risc-v/risc-v/risc-v.srcs/sources_1/new/execute_stage.sv:184]
WARNING: [Synth 8-6014] Unused sequential element id_ex_s3_reg[immediates][immS] was removed.  [/home/rohankr2/projects/risc-v/risc-v/risc-v.srcs/sources_1/new/execute_stage.sv:184]
WARNING: [Synth 8-6014] Unused sequential element id_ex_s3_reg[immediates][immB] was removed.  [/home/rohankr2/projects/risc-v/risc-v/risc-v.srcs/sources_1/new/execute_stage.sv:184]
WARNING: [Synth 8-6014] Unused sequential element id_ex_s3_reg[immediates][immU] was removed.  [/home/rohankr2/projects/risc-v/risc-v/risc-v.srcs/sources_1/new/execute_stage.sv:184]
WARNING: [Synth 8-6014] Unused sequential element id_ex_s3_reg[immediates][immJ] was removed.  [/home/rohankr2/projects/risc-v/risc-v/risc-v.srcs/sources_1/new/execute_stage.sv:184]
WARNING: [Synth 8-6014] Unused sequential element id_ex_s3_reg[func7] was removed.  [/home/rohankr2/projects/risc-v/risc-v/risc-v.srcs/sources_1/new/execute_stage.sv:184]
WARNING: [Synth 8-6014] Unused sequential element sltu_top_equals_reg was removed.  [/home/rohankr2/projects/risc-v/risc-v/risc-v.srcs/sources_1/new/execute_stage.sv:125]
WARNING: [Synth 8-7137] Register mem_wb_reg[valid] in module memory_stage has both Set and reset with same priority. This may cause simulation mismatches. Consider rewriting code  [/home/rohankr2/projects/risc-v/risc-v/risc-v.srcs/sources_1/new/memory_stage.sv:104]
WARNING: [Synth 8-7137] Register mem_wb_reg[rd_addr] in module memory_stage has both Set and reset with same priority. This may cause simulation mismatches. Consider rewriting code  [/home/rohankr2/projects/risc-v/risc-v/risc-v.srcs/sources_1/new/memory_stage.sv:104]
WARNING: [Synth 8-7137] Register mem_wb_reg[opcode] in module memory_stage has both Set and reset with same priority. This may cause simulation mismatches. Consider rewriting code  [/home/rohankr2/projects/risc-v/risc-v/risc-v.srcs/sources_1/new/memory_stage.sv:104]
WARNING: [Synth 8-7137] Register mem_wb_reg[func3] in module memory_stage has both Set and reset with same priority. This may cause simulation mismatches. Consider rewriting code  [/home/rohankr2/projects/risc-v/risc-v/risc-v.srcs/sources_1/new/memory_stage.sv:104]
WARNING: [Synth 8-7137] Register mem_wb_reg[read_data] in module memory_stage has both Set and reset with same priority. This may cause simulation mismatches. Consider rewriting code  [/home/rohankr2/projects/risc-v/risc-v/risc-v.srcs/sources_1/new/memory_stage.sv:104]
WARNING: [Synth 8-7137] Register mem_wb_reg[execute_out] in module memory_stage has both Set and reset with same priority. This may cause simulation mismatches. Consider rewriting code  [/home/rohankr2/projects/risc-v/risc-v/risc-v.srcs/sources_1/new/memory_stage.sv:104]
WARNING: [Synth 8-7137] Register opcode_pr2_reg in module memory_stage has both Set and reset with same priority. This may cause simulation mismatches. Consider rewriting code  [/home/rohankr2/projects/risc-v/risc-v/risc-v.srcs/sources_1/new/memory_stage.sv:106]
WARNING: [Synth 8-7137] Register func3_pr2_reg in module memory_stage has both Set and reset with same priority. This may cause simulation mismatches. Consider rewriting code  [/home/rohankr2/projects/risc-v/risc-v/risc-v.srcs/sources_1/new/memory_stage.sv:107]
WARNING: [Synth 8-7137] Register rd_addr_pr2_reg in module memory_stage has both Set and reset with same priority. This may cause simulation mismatches. Consider rewriting code  [/home/rohankr2/projects/risc-v/risc-v/risc-v.srcs/sources_1/new/memory_stage.sv:109]
WARNING: [Synth 8-7137] Register execute_out_pr2_reg in module memory_stage has both Set and reset with same priority. This may cause simulation mismatches. Consider rewriting code  [/home/rohankr2/projects/risc-v/risc-v/risc-v.srcs/sources_1/new/memory_stage.sv:110]
WARNING: [Synth 8-7137] Register opcode_pr1_reg in module memory_stage has both Set and reset with same priority. This may cause simulation mismatches. Consider rewriting code  [/home/rohankr2/projects/risc-v/risc-v/risc-v.srcs/sources_1/new/memory_stage.sv:113]
WARNING: [Synth 8-7137] Register func3_pr1_reg in module memory_stage has both Set and reset with same priority. This may cause simulation mismatches. Consider rewriting code  [/home/rohankr2/projects/risc-v/risc-v/risc-v.srcs/sources_1/new/memory_stage.sv:114]
WARNING: [Synth 8-7137] Register rd_addr_pr1_reg in module memory_stage has both Set and reset with same priority. This may cause simulation mismatches. Consider rewriting code  [/home/rohankr2/projects/risc-v/risc-v/risc-v.srcs/sources_1/new/memory_stage.sv:116]
WARNING: [Synth 8-7137] Register execute_out_pr1_reg in module memory_stage has both Set and reset with same priority. This may cause simulation mismatches. Consider rewriting code  [/home/rohankr2/projects/risc-v/risc-v/risc-v.srcs/sources_1/new/memory_stage.sv:117]
WARNING: [Synth 8-87] always_comb on 'write_en_reg' did not result in combinational logic [/home/rohankr2/projects/risc-v/risc-v/risc-v.srcs/sources_1/new/memory_stage.sv:67]
WARNING: [Synth 8-3848] Net read_data_out in module/entity memory_stage does not have driver. [/home/rohankr2/projects/risc-v/risc-v/risc-v.srcs/sources_1/new/memory_stage.sv:63]
WARNING: [Synth 8-7129] Port rst_n in module writeback_stage is either unconnected or has no load
WARNING: [Synth 8-7129] Port rst_n in module execute_stage is either unconnected or has no load
WARNING: [Synth 8-7129] Port id_ex[control_bits][invert_alu] in module execute_stage is either unconnected or has no load
WARNING: [Synth 8-7129] Port id_ex[immediates][immB][31] in module execute_stage is either unconnected or has no load
WARNING: [Synth 8-7129] Port id_ex[immediates][immB][30] in module execute_stage is either unconnected or has no load
WARNING: [Synth 8-7129] Port id_ex[immediates][immB][29] in module execute_stage is either unconnected or has no load
WARNING: [Synth 8-7129] Port id_ex[immediates][immB][28] in module execute_stage is either unconnected or has no load
WARNING: [Synth 8-7129] Port id_ex[immediates][immB][27] in module execute_stage is either unconnected or has no load
WARNING: [Synth 8-7129] Port id_ex[immediates][immB][26] in module execute_stage is either unconnected or has no load
WARNING: [Synth 8-7129] Port id_ex[immediates][immB][25] in module execute_stage is either unconnected or has no load
WARNING: [Synth 8-7129] Port id_ex[immediates][immB][24] in module execute_stage is either unconnected or has no load
WARNING: [Synth 8-7129] Port id_ex[immediates][immB][23] in module execute_stage is either unconnected or has no load
WARNING: [Synth 8-7129] Port id_ex[immediates][immB][22] in module execute_stage is either unconnected or has no load
WARNING: [Synth 8-7129] Port id_ex[immediates][immB][21] in module execute_stage is either unconnected or has no load
WARNING: [Synth 8-7129] Port id_ex[immediates][immB][20] in module execute_stage is either unconnected or has no load
WARNING: [Synth 8-7129] Port id_ex[immediates][immB][19] in module execute_stage is either unconnected or has no load
WARNING: [Synth 8-7129] Port id_ex[immediates][immB][18] in module execute_stage is either unconnected or has no load
WARNING: [Synth 8-7129] Port id_ex[immediates][immB][17] in module execute_stage is either unconnected or has no load
WARNING: [Synth 8-7129] Port id_ex[immediates][immB][16] in module execute_stage is either unconnected or has no load
WARNING: [Synth 8-7129] Port id_ex[immediates][immB][15] in module execute_stage is either unconnected or has no load
WARNING: [Synth 8-7129] Port id_ex[immediates][immB][14] in module execute_stage is either unconnected or has no load
WARNING: [Synth 8-7129] Port id_ex[immediates][immB][13] in module execute_stage is either unconnected or has no load
WARNING: [Synth 8-7129] Port id_ex[immediates][immB][12] in module execute_stage is either unconnected or has no load
WARNING: [Synth 8-7129] Port id_ex[immediates][immB][11] in module execute_stage is either unconnected or has no load
WARNING: [Synth 8-7129] Port id_ex[immediates][immB][10] in module execute_stage is either unconnected or has no load
WARNING: [Synth 8-7129] Port id_ex[immediates][immB][9] in module execute_stage is either unconnected or has no load
WARNING: [Synth 8-7129] Port id_ex[immediates][immB][8] in module execute_stage is either unconnected or has no load
WARNING: [Synth 8-7129] Port id_ex[immediates][immB][7] in module execute_stage is either unconnected or has no load
WARNING: [Synth 8-7129] Port id_ex[immediates][immB][6] in module execute_stage is either unconnected or has no load
WARNING: [Synth 8-7129] Port id_ex[immediates][immB][5] in module execute_stage is either unconnected or has no load
WARNING: [Synth 8-7129] Port id_ex[immediates][immB][4] in module execute_stage is either unconnected or has no load
WARNING: [Synth 8-7129] Port id_ex[immediates][immB][3] in module execute_stage is either unconnected or has no load
WARNING: [Synth 8-7129] Port id_ex[immediates][immB][2] in module execute_stage is either unconnected or has no load
WARNING: [Synth 8-7129] Port id_ex[immediates][immB][1] in module execute_stage is either unconnected or has no load
WARNING: [Synth 8-7129] Port id_ex[immediates][immB][0] in module execute_stage is either unconnected or has no load
WARNING: [Synth 8-7129] Port id_ex[immediates][immU][31] in module execute_stage is either unconnected or has no load
WARNING: [Synth 8-7129] Port id_ex[immediates][immU][30] in module execute_stage is either unconnected or has no load
WARNING: [Synth 8-7129] Port id_ex[immediates][immU][29] in module execute_stage is either unconnected or has no load
WARNING: [Synth 8-7129] Port id_ex[immediates][immU][28] in module execute_stage is either unconnected or has no load
WARNING: [Synth 8-7129] Port id_ex[immediates][immU][27] in module execute_stage is either unconnected or has no load
WARNING: [Synth 8-7129] Port id_ex[immediates][immU][26] in module execute_stage is either unconnected or has no load
WARNING: [Synth 8-7129] Port id_ex[immediates][immU][25] in module execute_stage is either unconnected or has no load
WARNING: [Synth 8-7129] Port id_ex[immediates][immU][24] in module execute_stage is either unconnected or has no load
WARNING: [Synth 8-7129] Port id_ex[immediates][immU][23] in module execute_stage is either unconnected or has no load
WARNING: [Synth 8-7129] Port id_ex[immediates][immU][22] in module execute_stage is either unconnected or has no load
WARNING: [Synth 8-7129] Port id_ex[immediates][immU][21] in module execute_stage is either unconnected or has no load
WARNING: [Synth 8-7129] Port id_ex[immediates][immU][20] in module execute_stage is either unconnected or has no load
WARNING: [Synth 8-7129] Port id_ex[immediates][immU][19] in module execute_stage is either unconnected or has no load
WARNING: [Synth 8-7129] Port id_ex[immediates][immU][18] in module execute_stage is either unconnected or has no load
WARNING: [Synth 8-7129] Port id_ex[immediates][immU][17] in module execute_stage is either unconnected or has no load
WARNING: [Synth 8-7129] Port id_ex[immediates][immU][16] in module execute_stage is either unconnected or has no load
WARNING: [Synth 8-7129] Port id_ex[immediates][immU][15] in module execute_stage is either unconnected or has no load
WARNING: [Synth 8-7129] Port id_ex[immediates][immU][14] in module execute_stage is either unconnected or has no load
WARNING: [Synth 8-7129] Port id_ex[immediates][immU][13] in module execute_stage is either unconnected or has no load
WARNING: [Synth 8-7129] Port id_ex[immediates][immU][12] in module execute_stage is either unconnected or has no load
WARNING: [Synth 8-7129] Port id_ex[immediates][immU][11] in module execute_stage is either unconnected or has no load
WARNING: [Synth 8-7129] Port id_ex[immediates][immU][10] in module execute_stage is either unconnected or has no load
WARNING: [Synth 8-7129] Port id_ex[immediates][immU][9] in module execute_stage is either unconnected or has no load
WARNING: [Synth 8-7129] Port id_ex[immediates][immU][8] in module execute_stage is either unconnected or has no load
WARNING: [Synth 8-7129] Port id_ex[immediates][immU][7] in module execute_stage is either unconnected or has no load
WARNING: [Synth 8-7129] Port id_ex[immediates][immU][6] in module execute_stage is either unconnected or has no load
WARNING: [Synth 8-7129] Port id_ex[immediates][immU][5] in module execute_stage is either unconnected or has no load
WARNING: [Synth 8-7129] Port id_ex[immediates][immU][4] in module execute_stage is either unconnected or has no load
WARNING: [Synth 8-7129] Port id_ex[immediates][immU][3] in module execute_stage is either unconnected or has no load
WARNING: [Synth 8-7129] Port id_ex[immediates][immU][2] in module execute_stage is either unconnected or has no load
WARNING: [Synth 8-7129] Port id_ex[immediates][immU][1] in module execute_stage is either unconnected or has no load
WARNING: [Synth 8-7129] Port id_ex[immediates][immU][0] in module execute_stage is either unconnected or has no load
WARNING: [Synth 8-7129] Port if_id[instruction][6] in module decode_stage is either unconnected or has no load
WARNING: [Synth 8-7129] Port if_id[instruction][5] in module decode_stage is either unconnected or has no load
WARNING: [Synth 8-7129] Port if_id[instruction][4] in module decode_stage is either unconnected or has no load
WARNING: [Synth 8-7129] Port if_id[instruction][3] in module decode_stage is either unconnected or has no load
WARNING: [Synth 8-7129] Port if_id[instruction][2] in module decode_stage is either unconnected or has no load
WARNING: [Synth 8-7129] Port if_id[instruction][1] in module decode_stage is either unconnected or has no load
WARNING: [Synth 8-7129] Port if_id[instruction][0] in module decode_stage is either unconnected or has no load
WARNING: [Synth 8-7129] Port execute_pc_JAL_MUX in module fetch_stage is either unconnected or has no load
WARNING: [Synth 8-7129] Port execute_pc_JAL_addr[31] in module fetch_stage is either unconnected or has no load
WARNING: [Synth 8-7129] Port execute_pc_JAL_addr[30] in module fetch_stage is either unconnected or has no load
WARNING: [Synth 8-7129] Port execute_pc_JAL_addr[29] in module fetch_stage is either unconnected or has no load
WARNING: [Synth 8-7129] Port execute_pc_JAL_addr[28] in module fetch_stage is either unconnected or has no load
WARNING: [Synth 8-7129] Port execute_pc_JAL_addr[27] in module fetch_stage is either unconnected or has no load
WARNING: [Synth 8-7129] Port execute_pc_JAL_addr[26] in module fetch_stage is either unconnected or has no load
WARNING: [Synth 8-7129] Port execute_pc_JAL_addr[25] in module fetch_stage is either unconnected or has no load
WARNING: [Synth 8-7129] Port execute_pc_JAL_addr[24] in module fetch_stage is either unconnected or has no load
WARNING: [Synth 8-7129] Port execute_pc_JAL_addr[23] in module fetch_stage is either unconnected or has no load
WARNING: [Synth 8-7129] Port execute_pc_JAL_addr[22] in module fetch_stage is either unconnected or has no load
WARNING: [Synth 8-7129] Port execute_pc_JAL_addr[21] in module fetch_stage is either unconnected or has no load
WARNING: [Synth 8-7129] Port execute_pc_JAL_addr[20] in module fetch_stage is either unconnected or has no load
WARNING: [Synth 8-7129] Port execute_pc_JAL_addr[19] in module fetch_stage is either unconnected or has no load
WARNING: [Synth 8-7129] Port execute_pc_JAL_addr[18] in module fetch_stage is either unconnected or has no load
WARNING: [Synth 8-7129] Port execute_pc_JAL_addr[17] in module fetch_stage is either unconnected or has no load
WARNING: [Synth 8-7129] Port execute_pc_JAL_addr[16] in module fetch_stage is either unconnected or has no load
WARNING: [Synth 8-7129] Port execute_pc_JAL_addr[15] in module fetch_stage is either unconnected or has no load
WARNING: [Synth 8-7129] Port execute_pc_JAL_addr[14] in module fetch_stage is either unconnected or has no load
WARNING: [Synth 8-7129] Port execute_pc_JAL_addr[13] in module fetch_stage is either unconnected or has no load
WARNING: [Synth 8-7129] Port execute_pc_JAL_addr[12] in module fetch_stage is either unconnected or has no load
WARNING: [Synth 8-7129] Port execute_pc_JAL_addr[11] in module fetch_stage is either unconnected or has no load
WARNING: [Synth 8-7129] Port execute_pc_JAL_addr[10] in module fetch_stage is either unconnected or has no load
WARNING: [Synth 8-7129] Port execute_pc_JAL_addr[9] in module fetch_stage is either unconnected or has no load
WARNING: [Synth 8-7129] Port execute_pc_JAL_addr[8] in module fetch_stage is either unconnected or has no load
WARNING: [Synth 8-7129] Port execute_pc_JAL_addr[7] in module fetch_stage is either unconnected or has no load
INFO: [Common 17-14] Message 'Synth 8-7129' appears 100 times and further instances of the messages will be disabled. Use the Tcl command set_msg_config to change the current settings.
---------------------------------------------------------------------------------
Finished RTL Elaboration : Time (s): cpu = 00:00:04 ; elapsed = 00:00:04 . Memory (MB): peak = 12844.762 ; gain = 510.621 ; free physical = 4102 ; free virtual = 12037
---------------------------------------------------------------------------------
---------------------------------------------------------------------------------
Start Handling Custom Attributes
---------------------------------------------------------------------------------
---------------------------------------------------------------------------------
Finished Handling Custom Attributes : Time (s): cpu = 00:00:04 ; elapsed = 00:00:04 . Memory (MB): peak = 12844.762 ; gain = 510.621 ; free physical = 4103 ; free virtual = 12037
---------------------------------------------------------------------------------
---------------------------------------------------------------------------------
Finished RTL Optimization Phase 1 : Time (s): cpu = 00:00:04 ; elapsed = 00:00:04 . Memory (MB): peak = 12844.762 ; gain = 510.621 ; free physical = 4103 ; free virtual = 12037
---------------------------------------------------------------------------------
INFO: [Project 1-454] Reading design checkpoint '/home/rohankr2/projects/risc-v/risc-v/risc-v.gen/sources_1/ip/blk_mem_gen_0_1/blk_mem_gen_0.dcp' for cell 'u_fetch/instr_mem/i_mem'
INFO: [Project 1-454] Reading design checkpoint '/home/rohankr2/projects/risc-v/risc-v/risc-v.gen/sources_1/ip/blk_mem_gen_1_1/blk_mem_gen_1.dcp' for cell 'u_memory/main_mem/main_mem_block'
Netlist sorting complete. Time (s): cpu = 00:00:00.02 ; elapsed = 00:00:00.03 . Memory (MB): peak = 12844.770 ; gain = 0.000 ; free physical = 4260 ; free virtual = 12195
INFO: [Netlist 29-17] Analyzing 102 Unisim elements for replacement
INFO: [Netlist 29-28] Unisim Transformation completed in 0 CPU seconds
INFO: [Project 1-479] Netlist was created with Vivado 2025.1
INFO: [Project 1-570] Preparing netlist for logic optimization

Processing XDC Constraints
Initializing timing engine
Parsing XDC File [/home/rohankr2/projects/risc-v/risc-v/risc-v.srcs/constrs_1/new/constraints.xdc]
Finished Parsing XDC File [/home/rohankr2/projects/risc-v/risc-v/risc-v.srcs/constrs_1/new/constraints.xdc]
Completed Processing XDC Constraints

Netlist sorting complete. Time (s): cpu = 00:00:00 ; elapsed = 00:00:00 . Memory (MB): peak = 12894.574 ; gain = 0.000 ; free physical = 4252 ; free virtual = 12187
INFO: [Project 1-111] Unisim Transformation Summary:
No Unisim elements were transformed.

RTL Elaboration Complete:  : Time (s): cpu = 00:00:06 ; elapsed = 00:00:06 . Memory (MB): peak = 12921.629 ; gain = 587.488 ; free physical = 4247 ; free virtual = 12181
31 Infos, 146 Warnings, 0 Critical Warnings and 0 Errors encountered.
synth_design completed successfully
synth_design: Time (s): cpu = 00:00:06 ; elapsed = 00:00:06 . Memory (MB): peak = 12921.629 ; gain = 587.488 ; free physical = 4247 ; free virtual = 12181
INFO: [Common 17-2834] synth_design peak Physical Memory [PSS] (MB): overall = 3576.073; main = 3576.073; forked = 0.000
INFO: [Common 17-2834] synth_design peak Virtual Memory [VSS] (MB): overall = 12921.598; main = 12921.598; forked = 0.000
launch_simulation
Command: launch_simulation 
INFO: [Vivado 12-12493] Simulation top is 'tb_top'
INFO: [Vivado 12-5698] Checking validity of IPs in the design for the 'XSim' simulator...
INFO: [Vivado 12-5682] Launching behavioral simulation in '/home/rohankr2/projects/risc-v/risc-v/risc-v.sim/sim_1/behav/xsim'
INFO: [Vivado 12-4795] Using compiled simulation libraries for IPs
INFO: [SIM-utils-51] Simulation object is 'sim_1'
INFO: [SIM-utils-72] Using boost library from '/software/xilinx-2025.1/2025.1/Vivado/tps/boost_1_72_0'
INFO: [USF-XSim-7] Finding pre-compiled libraries...
INFO: [USF-XSim-11] File '/software/xilinx-2025.1/2025.1/data/xsim/xsim.ini' copied to run dir:'/home/rohankr2/projects/risc-v/risc-v/risc-v.sim/sim_1/behav/xsim'
INFO: [SIM-utils-54] Inspecting design source files for 'tb_top' in fileset 'sim_1'...
INFO: [SIM-utils-43] Exported '/home/rohankr2/projects/risc-v/risc-v/risc-v.sim/sim_1/behav/xsim/blk_mem_gen_0.mif'
INFO: [SIM-utils-43] Exported '/home/rohankr2/projects/risc-v/risc-v/risc-v.sim/sim_1/behav/xsim/prog.coe'
INFO: [USF-XSim-97] Finding global include files...
INFO: [USF-XSim-100] Fetching design files from 'sources_1'...(this may take a while)...
INFO: [USF-XSim-101] Fetching design files from 'sim_1'...
INFO: [USF-XSim-2] XSim::Compile design
INFO: [USF-XSim-61] Executing 'COMPILE and ANALYZE' step in '/home/rohankr2/projects/risc-v/risc-v/risc-v.sim/sim_1/behav/xsim'
xvlog --incr --relax -L uvm -prj tb_top_vlog.prj
INFO: [VRFC 10-2263] Analyzing Verilog file "/home/rohankr2/projects/risc-v/risc-v/risc-v.gen/sources_1/ip/blk_mem_gen_1_1/sim/blk_mem_gen_1.v" into library xil_defaultlib
INFO: [VRFC 10-311] analyzing module blk_mem_gen_1
INFO: [VRFC 10-2263] Analyzing Verilog file "/home/rohankr2/projects/risc-v/risc-v/risc-v.gen/sources_1/ip/blk_mem_gen_0_1/sim/blk_mem_gen_0.v" into library xil_defaultlib
INFO: [VRFC 10-311] analyzing module blk_mem_gen_0
INFO: [VRFC 10-2263] Analyzing SystemVerilog file "/home/rohankr2/projects/risc-v/risc-v/risc-v.srcs/sources_1/new/rv_pipe_pkg.sv" into library xil_defaultlib
INFO: [VRFC 10-2263] Analyzing SystemVerilog file "/home/rohankr2/projects/risc-v/risc-v/risc-v.srcs/sources_1/new/top.sv" into library xil_defaultlib
INFO: [VRFC 10-311] analyzing module top
INFO: [VRFC 10-2263] Analyzing SystemVerilog file "/home/rohankr2/projects/risc-v/risc-v/risc-v.srcs/sources_1/new/fetch_stage.sv" into library xil_defaultlib
INFO: [VRFC 10-311] analyzing module fetch_stage
INFO: [VRFC 10-2263] Analyzing SystemVerilog file "/home/rohankr2/projects/risc-v/risc-v/risc-v.srcs/sources_1/new/instruction_memory.sv" into library xil_defaultlib
INFO: [VRFC 10-311] analyzing module instruction_memory
INFO: [VRFC 10-2263] Analyzing SystemVerilog file "/home/rohankr2/projects/risc-v/risc-v/risc-v.srcs/sources_1/new/decode_stage.sv" into library xil_defaultlib
INFO: [VRFC 10-311] analyzing module decode_stage
INFO: [VRFC 10-2263] Analyzing SystemVerilog file "/home/rohankr2/projects/risc-v/risc-v/risc-v.srcs/sources_1/new/execute_stage.sv" into library xil_defaultlib
INFO: [VRFC 10-311] analyzing module execute_stage
INFO: [VRFC 10-2263] Analyzing SystemVerilog file "/home/rohankr2/projects/risc-v/risc-v/risc-v.srcs/sources_1/new/memory_stage.sv" into library xil_defaultlib
INFO: [VRFC 10-311] analyzing module memory_stage
INFO: [VRFC 10-2263] Analyzing SystemVerilog file "/home/rohankr2/projects/risc-v/risc-v/risc-v.srcs/sources_1/new/main_memory.sv" into library xil_defaultlib
INFO: [VRFC 10-311] analyzing module main_memory
INFO: [VRFC 10-2263] Analyzing SystemVerilog file "/home/rohankr2/projects/risc-v/risc-v/risc-v.srcs/sources_1/new/writeback_stage.sv" into library xil_defaultlib
INFO: [VRFC 10-311] analyzing module writeback_stage
INFO: [VRFC 10-2263] Analyzing SystemVerilog file "/home/rohankr2/projects/risc-v/risc-v/risc-v.srcs/sources_1/new/L1_instruction_cache.sv" into library xil_defaultlib
INFO: [VRFC 10-2263] Analyzing SystemVerilog file "/home/rohankr2/projects/risc-v/risc-v/risc-v.srcs/sources_1/new/tb_top.sv" into library xil_defaultlib
INFO: [VRFC 10-311] analyzing module tb_top
INFO: [VRFC 10-2263] Analyzing Verilog file "/home/rohankr2/projects/risc-v/risc-v/risc-v.sim/sim_1/behav/xsim/glbl.v" into library xil_defaultlib
INFO: [VRFC 10-311] analyzing module glbl
Waiting for jobs to finish...
No pending jobs, compilation finished.
INFO: [USF-XSim-69] 'compile' step finished in '1' seconds
INFO: [USF-XSim-3] XSim::Elaborate design
INFO: [USF-XSim-61] Executing 'ELABORATE' step in '/home/rohankr2/projects/risc-v/risc-v/risc-v.sim/sim_1/behav/xsim'
xelab --incr --debug typical --relax --mt 8 -L xil_defaultlib -L blk_mem_gen_v8_4_11 -L uvm -L unisims_ver -L unimacro_ver -L secureip -L xpm --snapshot tb_top_behav xil_defaultlib.tb_top xil_defaultlib.glbl -log elaborate.log
Vivado Simulator v2025.1.0
Copyright 1986-2022 Xilinx, Inc. All Rights Reserved.
Copyright 2022-2025 Advanced Micro Devices, Inc. All Rights Reserved.
Running: /software/xilinx-2025.1/2025.1/Vivado/bin/unwrapped/lnx64.o/xelab --incr --debug typical --relax --mt 8 -L xil_defaultlib -L blk_mem_gen_v8_4_11 -L uvm -L unisims_ver -L unimacro_ver -L secureip -L xpm --snapshot tb_top_behav xil_defaultlib.tb_top xil_defaultlib.glbl -log elaborate.log 
Using 8 slave threads.
Starting static elaboration
Pass Through NonSizing Optimizer
WARNING: [VRFC 10-3818] variable 'PC' is driven by invalid combination of procedural drivers [/home/rohankr2/projects/risc-v/risc-v/risc-v.srcs/sources_1/new/fetch_stage.sv:26]
WARNING: [VRFC 10-2921] 'PC' driven by this always_ff block should not be driven by any other process [/home/rohankr2/projects/risc-v/risc-v/risc-v.srcs/sources_1/new/fetch_stage.sv:52]
Completed static elaboration
Starting simulation data flow analysis
WARNING: [XSIM 43-4100] "/home/rohankr2/projects/risc-v/risc-v/risc-v.srcs/sources_1/new/tb_top.sv" Line 3. Module tb_top has a timescale but at least one module in design doesn't have timescale.
WARNING: [XSIM 43-4100] "/home/rohankr2/projects/risc-v/risc-v/risc-v.srcs/sources_1/new/top.sv" Line 3. Module top_default has a timescale but at least one module in design doesn't have timescale.
WARNING: [XSIM 43-4100] "/home/rohankr2/projects/risc-v/risc-v/risc-v.srcs/sources_1/new/fetch_stage.sv" Line 6. Module fetch_stage has a timescale but at least one module in design doesn't have timescale.
WARNING: [XSIM 43-4100] "/home/rohankr2/projects/risc-v/risc-v/risc-v.srcs/sources_1/new/instruction_memory.sv" Line 22. Module instruction_memory has a timescale but at least one module in design doesn't have timescale.
WARNING: [XSIM 43-4100] "/home/rohankr2/projects/risc-v/risc-v/risc-v.gen/sources_1/ip/blk_mem_gen_0_1/sim/blk_mem_gen_0.v" Line 55. Module blk_mem_gen_0 has a timescale but at least one module in design doesn't have timescale.
WARNING: [XSIM 43-4100] "/wrk/ci/prod/2025.1/sw/continuous/3882/output/customer/vivado/data/ip/xilinx/blk_mem_gen_v8_4/simulation/blk_mem_gen_v8_4.v" Line 3540. Module blk_mem_gen_v8_4_11(C_FAMILY="spartan7",C_XDEVICEFAMILY="spartan7",C_ELABORATION_DIR="./",C_ENABLE_32BIT_ADDRESS=1,C_AXI_TYPE=1,C_MEM_TYPE=3,C_BYTE_SIZE=8,C_PRIM_TYPE=1,C_LOAD_INIT_FILE=1,C_INIT_FILE_NAME="blk_mem_gen_0.mif",C_INIT_FILE="blk_mem_gen_0.mem",C_HAS_RSTA=1,C_WRITE_DEPTH_A=32768,C_READ_DEPTH_A=32768,C_ADDRA_WIDTH=32,C_INITB_VAL="0",C_HAS_ENB=0,C_WRITE_DEPTH_B=32768,C_READ_DEPTH_B=32768,C_ADDRB_WIDTH=32,C_HAS_MEM_OUTPUT_REGS_A=1,C_SIM_COLLISION_CHECK="ALL",C_COMMON_CLK=0,C_EN_SAFETY_CKT=1,C_COUNT_36K_BRAM="29",C_COUNT_18K_BRAM="0",C_EST_POWER_SUMMARY="Estimated_Power_for_IP_____:_____17.22687_mW") has a timescale but at least one module in design doesn't have timescale.
WARNING: [XSIM 43-4100] "/wrk/ci/prod/2025.1/sw/continuous/3882/output/customer/vivado/data/ip/xilinx/blk_mem_gen_v8_4/simulation/blk_mem_gen_v8_4.v" Line 2060. Module blk_mem_gen_v8_4_11_mem_module(C_FAMILY="spartan7",C_XDEVICEFAMILY="spartan7",C_MEM_TYPE=3,C_BYTE_SIZE=8,C_PRIM_TYPE=1,C_LOAD_INIT_FILE=1,C_INIT_FILE_NAME="blk_mem_gen_0.mif",C_INIT_FILE="blk_mem_gen_0.mem",C_HAS_RSTA=1,C_WRITE_DEPTH_A=32768,C_READ_DEPTH_A=32768,C_ADDRA_WIDTH=15,C_INITB_VAL="0",C_HAS_ENB=0,C_WRITE_DEPTH_B=32768,C_READ_DEPTH_B=32768,C_ADDRB_WIDTH=15,C_HAS_MEM_OUTPUT_REGS_A=1,C_SIM_COLLISION_CHECK="ALL",C_COMMON_CLK=0) has a timescale but at least one module in design doesn't have timescale.
WARNING: [XSIM 43-4100] "/wrk/ci/prod/2025.1/sw/continuous/3882/output/customer/vivado/data/ip/xilinx/blk_mem_gen_v8_4/simulation/blk_mem_gen_v8_4.v" Line 1608. Module blk_mem_gen_v8_4_11_output_stage(C_FAMILY="spartan7",C_XDEVICEFAMILY="spartan7",C_HAS_RST=1,C_ADDRB_WIDTH=15,C_HAS_MEM_OUTPUT_REGS=1) has a timescale but at least one module in design doesn't have timescale.
WARNING: [XSIM 43-4100] "/wrk/ci/prod/2025.1/sw/continuous/3882/output/customer/vivado/data/ip/xilinx/blk_mem_gen_v8_4/simulation/blk_mem_gen_v8_4.v" Line 1608. Module blk_mem_gen_v8_4_11_output_stage(C_FAMILY="spartan7",C_XDEVICEFAMILY="spartan7",C_ADDRB_WIDTH=15,NUM_STAGES=0) has a timescale but at least one module in design doesn't have timescale.
WARNING: [XSIM 43-4100] "/wrk/ci/prod/2025.1/sw/continuous/3882/output/customer/vivado/data/ip/xilinx/blk_mem_gen_v8_4/simulation/blk_mem_gen_v8_4.v" Line 1968. Module blk_mem_gen_v8_4_11_softecc_output_reg_stage(C_ADDRB_WIDTH=15) has a timescale but at least one module in design doesn't have timescale.
WARNING: [XSIM 43-4100] "/home/rohankr2/projects/risc-v/risc-v/risc-v.srcs/sources_1/new/decode_stage.sv" Line 3. Module decode_stage has a timescale but at least one module in design doesn't have timescale.
WARNING: [XSIM 43-4100] "/home/rohankr2/projects/risc-v/risc-v/risc-v.srcs/sources_1/new/execute_stage.sv" Line 2. Module execute_stage has a timescale but at least one module in design doesn't have timescale.
WARNING: [XSIM 43-4100] "/home/rohankr2/projects/risc-v/risc-v/risc-v.srcs/sources_1/new/memory_stage.sv" Line 23. Module memory_stage_default has a timescale but at least one module in design doesn't have timescale.
WARNING: [XSIM 43-4100] "/home/rohankr2/projects/risc-v/risc-v/risc-v.srcs/sources_1/new/main_memory.sv" Line 23. Module main_memory has a timescale but at least one module in design doesn't have timescale.
WARNING: [XSIM 43-4100] "/home/rohankr2/projects/risc-v/risc-v/risc-v.gen/sources_1/ip/blk_mem_gen_1_1/sim/blk_mem_gen_1.v" Line 55. Module blk_mem_gen_1 has a timescale but at least one module in design doesn't have timescale.
WARNING: [XSIM 43-4100] "/wrk/ci/prod/2025.1/sw/continuous/3882/output/customer/vivado/data/ip/xilinx/blk_mem_gen_v8_4/simulation/blk_mem_gen_v8_4.v" Line 3540. Module blk_mem_gen_v8_4_11(C_FAMILY="spartan7",C_XDEVICEFAMILY="spartan7",C_ELABORATION_DIR="./",C_ENABLE_32BIT_ADDRESS=1,C_AXI_TYPE=1,C_MEM_TYPE=1,C_BYTE_SIZE=8,C_PRIM_TYPE=1,C_INIT_FILE_NAME="no_coe_file_loaded",C_INIT_FILE="blk_mem_gen_1.mem",C_USE_BYTE_WEA=1,C_WEA_WIDTH=4,C_WRITE_DEPTH_A=47104,C_READ_DEPTH_A=47104,C_ADDRA_WIDTH=32,C_HAS_RSTB=1,C_INITB_VAL="0",C_USE_BYTE_WEB=1,C_WEB_WIDTH=4,C_WRITE_DEPTH_B=47104,C_READ_DEPTH_B=47104,C_ADDRB_WIDTH=32,C_HAS_MEM_OUTPUT_REGS_B=1,C_SIM_COLLISION_CHECK="ALL",C_COMMON_CLK=0,C_EN_SAFETY_CKT=1,C_COUNT_36K_BRAM="46",C_COUNT_18K_BRAM="0",C_EST_POWER_SUMMARY="Estimated_Power_for_IP_____:_____18.189974_mW") has a timescale but at least one module in design doesn't have timescale.
WARNING: [XSIM 43-4100] "/wrk/ci/prod/2025.1/sw/continuous/3882/output/customer/vivado/data/ip/xilinx/blk_mem_gen_v8_4/simulation/blk_mem_gen_v8_4.v" Line 2060. Module blk_mem_gen_v8_4_11_mem_module(C_FAMILY="spartan7",C_XDEVICEFAMILY="spartan7",C_MEM_TYPE=1,C_BYTE_SIZE=8,C_PRIM_TYPE=1,C_INIT_FILE_NAME="no_coe_file_loaded",C_INIT_FILE="blk_mem_gen_1.mem",C_USE_BYTE_WEA=1,C_WEA_WIDTH=4,C_WRITE_DEPTH_A=47104,C_READ_DEPTH_A=47104,C_ADDRA_WIDTH=16,C_HAS_RSTB=1,C_INITB_VAL="0",C_USE_BYTE_WEB=1,C_WEB_WIDTH=4,C_WRITE_DEPTH_B=47104,C_READ_DEPTH_B=47104,C_ADDRB_WIDTH=16,C_HAS_MEM_OUTPUT_REGS_B=1,C_SIM_COLLISION_CHECK="ALL",C_COMMON_CLK=0) has a timescale but at least one module in design doesn't have timescale.
WARNING: [XSIM 43-4100] "/wrk/ci/prod/2025.1/sw/continuous/3882/output/customer/vivado/data/ip/xilinx/blk_mem_gen_v8_4/simulation/blk_mem_gen_v8_4.v" Line 1608. Module blk_mem_gen_v8_4_11_output_stage(C_FAMILY="spartan7",C_XDEVICEFAMILY="spartan7",C_ADDRB_WIDTH=16,NUM_STAGES=0) has a timescale but at least one module in design doesn't have timescale.
WARNING: [XSIM 43-4100] "/wrk/ci/prod/2025.1/sw/continuous/3882/output/customer/vivado/data/ip/xilinx/blk_mem_gen_v8_4/simulation/blk_mem_gen_v8_4.v" Line 1608. Module blk_mem_gen_v8_4_11_output_stage(C_FAMILY="spartan7",C_XDEVICEFAMILY="spartan7",C_HAS_RST=1,C_ADDRB_WIDTH=16,C_HAS_MEM_OUTPUT_REGS=1) has a timescale but at least one module in design doesn't have timescale.
WARNING: [XSIM 43-4100] "/wrk/ci/prod/2025.1/sw/continuous/3882/output/customer/vivado/data/ip/xilinx/blk_mem_gen_v8_4/simulation/blk_mem_gen_v8_4.v" Line 1968. Module blk_mem_gen_v8_4_11_softecc_output_reg_stage(C_ADDRB_WIDTH=16) has a timescale but at least one module in design doesn't have timescale.
WARNING: [XSIM 43-4100] "/wrk/ci/prod/2025.1/sw/continuous/3882/output/customer/vivado/data/ip/xilinx/blk_mem_gen_v8_4/simulation/blk_mem_gen_v8_4.v" Line 1538. Module blk_mem_axi_regs_fwd_v8_4(C_DATA_WIDTH=7) has a timescale but at least one module in design doesn't have timescale.
WARNING: [XSIM 43-4100] "/home/rohankr2/projects/risc-v/risc-v/risc-v.srcs/sources_1/new/writeback_stage.sv" Line 3. Module writeback_stage has a timescale but at least one module in design doesn't have timescale.
WARNING: [XSIM 43-4100] "/home/rohankr2/projects/risc-v/risc-v/risc-v.srcs/sources_1/new/tb_top.sv" Line 3. Module tb_top has a timescale but at least one module in design doesn't have timescale.
WARNING: [XSIM 43-4100] "/home/rohankr2/projects/risc-v/risc-v/risc-v.srcs/sources_1/new/top.sv" Line 3. Module top_default has a timescale but at least one module in design doesn't have timescale.
WARNING: [XSIM 43-4100] "/home/rohankr2/projects/risc-v/risc-v/risc-v.srcs/sources_1/new/fetch_stage.sv" Line 6. Module fetch_stage has a timescale but at least one module in design doesn't have timescale.
WARNING: [XSIM 43-4100] "/home/rohankr2/projects/risc-v/risc-v/risc-v.srcs/sources_1/new/instruction_memory.sv" Line 22. Module instruction_memory has a timescale but at least one module in design doesn't have timescale.
WARNING: [XSIM 43-4100] "/home/rohankr2/projects/risc-v/risc-v/risc-v.gen/sources_1/ip/blk_mem_gen_0_1/sim/blk_mem_gen_0.v" Line 55. Module blk_mem_gen_0 has a timescale but at least one module in design doesn't have timescale.
WARNING: [XSIM 43-4100] "/wrk/ci/prod/2025.1/sw/continuous/3882/output/customer/vivado/data/ip/xilinx/blk_mem_gen_v8_4/simulation/blk_mem_gen_v8_4.v" Line 3540. Module blk_mem_gen_v8_4_11(C_FAMILY="spartan7",C_XDEVICEFAMILY="spartan7",C_ELABORATION_DIR="./",C_ENABLE_32BIT_ADDRESS=1,C_AXI_TYPE=1,C_MEM_TYPE=3,C_BYTE_SIZE=8,C_PRIM_TYPE=1,C_LOAD_INIT_FILE=1,C_INIT_FILE_NAME="blk_mem_gen_0.mif",C_INIT_FILE="blk_mem_gen_0.mem",C_HAS_RSTA=1,C_WRITE_DEPTH_A=32768,C_READ_DEPTH_A=32768,C_ADDRA_WIDTH=32,C_INITB_VAL="0",C_HAS_ENB=0,C_WRITE_DEPTH_B=32768,C_READ_DEPTH_B=32768,C_ADDRB_WIDTH=32,C_HAS_MEM_OUTPUT_REGS_A=1,C_SIM_COLLISION_CHECK="ALL",C_COMMON_CLK=0,C_EN_SAFETY_CKT=1,C_COUNT_36K_BRAM="29",C_COUNT_18K_BRAM="0",C_EST_POWER_SUMMARY="Estimated_Power_for_IP_____:_____17.22687_mW") has a timescale but at least one module in design doesn't have timescale.
WARNING: [XSIM 43-4100] "/wrk/ci/prod/2025.1/sw/continuous/3882/output/customer/vivado/data/ip/xilinx/blk_mem_gen_v8_4/simulation/blk_mem_gen_v8_4.v" Line 2060. Module blk_mem_gen_v8_4_11_mem_module(C_FAMILY="spartan7",C_XDEVICEFAMILY="spartan7",C_MEM_TYPE=3,C_BYTE_SIZE=8,C_PRIM_TYPE=1,C_LOAD_INIT_FILE=1,C_INIT_FILE_NAME="blk_mem_gen_0.mif",C_INIT_FILE="blk_mem_gen_0.mem",C_HAS_RSTA=1,C_WRITE_DEPTH_A=32768,C_READ_DEPTH_A=32768,C_ADDRA_WIDTH=15,C_INITB_VAL="0",C_HAS_ENB=0,C_WRITE_DEPTH_B=32768,C_READ_DEPTH_B=32768,C_ADDRB_WIDTH=15,C_HAS_MEM_OUTPUT_REGS_A=1,C_SIM_COLLISION_CHECK="ALL",C_COMMON_CLK=0) has a timescale but at least one module in design doesn't have timescale.
WARNING: [XSIM 43-4100] "/wrk/ci/prod/2025.1/sw/continuous/3882/output/customer/vivado/data/ip/xilinx/blk_mem_gen_v8_4/simulation/blk_mem_gen_v8_4.v" Line 3540. Module blk_mem_gen_v8_4_11 has a timescale but at least one module in design doesn't have timescale.
WARNING: [XSIM 43-4100] "/wrk/ci/prod/2025.1/sw/continuous/3882/output/customer/vivado/data/ip/xilinx/blk_mem_gen_v8_4/simulation/blk_mem_gen_v8_4.v" Line 3540. Module blk_mem_gen_v8_4_11(C_FAMILY="spartan7",C_XDEVICEFAMILY="spartan7",C_ELABORATION_DIR="./",C_ENABLE_32BIT_ADDRESS=1,C_AXI_TYPE=1,C_MEM_TYPE=3,C_BYTE_SIZE=8,C_PRIM_TYPE=1,C_LOAD_INIT_FILE=1,C_INIT_FILE_NAME="blk_mem_gen_0.mif",C_INIT_FILE="blk_mem_gen_0.mem",C_HAS_RSTA=1,C_WRITE_DEPTH_A=32768,C_READ_DEPTH_A=32768,C_ADDRA_WIDTH=32,C_INITB_VAL="0",C_HAS_ENB=0,C_WRITE_DEPTH_B=32768,C_READ_DEPTH_B=32768,C_ADDRB_WIDTH=32,C_HAS_MEM_OUTPUT_REGS_A=1,C_SIM_COLLISION_CHECK="ALL",C_COMMON_CLK=0,C_EN_SAFETY_CKT=1,C_COUNT_36K_BRAM="29",C_COUNT_18K_BRAM="0",C_EST_POWER_SUMMARY="Estimated_Power_for_IP_____:_____17.22687_mW") has a timescale but at least one module in design doesn't have timescale.
WARNING: [XSIM 43-4100] "/wrk/ci/prod/2025.1/sw/continuous/3882/output/customer/vivado/data/ip/xilinx/blk_mem_gen_v8_4/simulation/blk_mem_gen_v8_4.v" Line 3540. Module blk_mem_gen_v8_4_11(C_FAMILY="spartan7",C_XDEVICEFAMILY="spartan7",C_ELABORATION_DIR="./",C_ENABLE_32BIT_ADDRESS=1,C_AXI_TYPE=1,C_MEM_TYPE=1,C_BYTE_SIZE=8,C_PRIM_TYPE=1,C_INIT_FILE_NAME="no_coe_file_loaded",C_INIT_FILE="blk_mem_gen_1.mem",C_USE_BYTE_WEA=1,C_WEA_WIDTH=4,C_WRITE_DEPTH_A=47104,C_READ_DEPTH_A=47104,C_ADDRA_WIDTH=32,C_HAS_RSTB=1,C_INITB_VAL="0",C_USE_BYTE_WEB=1,C_WEB_WIDTH=4,C_WRITE_DEPTH_B=47104,C_READ_DEPTH_B=47104,C_ADDRB_WIDTH=32,C_HAS_MEM_OUTPUT_REGS_B=1,C_SIM_COLLISION_CHECK="ALL",C_COMMON_CLK=0,C_EN_SAFETY_CKT=1,C_COUNT_36K_BRAM="46",C_COUNT_18K_BRAM="0",C_EST_POWER_SUMMARY="Estimated_Power_for_IP_____:_____18.189974_mW") has a timescale but at least one module in design doesn't have timescale.
WARNING: [XSIM 43-4100] "/wrk/ci/prod/2025.1/sw/continuous/3882/output/customer/vivado/data/ip/xilinx/blk_mem_gen_v8_4/simulation/blk_mem_gen_v8_4.v" Line 3540. Module blk_mem_gen_v8_4_11 has a timescale but at least one module in design doesn't have timescale.
WARNING: [XSIM 43-4100] "/wrk/ci/prod/2025.1/sw/continuous/3882/output/customer/vivado/data/ip/xilinx/blk_mem_gen_v8_4/simulation/blk_mem_gen_v8_4.v" Line 3540. Module blk_mem_gen_v8_4_11(C_FAMILY="spartan7",C_XDEVICEFAMILY="spartan7",C_ELABORATION_DIR="./",C_ENABLE_32BIT_ADDRESS=1,C_AXI_TYPE=1,C_MEM_TYPE=3,C_BYTE_SIZE=8,C_PRIM_TYPE=1,C_LOAD_INIT_FILE=1,C_INIT_FILE_NAME="blk_mem_gen_0.mif",C_INIT_FILE="blk_mem_gen_0.mem",C_HAS_RSTA=1,C_WRITE_DEPTH_A=32768,C_READ_DEPTH_A=32768,C_ADDRA_WIDTH=32,C_INITB_VAL="0",C_HAS_ENB=0,C_WRITE_DEPTH_B=32768,C_READ_DEPTH_B=32768,C_ADDRB_WIDTH=32,C_HAS_MEM_OUTPUT_REGS_A=1,C_SIM_COLLISION_CHECK="ALL",C_COMMON_CLK=0,C_EN_SAFETY_CKT=1,C_COUNT_36K_BRAM="29",C_COUNT_18K_BRAM="0",C_EST_POWER_SUMMARY="Estimated_Power_for_IP_____:_____17.22687_mW") has a timescale but at least one module in design doesn't have timescale.
WARNING: [XSIM 43-4100] "/wrk/ci/prod/2025.1/sw/continuous/3882/output/customer/vivado/data/ip/xilinx/blk_mem_gen_v8_4/simulation/blk_mem_gen_v8_4.v" Line 3540. Module blk_mem_gen_v8_4_11(C_FAMILY="spartan7",C_XDEVICEFAMILY="spartan7",C_ELABORATION_DIR="./",C_ENABLE_32BIT_ADDRESS=1,C_AXI_TYPE=1,C_MEM_TYPE=1,C_BYTE_SIZE=8,C_PRIM_TYPE=1,C_INIT_FILE_NAME="no_coe_file_loaded",C_INIT_FILE="blk_mem_gen_1.mem",C_USE_BYTE_WEA=1,C_WEA_WIDTH=4,C_WRITE_DEPTH_A=47104,C_READ_DEPTH_A=47104,C_ADDRA_WIDTH=32,C_HAS_RSTB=1,C_INITB_VAL="0",C_USE_BYTE_WEB=1,C_WEB_WIDTH=4,C_WRITE_DEPTH_B=47104,C_READ_DEPTH_B=47104,C_ADDRB_WIDTH=32,C_HAS_MEM_OUTPUT_REGS_B=1,C_SIM_COLLISION_CHECK="ALL",C_COMMON_CLK=0,C_EN_SAFETY_CKT=1,C_COUNT_36K_BRAM="46",C_COUNT_18K_BRAM="0",C_EST_POWER_SUMMARY="Estimated_Power_for_IP_____:_____18.189974_mW") has a timescale but at least one module in design doesn't have timescale.
WARNING: [XSIM 43-4100] "/wrk/ci/prod/2025.1/sw/continuous/3882/output/customer/vivado/data/ip/xilinx/blk_mem_gen_v8_4/simulation/blk_mem_gen_v8_4.v" Line 3540. Module blk_mem_gen_v8_4_11 has a timescale but at least one module in design doesn't have timescale.
WARNING: [XSIM 43-4100] "/wrk/ci/prod/2025.1/sw/continuous/3882/output/customer/vivado/data/ip/xilinx/blk_mem_gen_v8_4/simulation/blk_mem_gen_v8_4.v" Line 3540. Module blk_mem_gen_v8_4_11(C_FAMILY="spartan7",C_XDEVICEFAMILY="spartan7",C_ELABORATION_DIR="./",C_ENABLE_32BIT_ADDRESS=1,C_AXI_TYPE=1,C_MEM_TYPE=3,C_BYTE_SIZE=8,C_PRIM_TYPE=1,C_LOAD_INIT_FILE=1,C_INIT_FILE_NAME="blk_mem_gen_0.mif",C_INIT_FILE="blk_mem_gen_0.mem",C_HAS_RSTA=1,C_WRITE_DEPTH_A=32768,C_READ_DEPTH_A=32768,C_ADDRA_WIDTH=32,C_INITB_VAL="0",C_HAS_ENB=0,C_WRITE_DEPTH_B=32768,C_READ_DEPTH_B=32768,C_ADDRB_WIDTH=32,C_HAS_MEM_OUTPUT_REGS_A=1,C_SIM_COLLISION_CHECK="ALL",C_COMMON_CLK=0,C_EN_SAFETY_CKT=1,C_COUNT_36K_BRAM="29",C_COUNT_18K_BRAM="0",C_EST_POWER_SUMMARY="Estimated_Power_for_IP_____:_____17.22687_mW") has a timescale but at least one module in design doesn't have timescale.
WARNING: [XSIM 43-4100] "/wrk/ci/prod/2025.1/sw/continuous/3882/output/customer/vivado/data/ip/xilinx/blk_mem_gen_v8_4/simulation/blk_mem_gen_v8_4.v" Line 3540. Module blk_mem_gen_v8_4_11(C_FAMILY="spartan7",C_XDEVICEFAMILY="spartan7",C_ELABORATION_DIR="./",C_ENABLE_32BIT_ADDRESS=1,C_AXI_TYPE=1,C_MEM_TYPE=1,C_BYTE_SIZE=8,C_PRIM_TYPE=1,C_INIT_FILE_NAME="no_coe_file_loaded",C_INIT_FILE="blk_mem_gen_1.mem",C_USE_BYTE_WEA=1,C_WEA_WIDTH=4,C_WRITE_DEPTH_A=47104,C_READ_DEPTH_A=47104,C_ADDRA_WIDTH=32,C_HAS_RSTB=1,C_INITB_VAL="0",C_USE_BYTE_WEB=1,C_WEB_WIDTH=4,C_WRITE_DEPTH_B=47104,C_READ_DEPTH_B=47104,C_ADDRB_WIDTH=32,C_HAS_MEM_OUTPUT_REGS_B=1,C_SIM_COLLISION_CHECK="ALL",C_COMMON_CLK=0,C_EN_SAFETY_CKT=1,C_COUNT_36K_BRAM="46",C_COUNT_18K_BRAM="0",C_EST_POWER_SUMMARY="Estimated_Power_for_IP_____:_____18.189974_mW") has a timescale but at least one module in design doesn't have timescale.
WARNING: [XSIM 43-4100] "/wrk/ci/prod/2025.1/sw/continuous/3882/output/customer/vivado/data/ip/xilinx/blk_mem_gen_v8_4/simulation/blk_mem_gen_v8_4.v" Line 3540. Module blk_mem_gen_v8_4_11 has a timescale but at least one module in design doesn't have timescale.
WARNING: [XSIM 43-4100] "/wrk/ci/prod/2025.1/sw/continuous/3882/output/customer/vivado/data/ip/xilinx/blk_mem_gen_v8_4/simulation/blk_mem_gen_v8_4.v" Line 3540. Module blk_mem_gen_v8_4_11(C_FAMILY="spartan7",C_XDEVICEFAMILY="spartan7",C_ELABORATION_DIR="./",C_ENABLE_32BIT_ADDRESS=1,C_AXI_TYPE=1,C_MEM_TYPE=3,C_BYTE_SIZE=8,C_PRIM_TYPE=1,C_LOAD_INIT_FILE=1,C_INIT_FILE_NAME="blk_mem_gen_0.mif",C_INIT_FILE="blk_mem_gen_0.mem",C_HAS_RSTA=1,C_WRITE_DEPTH_A=32768,C_READ_DEPTH_A=32768,C_ADDRA_WIDTH=32,C_INITB_VAL="0",C_HAS_ENB=0,C_WRITE_DEPTH_B=32768,C_READ_DEPTH_B=32768,C_ADDRB_WIDTH=32,C_HAS_MEM_OUTPUT_REGS_A=1,C_SIM_COLLISION_CHECK="ALL",C_COMMON_CLK=0,C_EN_SAFETY_CKT=1,C_COUNT_36K_BRAM="29",C_COUNT_18K_BRAM="0",C_EST_POWER_SUMMARY="Estimated_Power_for_IP_____:_____17.22687_mW") has a timescale but at least one module in design doesn't have timescale.
WARNING: [XSIM 43-4100] "/wrk/ci/prod/2025.1/sw/continuous/3882/output/customer/vivado/data/ip/xilinx/blk_mem_gen_v8_4/simulation/blk_mem_gen_v8_4.v" Line 3540. Module blk_mem_gen_v8_4_11(C_FAMILY="spartan7",C_XDEVICEFAMILY="spartan7",C_ELABORATION_DIR="./",C_ENABLE_32BIT_ADDRESS=1,C_AXI_TYPE=1,C_MEM_TYPE=1,C_BYTE_SIZE=8,C_PRIM_TYPE=1,C_INIT_FILE_NAME="no_coe_file_loaded",C_INIT_FILE="blk_mem_gen_1.mem",C_USE_BYTE_WEA=1,C_WEA_WIDTH=4,C_WRITE_DEPTH_A=47104,C_READ_DEPTH_A=47104,C_ADDRA_WIDTH=32,C_HAS_RSTB=1,C_INITB_VAL="0",C_USE_BYTE_WEB=1,C_WEB_WIDTH=4,C_WRITE_DEPTH_B=47104,C_READ_DEPTH_B=47104,C_ADDRB_WIDTH=32,C_HAS_MEM_OUTPUT_REGS_B=1,C_SIM_COLLISION_CHECK="ALL",C_COMMON_CLK=0,C_EN_SAFETY_CKT=1,C_COUNT_36K_BRAM="46",C_COUNT_18K_BRAM="0",C_EST_POWER_SUMMARY="Estimated_Power_for_IP_____:_____18.189974_mW") has a timescale but at least one module in design doesn't have timescale.
WARNING: [XSIM 43-4100] "/wrk/ci/prod/2025.1/sw/continuous/3882/output/customer/vivado/data/ip/xilinx/blk_mem_gen_v8_4/simulation/blk_mem_gen_v8_4.v" Line 3540. Module blk_mem_gen_v8_4_11 has a timescale but at least one module in design doesn't have timescale.
WARNING: [XSIM 43-4100] "/wrk/ci/prod/2025.1/sw/continuous/3882/output/customer/vivado/data/ip/xilinx/blk_mem_gen_v8_4/simulation/blk_mem_gen_v8_4.v" Line 3540. Module blk_mem_gen_v8_4_11(C_FAMILY="spartan7",C_XDEVICEFAMILY="spartan7",C_ELABORATION_DIR="./",C_ENABLE_32BIT_ADDRESS=1,C_AXI_TYPE=1,C_MEM_TYPE=3,C_BYTE_SIZE=8,C_PRIM_TYPE=1,C_LOAD_INIT_FILE=1,C_INIT_FILE_NAME="blk_mem_gen_0.mif",C_INIT_FILE="blk_mem_gen_0.mem",C_HAS_RSTA=1,C_WRITE_DEPTH_A=32768,C_READ_DEPTH_A=32768,C_ADDRA_WIDTH=32,C_INITB_VAL="0",C_HAS_ENB=0,C_WRITE_DEPTH_B=32768,C_READ_DEPTH_B=32768,C_ADDRB_WIDTH=32,C_HAS_MEM_OUTPUT_REGS_A=1,C_SIM_COLLISION_CHECK="ALL",C_COMMON_CLK=0,C_EN_SAFETY_CKT=1,C_COUNT_36K_BRAM="29",C_COUNT_18K_BRAM="0",C_EST_POWER_SUMMARY="Estimated_Power_for_IP_____:_____17.22687_mW") has a timescale but at least one module in design doesn't have timescale.
WARNING: [XSIM 43-4100] "/wrk/ci/prod/2025.1/sw/continuous/3882/output/customer/vivado/data/ip/xilinx/blk_mem_gen_v8_4/simulation/blk_mem_gen_v8_4.v" Line 3540. Module blk_mem_gen_v8_4_11(C_FAMILY="spartan7",C_XDEVICEFAMILY="spartan7",C_ELABORATION_DIR="./",C_ENABLE_32BIT_ADDRESS=1,C_AXI_TYPE=1,C_MEM_TYPE=1,C_BYTE_SIZE=8,C_PRIM_TYPE=1,C_INIT_FILE_NAME="no_coe_file_loaded",C_INIT_FILE="blk_mem_gen_1.mem",C_USE_BYTE_WEA=1,C_WEA_WIDTH=4,C_WRITE_DEPTH_A=47104,C_READ_DEPTH_A=47104,C_ADDRA_WIDTH=32,C_HAS_RSTB=1,C_INITB_VAL="0",C_USE_BYTE_WEB=1,C_WEB_WIDTH=4,C_WRITE_DEPTH_B=47104,C_READ_DEPTH_B=47104,C_ADDRB_WIDTH=32,C_HAS_MEM_OUTPUT_REGS_B=1,C_SIM_COLLISION_CHECK="ALL",C_COMMON_CLK=0,C_EN_SAFETY_CKT=1,C_COUNT_36K_BRAM="46",C_COUNT_18K_BRAM="0",C_EST_POWER_SUMMARY="Estimated_Power_for_IP_____:_____18.189974_mW") has a timescale but at least one module in design doesn't have timescale.
WARNING: [XSIM 43-4100] "/wrk/ci/prod/2025.1/sw/continuous/3882/output/customer/vivado/data/ip/xilinx/blk_mem_gen_v8_4/simulation/blk_mem_gen_v8_4.v" Line 3540. Module blk_mem_gen_v8_4_11 has a timescale but at least one module in design doesn't have timescale.
WARNING: [XSIM 43-4100] "/wrk/ci/prod/2025.1/sw/continuous/3882/output/customer/vivado/data/ip/xilinx/blk_mem_gen_v8_4/simulation/blk_mem_gen_v8_4.v" Line 3540. Module blk_mem_gen_v8_4_11(C_FAMILY="spartan7",C_XDEVICEFAMILY="spartan7",C_ELABORATION_DIR="./",C_ENABLE_32BIT_ADDRESS=1,C_AXI_TYPE=1,C_MEM_TYPE=3,C_BYTE_SIZE=8,C_PRIM_TYPE=1,C_LOAD_INIT_FILE=1,C_INIT_FILE_NAME="blk_mem_gen_0.mif",C_INIT_FILE="blk_mem_gen_0.mem",C_HAS_RSTA=1,C_WRITE_DEPTH_A=32768,C_READ_DEPTH_A=32768,C_ADDRA_WIDTH=32,C_INITB_VAL="0",C_HAS_ENB=0,C_WRITE_DEPTH_B=32768,C_READ_DEPTH_B=32768,C_ADDRB_WIDTH=32,C_HAS_MEM_OUTPUT_REGS_A=1,C_SIM_COLLISION_CHECK="ALL",C_COMMON_CLK=0,C_EN_SAFETY_CKT=1,C_COUNT_36K_BRAM="29",C_COUNT_18K_BRAM="0",C_EST_POWER_SUMMARY="Estimated_Power_for_IP_____:_____17.22687_mW") has a timescale but at least one module in design doesn't have timescale.
WARNING: [XSIM 43-4100] "/wrk/ci/prod/2025.1/sw/continuous/3882/output/customer/vivado/data/ip/xilinx/blk_mem_gen_v8_4/simulation/blk_mem_gen_v8_4.v" Line 3540. Module blk_mem_gen_v8_4_11(C_FAMILY="spartan7",C_XDEVICEFAMILY="spartan7",C_ELABORATION_DIR="./",C_ENABLE_32BIT_ADDRESS=1,C_AXI_TYPE=1,C_MEM_TYPE=1,C_BYTE_SIZE=8,C_PRIM_TYPE=1,C_INIT_FILE_NAME="no_coe_file_loaded",C_INIT_FILE="blk_mem_gen_1.mem",C_USE_BYTE_WEA=1,C_WEA_WIDTH=4,C_WRITE_DEPTH_A=47104,C_READ_DEPTH_A=47104,C_ADDRA_WIDTH=32,C_HAS_RSTB=1,C_INITB_VAL="0",C_USE_BYTE_WEB=1,C_WEB_WIDTH=4,C_WRITE_DEPTH_B=47104,C_READ_DEPTH_B=47104,C_ADDRB_WIDTH=32,C_HAS_MEM_OUTPUT_REGS_B=1,C_SIM_COLLISION_CHECK="ALL",C_COMMON_CLK=0,C_EN_SAFETY_CKT=1,C_COUNT_36K_BRAM="46",C_COUNT_18K_BRAM="0",C_EST_POWER_SUMMARY="Estimated_Power_for_IP_____:_____18.189974_mW") has a timescale but at least one module in design doesn't have timescale.
WARNING: [XSIM 43-4100] "/wrk/ci/prod/2025.1/sw/continuous/3882/output/customer/vivado/data/ip/xilinx/blk_mem_gen_v8_4/simulation/blk_mem_gen_v8_4.v" Line 1608. Module blk_mem_gen_v8_4_11_output_stage(C_FAMILY="spartan7",C_XDEVICEFAMILY="spartan7",C_HAS_RST=1,C_ADDRB_WIDTH=15,C_HAS_MEM_OUTPUT_REGS=1) has a timescale but at least one module in design doesn't have timescale.
WARNING: [XSIM 43-4100] "/wrk/ci/prod/2025.1/sw/continuous/3882/output/customer/vivado/data/ip/xilinx/blk_mem_gen_v8_4/simulation/blk_mem_gen_v8_4.v" Line 1608. Module blk_mem_gen_v8_4_11_output_stage(C_FAMILY="spartan7",C_XDEVICEFAMILY="spartan7",C_ADDRB_WIDTH=15,NUM_STAGES=0) has a timescale but at least one module in design doesn't have timescale.
WARNING: [XSIM 43-4100] "/wrk/ci/prod/2025.1/sw/continuous/3882/output/customer/vivado/data/ip/xilinx/blk_mem_gen_v8_4/simulation/blk_mem_gen_v8_4.v" Line 1968. Module blk_mem_gen_v8_4_11_softecc_output_reg_stage(C_ADDRB_WIDTH=15) has a timescale but at least one module in design doesn't have timescale.
WARNING: [XSIM 43-4100] "/home/rohankr2/projects/risc-v/risc-v/risc-v.srcs/sources_1/new/decode_stage.sv" Line 3. Module decode_stage has a timescale but at least one module in design doesn't have timescale.
WARNING: [XSIM 43-4100] "/home/rohankr2/projects/risc-v/risc-v/risc-v.srcs/sources_1/new/execute_stage.sv" Line 2. Module execute_stage has a timescale but at least one module in design doesn't have timescale.
WARNING: [XSIM 43-4100] "/home/rohankr2/projects/risc-v/risc-v/risc-v.srcs/sources_1/new/memory_stage.sv" Line 23. Module memory_stage_default has a timescale but at least one module in design doesn't have timescale.
WARNING: [XSIM 43-4100] "/home/rohankr2/projects/risc-v/risc-v/risc-v.srcs/sources_1/new/main_memory.sv" Line 23. Module main_memory has a timescale but at least one module in design doesn't have timescale.
WARNING: [XSIM 43-4100] "/home/rohankr2/projects/risc-v/risc-v/risc-v.gen/sources_1/ip/blk_mem_gen_1_1/sim/blk_mem_gen_1.v" Line 55. Module blk_mem_gen_1 has a timescale but at least one module in design doesn't have timescale.
WARNING: [XSIM 43-4100] "/wrk/ci/prod/2025.1/sw/continuous/3882/output/customer/vivado/data/ip/xilinx/blk_mem_gen_v8_4/simulation/blk_mem_gen_v8_4.v" Line 3540. Module blk_mem_gen_v8_4_11(C_FAMILY="spartan7",C_XDEVICEFAMILY="spartan7",C_ELABORATION_DIR="./",C_ENABLE_32BIT_ADDRESS=1,C_AXI_TYPE=1,C_MEM_TYPE=1,C_BYTE_SIZE=8,C_PRIM_TYPE=1,C_INIT_FILE_NAME="no_coe_file_loaded",C_INIT_FILE="blk_mem_gen_1.mem",C_USE_BYTE_WEA=1,C_WEA_WIDTH=4,C_WRITE_DEPTH_A=47104,C_READ_DEPTH_A=47104,C_ADDRA_WIDTH=32,C_HAS_RSTB=1,C_INITB_VAL="0",C_USE_BYTE_WEB=1,C_WEB_WIDTH=4,C_WRITE_DEPTH_B=47104,C_READ_DEPTH_B=47104,C_ADDRB_WIDTH=32,C_HAS_MEM_OUTPUT_REGS_B=1,C_SIM_COLLISION_CHECK="ALL",C_COMMON_CLK=0,C_EN_SAFETY_CKT=1,C_COUNT_36K_BRAM="46",C_COUNT_18K_BRAM="0",C_EST_POWER_SUMMARY="Estimated_Power_for_IP_____:_____18.189974_mW") has a timescale but at least one module in design doesn't have timescale.
WARNING: [XSIM 43-4100] "/wrk/ci/prod/2025.1/sw/continuous/3882/output/customer/vivado/data/ip/xilinx/blk_mem_gen_v8_4/simulation/blk_mem_gen_v8_4.v" Line 2060. Module blk_mem_gen_v8_4_11_mem_module(C_FAMILY="spartan7",C_XDEVICEFAMILY="spartan7",C_MEM_TYPE=1,C_BYTE_SIZE=8,C_PRIM_TYPE=1,C_INIT_FILE_NAME="no_coe_file_loaded",C_INIT_FILE="blk_mem_gen_1.mem",C_USE_BYTE_WEA=1,C_WEA_WIDTH=4,C_WRITE_DEPTH_A=47104,C_READ_DEPTH_A=47104,C_ADDRA_WIDTH=16,C_HAS_RSTB=1,C_INITB_VAL="0",C_USE_BYTE_WEB=1,C_WEB_WIDTH=4,C_WRITE_DEPTH_B=47104,C_READ_DEPTH_B=47104,C_ADDRB_WIDTH=16,C_HAS_MEM_OUTPUT_REGS_B=1,C_SIM_COLLISION_CHECK="ALL",C_COMMON_CLK=0) has a timescale but at least one module in design doesn't have timescale.
WARNING: [XSIM 43-4100] "/wrk/ci/prod/2025.1/sw/continuous/3882/output/customer/vivado/data/ip/xilinx/blk_mem_gen_v8_4/simulation/blk_mem_gen_v8_4.v" Line 3540. Module blk_mem_gen_v8_4_11 has a timescale but at least one module in design doesn't have timescale.
WARNING: [XSIM 43-4100] "/wrk/ci/prod/2025.1/sw/continuous/3882/output/customer/vivado/data/ip/xilinx/blk_mem_gen_v8_4/simulation/blk_mem_gen_v8_4.v" Line 3540. Module blk_mem_gen_v8_4_11(C_FAMILY="spartan7",C_XDEVICEFAMILY="spartan7",C_ELABORATION_DIR="./",C_ENABLE_32BIT_ADDRESS=1,C_AXI_TYPE=1,C_MEM_TYPE=3,C_BYTE_SIZE=8,C_PRIM_TYPE=1,C_LOAD_INIT_FILE=1,C_INIT_FILE_NAME="blk_mem_gen_0.mif",C_INIT_FILE="blk_mem_gen_0.mem",C_HAS_RSTA=1,C_WRITE_DEPTH_A=32768,C_READ_DEPTH_A=32768,C_ADDRA_WIDTH=32,C_INITB_VAL="0",C_HAS_ENB=0,C_WRITE_DEPTH_B=32768,C_READ_DEPTH_B=32768,C_ADDRB_WIDTH=32,C_HAS_MEM_OUTPUT_REGS_A=1,C_SIM_COLLISION_CHECK="ALL",C_COMMON_CLK=0,C_EN_SAFETY_CKT=1,C_COUNT_36K_BRAM="29",C_COUNT_18K_BRAM="0",C_EST_POWER_SUMMARY="Estimated_Power_for_IP_____:_____17.22687_mW") has a timescale but at least one module in design doesn't have timescale.
WARNING: [XSIM 43-4100] "/wrk/ci/prod/2025.1/sw/continuous/3882/output/customer/vivado/data/ip/xilinx/blk_mem_gen_v8_4/simulation/blk_mem_gen_v8_4.v" Line 3540. Module blk_mem_gen_v8_4_11(C_FAMILY="spartan7",C_XDEVICEFAMILY="spartan7",C_ELABORATION_DIR="./",C_ENABLE_32BIT_ADDRESS=1,C_AXI_TYPE=1,C_MEM_TYPE=1,C_BYTE_SIZE=8,C_PRIM_TYPE=1,C_INIT_FILE_NAME="no_coe_file_loaded",C_INIT_FILE="blk_mem_gen_1.mem",C_USE_BYTE_WEA=1,C_WEA_WIDTH=4,C_WRITE_DEPTH_A=47104,C_READ_DEPTH_A=47104,C_ADDRA_WIDTH=32,C_HAS_RSTB=1,C_INITB_VAL="0",C_USE_BYTE_WEB=1,C_WEB_WIDTH=4,C_WRITE_DEPTH_B=47104,C_READ_DEPTH_B=47104,C_ADDRB_WIDTH=32,C_HAS_MEM_OUTPUT_REGS_B=1,C_SIM_COLLISION_CHECK="ALL",C_COMMON_CLK=0,C_EN_SAFETY_CKT=1,C_COUNT_36K_BRAM="46",C_COUNT_18K_BRAM="0",C_EST_POWER_SUMMARY="Estimated_Power_for_IP_____:_____18.189974_mW") has a timescale but at least one module in design doesn't have timescale.
WARNING: [XSIM 43-4100] "/wrk/ci/prod/2025.1/sw/continuous/3882/output/customer/vivado/data/ip/xilinx/blk_mem_gen_v8_4/simulation/blk_mem_gen_v8_4.v" Line 3540. Module blk_mem_gen_v8_4_11 has a timescale but at least one module in design doesn't have timescale.
WARNING: [XSIM 43-4100] "/wrk/ci/prod/2025.1/sw/continuous/3882/output/customer/vivado/data/ip/xilinx/blk_mem_gen_v8_4/simulation/blk_mem_gen_v8_4.v" Line 3540. Module blk_mem_gen_v8_4_11(C_FAMILY="spartan7",C_XDEVICEFAMILY="spartan7",C_ELABORATION_DIR="./",C_ENABLE_32BIT_ADDRESS=1,C_AXI_TYPE=1,C_MEM_TYPE=3,C_BYTE_SIZE=8,C_PRIM_TYPE=1,C_LOAD_INIT_FILE=1,C_INIT_FILE_NAME="blk_mem_gen_0.mif",C_INIT_FILE="blk_mem_gen_0.mem",C_HAS_RSTA=1,C_WRITE_DEPTH_A=32768,C_READ_DEPTH_A=32768,C_ADDRA_WIDTH=32,C_INITB_VAL="0",C_HAS_ENB=0,C_WRITE_DEPTH_B=32768,C_READ_DEPTH_B=32768,C_ADDRB_WIDTH=32,C_HAS_MEM_OUTPUT_REGS_A=1,C_SIM_COLLISION_CHECK="ALL",C_COMMON_CLK=0,C_EN_SAFETY_CKT=1,C_COUNT_36K_BRAM="29",C_COUNT_18K_BRAM="0",C_EST_POWER_SUMMARY="Estimated_Power_for_IP_____:_____17.22687_mW") has a timescale but at least one module in design doesn't have timescale.
WARNING: [XSIM 43-4100] "/wrk/ci/prod/2025.1/sw/continuous/3882/output/customer/vivado/data/ip/xilinx/blk_mem_gen_v8_4/simulation/blk_mem_gen_v8_4.v" Line 3540. Module blk_mem_gen_v8_4_11(C_FAMILY="spartan7",C_XDEVICEFAMILY="spartan7",C_ELABORATION_DIR="./",C_ENABLE_32BIT_ADDRESS=1,C_AXI_TYPE=1,C_MEM_TYPE=1,C_BYTE_SIZE=8,C_PRIM_TYPE=1,C_INIT_FILE_NAME="no_coe_file_loaded",C_INIT_FILE="blk_mem_gen_1.mem",C_USE_BYTE_WEA=1,C_WEA_WIDTH=4,C_WRITE_DEPTH_A=47104,C_READ_DEPTH_A=47104,C_ADDRA_WIDTH=32,C_HAS_RSTB=1,C_INITB_VAL="0",C_USE_BYTE_WEB=1,C_WEB_WIDTH=4,C_WRITE_DEPTH_B=47104,C_READ_DEPTH_B=47104,C_ADDRB_WIDTH=32,C_HAS_MEM_OUTPUT_REGS_B=1,C_SIM_COLLISION_CHECK="ALL",C_COMMON_CLK=0,C_EN_SAFETY_CKT=1,C_COUNT_36K_BRAM="46",C_COUNT_18K_BRAM="0",C_EST_POWER_SUMMARY="Estimated_Power_for_IP_____:_____18.189974_mW") has a timescale but at least one module in design doesn't have timescale.
WARNING: [XSIM 43-4100] "/wrk/ci/prod/2025.1/sw/continuous/3882/output/customer/vivado/data/ip/xilinx/blk_mem_gen_v8_4/simulation/blk_mem_gen_v8_4.v" Line 3540. Module blk_mem_gen_v8_4_11 has a timescale but at least one module in design doesn't have timescale.
WARNING: [XSIM 43-4100] "/wrk/ci/prod/2025.1/sw/continuous/3882/output/customer/vivado/data/ip/xilinx/blk_mem_gen_v8_4/simulation/blk_mem_gen_v8_4.v" Line 3540. Module blk_mem_gen_v8_4_11(C_FAMILY="spartan7",C_XDEVICEFAMILY="spartan7",C_ELABORATION_DIR="./",C_ENABLE_32BIT_ADDRESS=1,C_AXI_TYPE=1,C_MEM_TYPE=3,C_BYTE_SIZE=8,C_PRIM_TYPE=1,C_LOAD_INIT_FILE=1,C_INIT_FILE_NAME="blk_mem_gen_0.mif",C_INIT_FILE="blk_mem_gen_0.mem",C_HAS_RSTA=1,C_WRITE_DEPTH_A=32768,C_READ_DEPTH_A=32768,C_ADDRA_WIDTH=32,C_INITB_VAL="0",C_HAS_ENB=0,C_WRITE_DEPTH_B=32768,C_READ_DEPTH_B=32768,C_ADDRB_WIDTH=32,C_HAS_MEM_OUTPUT_REGS_A=1,C_SIM_COLLISION_CHECK="ALL",C_COMMON_CLK=0,C_EN_SAFETY_CKT=1,C_COUNT_36K_BRAM="29",C_COUNT_18K_BRAM="0",C_EST_POWER_SUMMARY="Estimated_Power_for_IP_____:_____17.22687_mW") has a timescale but at least one module in design doesn't have timescale.
WARNING: [XSIM 43-4100] "/wrk/ci/prod/2025.1/sw/continuous/3882/output/customer/vivado/data/ip/xilinx/blk_mem_gen_v8_4/simulation/blk_mem_gen_v8_4.v" Line 3540. Module blk_mem_gen_v8_4_11(C_FAMILY="spartan7",C_XDEVICEFAMILY="spartan7",C_ELABORATION_DIR="./",C_ENABLE_32BIT_ADDRESS=1,C_AXI_TYPE=1,C_MEM_TYPE=1,C_BYTE_SIZE=8,C_PRIM_TYPE=1,C_INIT_FILE_NAME="no_coe_file_loaded",C_INIT_FILE="blk_mem_gen_1.mem",C_USE_BYTE_WEA=1,C_WEA_WIDTH=4,C_WRITE_DEPTH_A=47104,C_READ_DEPTH_A=47104,C_ADDRA_WIDTH=32,C_HAS_RSTB=1,C_INITB_VAL="0",C_USE_BYTE_WEB=1,C_WEB_WIDTH=4,C_WRITE_DEPTH_B=47104,C_READ_DEPTH_B=47104,C_ADDRB_WIDTH=32,C_HAS_MEM_OUTPUT_REGS_B=1,C_SIM_COLLISION_CHECK="ALL",C_COMMON_CLK=0,C_EN_SAFETY_CKT=1,C_COUNT_36K_BRAM="46",C_COUNT_18K_BRAM="0",C_EST_POWER_SUMMARY="Estimated_Power_for_IP_____:_____18.189974_mW") has a timescale but at least one module in design doesn't have timescale.
WARNING: [XSIM 43-4100] "/wrk/ci/prod/2025.1/sw/continuous/3882/output/customer/vivado/data/ip/xilinx/blk_mem_gen_v8_4/simulation/blk_mem_gen_v8_4.v" Line 3540. Module blk_mem_gen_v8_4_11 has a timescale but at least one module in design doesn't have timescale.
WARNING: [XSIM 43-4100] "/wrk/ci/prod/2025.1/sw/continuous/3882/output/customer/vivado/data/ip/xilinx/blk_mem_gen_v8_4/simulation/blk_mem_gen_v8_4.v" Line 3540. Module blk_mem_gen_v8_4_11(C_FAMILY="spartan7",C_XDEVICEFAMILY="spartan7",C_ELABORATION_DIR="./",C_ENABLE_32BIT_ADDRESS=1,C_AXI_TYPE=1,C_MEM_TYPE=3,C_BYTE_SIZE=8,C_PRIM_TYPE=1,C_LOAD_INIT_FILE=1,C_INIT_FILE_NAME="blk_mem_gen_0.mif",C_INIT_FILE="blk_mem_gen_0.mem",C_HAS_RSTA=1,C_WRITE_DEPTH_A=32768,C_READ_DEPTH_A=32768,C_ADDRA_WIDTH=32,C_INITB_VAL="0",C_HAS_ENB=0,C_WRITE_DEPTH_B=32768,C_READ_DEPTH_B=32768,C_ADDRB_WIDTH=32,C_HAS_MEM_OUTPUT_REGS_A=1,C_SIM_COLLISION_CHECK="ALL",C_COMMON_CLK=0,C_EN_SAFETY_CKT=1,C_COUNT_36K_BRAM="29",C_COUNT_18K_BRAM="0",C_EST_POWER_SUMMARY="Estimated_Power_for_IP_____:_____17.22687_mW") has a timescale but at least one module in design doesn't have timescale.
WARNING: [XSIM 43-4100] "/wrk/ci/prod/2025.1/sw/continuous/3882/output/customer/vivado/data/ip/xilinx/blk_mem_gen_v8_4/simulation/blk_mem_gen_v8_4.v" Line 3540. Module blk_mem_gen_v8_4_11(C_FAMILY="spartan7",C_XDEVICEFAMILY="spartan7",C_ELABORATION_DIR="./",C_ENABLE_32BIT_ADDRESS=1,C_AXI_TYPE=1,C_MEM_TYPE=1,C_BYTE_SIZE=8,C_PRIM_TYPE=1,C_INIT_FILE_NAME="no_coe_file_loaded",C_INIT_FILE="blk_mem_gen_1.mem",C_USE_BYTE_WEA=1,C_WEA_WIDTH=4,C_WRITE_DEPTH_A=47104,C_READ_DEPTH_A=47104,C_ADDRA_WIDTH=32,C_HAS_RSTB=1,C_INITB_VAL="0",C_USE_BYTE_WEB=1,C_WEB_WIDTH=4,C_WRITE_DEPTH_B=47104,C_READ_DEPTH_B=47104,C_ADDRB_WIDTH=32,C_HAS_MEM_OUTPUT_REGS_B=1,C_SIM_COLLISION_CHECK="ALL",C_COMMON_CLK=0,C_EN_SAFETY_CKT=1,C_COUNT_36K_BRAM="46",C_COUNT_18K_BRAM="0",C_EST_POWER_SUMMARY="Estimated_Power_for_IP_____:_____18.189974_mW") has a timescale but at least one module in design doesn't have timescale.
WARNING: [XSIM 43-4100] "/wrk/ci/prod/2025.1/sw/continuous/3882/output/customer/vivado/data/ip/xilinx/blk_mem_gen_v8_4/simulation/blk_mem_gen_v8_4.v" Line 3540. Module blk_mem_gen_v8_4_11 has a timescale but at least one module in design doesn't have timescale.
WARNING: [XSIM 43-4100] "/wrk/ci/prod/2025.1/sw/continuous/3882/output/customer/vivado/data/ip/xilinx/blk_mem_gen_v8_4/simulation/blk_mem_gen_v8_4.v" Line 3540. Module blk_mem_gen_v8_4_11(C_FAMILY="spartan7",C_XDEVICEFAMILY="spartan7",C_ELABORATION_DIR="./",C_ENABLE_32BIT_ADDRESS=1,C_AXI_TYPE=1,C_MEM_TYPE=3,C_BYTE_SIZE=8,C_PRIM_TYPE=1,C_LOAD_INIT_FILE=1,C_INIT_FILE_NAME="blk_mem_gen_0.mif",C_INIT_FILE="blk_mem_gen_0.mem",C_HAS_RSTA=1,C_WRITE_DEPTH_A=32768,C_READ_DEPTH_A=32768,C_ADDRA_WIDTH=32,C_INITB_VAL="0",C_HAS_ENB=0,C_WRITE_DEPTH_B=32768,C_READ_DEPTH_B=32768,C_ADDRB_WIDTH=32,C_HAS_MEM_OUTPUT_REGS_A=1,C_SIM_COLLISION_CHECK="ALL",C_COMMON_CLK=0,C_EN_SAFETY_CKT=1,C_COUNT_36K_BRAM="29",C_COUNT_18K_BRAM="0",C_EST_POWER_SUMMARY="Estimated_Power_for_IP_____:_____17.22687_mW") has a timescale but at least one module in design doesn't have timescale.
WARNING: [XSIM 43-4100] "/wrk/ci/prod/2025.1/sw/continuous/3882/output/customer/vivado/data/ip/xilinx/blk_mem_gen_v8_4/simulation/blk_mem_gen_v8_4.v" Line 3540. Module blk_mem_gen_v8_4_11(C_FAMILY="spartan7",C_XDEVICEFAMILY="spartan7",C_ELABORATION_DIR="./",C_ENABLE_32BIT_ADDRESS=1,C_AXI_TYPE=1,C_MEM_TYPE=1,C_BYTE_SIZE=8,C_PRIM_TYPE=1,C_INIT_FILE_NAME="no_coe_file_loaded",C_INIT_FILE="blk_mem_gen_1.mem",C_USE_BYTE_WEA=1,C_WEA_WIDTH=4,C_WRITE_DEPTH_A=47104,C_READ_DEPTH_A=47104,C_ADDRA_WIDTH=32,C_HAS_RSTB=1,C_INITB_VAL="0",C_USE_BYTE_WEB=1,C_WEB_WIDTH=4,C_WRITE_DEPTH_B=47104,C_READ_DEPTH_B=47104,C_ADDRB_WIDTH=32,C_HAS_MEM_OUTPUT_REGS_B=1,C_SIM_COLLISION_CHECK="ALL",C_COMMON_CLK=0,C_EN_SAFETY_CKT=1,C_COUNT_36K_BRAM="46",C_COUNT_18K_BRAM="0",C_EST_POWER_SUMMARY="Estimated_Power_for_IP_____:_____18.189974_mW") has a timescale but at least one module in design doesn't have timescale.
WARNING: [XSIM 43-4100] "/wrk/ci/prod/2025.1/sw/continuous/3882/output/customer/vivado/data/ip/xilinx/blk_mem_gen_v8_4/simulation/blk_mem_gen_v8_4.v" Line 3540. Module blk_mem_gen_v8_4_11 has a timescale but at least one module in design doesn't have timescale.
WARNING: [XSIM 43-4100] "/wrk/ci/prod/2025.1/sw/continuous/3882/output/customer/vivado/data/ip/xilinx/blk_mem_gen_v8_4/simulation/blk_mem_gen_v8_4.v" Line 3540. Module blk_mem_gen_v8_4_11(C_FAMILY="spartan7",C_XDEVICEFAMILY="spartan7",C_ELABORATION_DIR="./",C_ENABLE_32BIT_ADDRESS=1,C_AXI_TYPE=1,C_MEM_TYPE=3,C_BYTE_SIZE=8,C_PRIM_TYPE=1,C_LOAD_INIT_FILE=1,C_INIT_FILE_NAME="blk_mem_gen_0.mif",C_INIT_FILE="blk_mem_gen_0.mem",C_HAS_RSTA=1,C_WRITE_DEPTH_A=32768,C_READ_DEPTH_A=32768,C_ADDRA_WIDTH=32,C_INITB_VAL="0",C_HAS_ENB=0,C_WRITE_DEPTH_B=32768,C_READ_DEPTH_B=32768,C_ADDRB_WIDTH=32,C_HAS_MEM_OUTPUT_REGS_A=1,C_SIM_COLLISION_CHECK="ALL",C_COMMON_CLK=0,C_EN_SAFETY_CKT=1,C_COUNT_36K_BRAM="29",C_COUNT_18K_BRAM="0",C_EST_POWER_SUMMARY="Estimated_Power_for_IP_____:_____17.22687_mW") has a timescale but at least one module in design doesn't have timescale.
WARNING: [XSIM 43-4100] "/wrk/ci/prod/2025.1/sw/continuous/3882/output/customer/vivado/data/ip/xilinx/blk_mem_gen_v8_4/simulation/blk_mem_gen_v8_4.v" Line 3540. Module blk_mem_gen_v8_4_11(C_FAMILY="spartan7",C_XDEVICEFAMILY="spartan7",C_ELABORATION_DIR="./",C_ENABLE_32BIT_ADDRESS=1,C_AXI_TYPE=1,C_MEM_TYPE=1,C_BYTE_SIZE=8,C_PRIM_TYPE=1,C_INIT_FILE_NAME="no_coe_file_loaded",C_INIT_FILE="blk_mem_gen_1.mem",C_USE_BYTE_WEA=1,C_WEA_WIDTH=4,C_WRITE_DEPTH_A=47104,C_READ_DEPTH_A=47104,C_ADDRA_WIDTH=32,C_HAS_RSTB=1,C_INITB_VAL="0",C_USE_BYTE_WEB=1,C_WEB_WIDTH=4,C_WRITE_DEPTH_B=47104,C_READ_DEPTH_B=47104,C_ADDRB_WIDTH=32,C_HAS_MEM_OUTPUT_REGS_B=1,C_SIM_COLLISION_CHECK="ALL",C_COMMON_CLK=0,C_EN_SAFETY_CKT=1,C_COUNT_36K_BRAM="46",C_COUNT_18K_BRAM="0",C_EST_POWER_SUMMARY="Estimated_Power_for_IP_____:_____18.189974_mW") has a timescale but at least one module in design doesn't have timescale.
WARNING: [XSIM 43-4100] "/wrk/ci/prod/2025.1/sw/continuous/3882/output/customer/vivado/data/ip/xilinx/blk_mem_gen_v8_4/simulation/blk_mem_gen_v8_4.v" Line 1608. Module blk_mem_gen_v8_4_11_output_stage(C_FAMILY="spartan7",C_XDEVICEFAMILY="spartan7",C_ADDRB_WIDTH=16,NUM_STAGES=0) has a timescale but at least one module in design doesn't have timescale.
WARNING: [XSIM 43-4100] "/wrk/ci/prod/2025.1/sw/continuous/3882/output/customer/vivado/data/ip/xilinx/blk_mem_gen_v8_4/simulation/blk_mem_gen_v8_4.v" Line 1608. Module blk_mem_gen_v8_4_11_output_stage(C_FAMILY="spartan7",C_XDEVICEFAMILY="spartan7",C_HAS_RST=1,C_ADDRB_WIDTH=16,C_HAS_MEM_OUTPUT_REGS=1) has a timescale but at least one module in design doesn't have timescale.
WARNING: [XSIM 43-4100] "/wrk/ci/prod/2025.1/sw/continuous/3882/output/customer/vivado/data/ip/xilinx/blk_mem_gen_v8_4/simulation/blk_mem_gen_v8_4.v" Line 1968. Module blk_mem_gen_v8_4_11_softecc_output_reg_stage(C_ADDRB_WIDTH=16) has a timescale but at least one module in design doesn't have timescale.
WARNING: [XSIM 43-4100] "/wrk/ci/prod/2025.1/sw/continuous/3882/output/customer/vivado/data/ip/xilinx/blk_mem_gen_v8_4/simulation/blk_mem_gen_v8_4.v" Line 1538. Module blk_mem_axi_regs_fwd_v8_4(C_DATA_WIDTH=7) has a timescale but at least one module in design doesn't have timescale.
WARNING: [XSIM 43-4100] "/home/rohankr2/projects/risc-v/risc-v/risc-v.srcs/sources_1/new/writeback_stage.sv" Line 3. Module writeback_stage has a timescale but at least one module in design doesn't have timescale.
WARNING: [XSIM 43-4100] "/home/rohankr2/projects/risc-v/risc-v/risc-v.sim/sim_1/behav/xsim/glbl.v" Line 6. Module glbl has a timescale but at least one module in design doesn't have timescale.
WARNING: [XSIM 43-4100] "/home/rohankr2/projects/risc-v/risc-v/risc-v.sim/sim_1/behav/xsim/glbl.v" Line 6. Module glbl has a timescale but at least one module in design doesn't have timescale.
Completed simulation data flow analysis
Time Resolution for simulation is 1ps
Compiling package xil_defaultlib.rv_pipe_pkg
Compiling module blk_mem_gen_v8_4_11.blk_mem_gen_v8_4_11_output_stage...
Compiling module blk_mem_gen_v8_4_11.blk_mem_gen_v8_4_11_output_stage...
Compiling module blk_mem_gen_v8_4_11.blk_mem_gen_v8_4_11_softecc_outp...
Compiling module blk_mem_gen_v8_4_11.blk_mem_gen_v8_4_11_mem_module(C...
Compiling module blk_mem_gen_v8_4_11.blk_mem_gen_v8_4_11(C_FAMILY="sp...
Compiling module xil_defaultlib.blk_mem_gen_0
Compiling module xil_defaultlib.instruction_memory
Compiling module xil_defaultlib.fetch_stage
Compiling module xil_defaultlib.decode_stage
Compiling module xil_defaultlib.execute_stage
Compiling module blk_mem_gen_v8_4_11.blk_mem_gen_v8_4_11_output_stage...
Compiling module blk_mem_gen_v8_4_11.blk_mem_gen_v8_4_11_output_stage...
Compiling module blk_mem_gen_v8_4_11.blk_mem_gen_v8_4_11_softecc_outp...
Compiling module blk_mem_gen_v8_4_11.blk_mem_gen_v8_4_11_mem_module(C...
Compiling module blk_mem_gen_v8_4_11.blk_mem_axi_regs_fwd_v8_4(C_DATA...
Compiling module blk_mem_gen_v8_4_11.blk_mem_gen_v8_4_11(C_FAMILY="sp...
Compiling module xil_defaultlib.blk_mem_gen_1
Compiling module xil_defaultlib.main_memory
Compiling module xil_defaultlib.memory_stage_default
Compiling module xil_defaultlib.writeback_stage
Compiling module xil_defaultlib.top_default
Compiling module xil_defaultlib.tb_top
Compiling module xil_defaultlib.glbl
Built simulation snapshot tb_top_behav
INFO: [USF-XSim-69] 'elaborate' step finished in '5' seconds
INFO: [USF-XSim-4] XSim::Simulate design
INFO: [USF-XSim-61] Executing 'SIMULATE' step in '/home/rohankr2/projects/risc-v/risc-v/risc-v.sim/sim_1/behav/xsim'
INFO: [USF-XSim-98] *** Running xsim
   with args "tb_top_behav -key {Behavioral:sim_1:Functional:tb_top} -tclbatch {tb_top.tcl} -log {simulate.log}"
INFO: [USF-XSim-8] Loading simulator feature
Time resolution is 1 ps
source tb_top.tcl
# set curr_wave [current_wave_config]
# if { [string length $curr_wave] == 0 } {
#   if { [llength [get_objects]] > 0} {
#     add_wave /
#     set_property needs_save false [current_wave_config]
#   } else {
#      send_msg_id Add_Wave-1 WARNING "No top level signals found. Simulator will start without a wave window. If you want to open a wave window go to 'File->New Waveform Configuration' or type 'create_wave_config' in the TCL console."
#   }
# }
# run 1000ns
 Block Memory Generator module loading initial data...
 Block Memory Generator data initialization complete.
Block Memory Generator module tb_top.dut.u_fetch.instr_mem.i_mem.inst.native_mem_mapped_module.blk_mem_gen_v8_4_11_inst is using a behavioral model for simulation which will not precisely model memory collision behavior.
Block Memory Generator module tb_top.dut.u_memory.main_mem.main_mem_block.inst.native_mem_mapped_module.blk_mem_gen_v8_4_11_inst is using a behavioral model for simulation which will not precisely model memory collision behavior.
cycle=0 pc=         x if_id_instr=xxxxxxxx if_instr_addr=xxxxxxxx if_instr_data=00000000 if_rst_en=1 if_pc_stall=0 
cycle=2 pc=         x if_id_instr=00000000 if_instr_addr=00000000 if_instr_data=00000000 if_rst_en=1 if_pc_stall=0 
cycle=3 pc=         0 if_id_instr=00000000 if_instr_addr=00000004 if_instr_data=00000000 if_rst_en=1 if_pc_stall=0 
cycle=4 pc=         4 if_id_instr=00000000 if_instr_addr=00000008 if_instr_data=00000000 if_rst_en=1 if_pc_stall=0 
cycle=5 pc=         8 if_id_instr=00000000 if_instr_addr=0000000c if_instr_data=00000000 if_rst_en=1 if_pc_stall=0 
cycle=6 pc=        12 if_id_instr=00000000 if_instr_addr=00000010 if_instr_data=00000000 if_rst_en=1 if_pc_stall=0 
cycle=7 pc=        16 if_id_instr=00000000 if_instr_addr=00000014 if_instr_data=00000000 if_rst_en=1 if_pc_stall=0 
cycle=8 pc=        20 if_id_instr=00000000 if_instr_addr=00000018 if_instr_data=00000000 if_rst_en=1 if_pc_stall=0 
cycle=9 pc=        24 if_id_instr=00000000 if_instr_addr=0000001c if_instr_data=00000000 if_rst_en=1 if_pc_stall=0 
cycle=10 pc=        28 if_id_instr=00000000 if_instr_addr=00000020 if_instr_data=00000000 if_rst_en=1 if_pc_stall=0 
cycle=11 pc=        32 if_id_instr=00000000 if_instr_addr=00000024 if_instr_data=00000000 if_rst_en=1 if_pc_stall=0 
cycle=12 pc=        36 if_id_instr=00000000 if_instr_addr=00000028 if_instr_data=00000000 if_rst_en=1 if_pc_stall=0 
cycle=13 pc=        40 if_id_instr=00000000 if_instr_addr=0000002c if_instr_data=00000000 if_rst_en=1 if_pc_stall=0 
cycle=14 pc=        44 if_id_instr=00000000 if_instr_addr=00000030 if_instr_data=00000000 if_rst_en=1 if_pc_stall=0 
cycle=15 pc=        48 if_id_instr=00000000 if_instr_addr=00000034 if_instr_data=00000000 if_rst_en=1 if_pc_stall=0 
cycle=16 pc=        52 if_id_instr=00000000 if_instr_addr=00000038 if_instr_data=00000000 if_rst_en=1 if_pc_stall=0 
INFO: [USF-XSim-96] XSim completed. Design snapshot 'tb_top_behav' loaded.
INFO: [USF-XSim-97] XSim simulation ran for 1000ns
launch_simulation: Time (s): cpu = 00:00:09 ; elapsed = 00:00:13 . Memory (MB): peak = 12989.832 ; gain = 68.203 ; free physical = 3853 ; free virtual = 11995
close_sim
INFO: xsimkernel Simulation Memory Usage: 488540 KB (Peak: 532792 KB), Simulation CPU Usage: 940 ms
INFO: [Simtcl 6-16] Simulation closed
launch_simulation
Command: launch_simulation 
WARNING: [filemgmt 56-199] Attempt to get parsing info during refresh. "On-the-fly" syntax checking information may be incorrect. [/home/rohankr2/projects/risc-v/risc-v/risc-v.srcs/sources_1/new/decode_stage.sv:]
WARNING: [filemgmt 56-199] Attempt to get parsing info during refresh. "On-the-fly" syntax checking information may be incorrect. [/home/rohankr2/projects/risc-v/risc-v/risc-v.srcs/sources_1/new/fetch_stage.sv:]
WARNING: [filemgmt 56-199] Attempt to get parsing info during refresh. "On-the-fly" syntax checking information may be incorrect. [/home/rohankr2/projects/risc-v/risc-v/risc-v.srcs/sources_1/new/tb_top.sv:]
WARNING: [filemgmt 56-199] Attempt to get parsing info during refresh. "On-the-fly" syntax checking information may be incorrect. [/home/rohankr2/projects/risc-v/risc-v/risc-v.srcs/sources_1/new/execute_stage.sv:]
WARNING: [filemgmt 56-199] Attempt to get parsing info during refresh. "On-the-fly" syntax checking information may be incorrect. [/home/rohankr2/projects/risc-v/risc-v/risc-v.srcs/sources_1/new/tb_top.sv:]
WARNING: [filemgmt 56-199] Attempt to get parsing info during refresh. "On-the-fly" syntax checking information may be incorrect. [/home/rohankr2/projects/risc-v/risc-v/risc-v.srcs/sources_1/new/tb_top.sv:]
WARNING: [filemgmt 56-199] Attempt to get parsing info during refresh. "On-the-fly" syntax checking information may be incorrect. [/home/rohankr2/projects/risc-v/risc-v/risc-v.srcs/sources_1/new/decode_stage.sv:]
WARNING: [filemgmt 56-199] Attempt to get parsing info during refresh. "On-the-fly" syntax checking information may be incorrect. [/home/rohankr2/projects/risc-v/risc-v/risc-v.srcs/sources_1/new/fetch_stage.sv:]
WARNING: [filemgmt 56-199] Attempt to get parsing info during refresh. "On-the-fly" syntax checking information may be incorrect. [/home/rohankr2/projects/risc-v/risc-v/risc-v.srcs/sources_1/new/tb_top.sv:]
WARNING: [filemgmt 56-199] Attempt to get parsing info during refresh. "On-the-fly" syntax checking information may be incorrect. [/home/rohankr2/projects/risc-v/risc-v/risc-v.srcs/sources_1/new/execute_stage.sv:]
WARNING: [filemgmt 56-199] Attempt to get parsing info during refresh. "On-the-fly" syntax checking information may be incorrect. [/home/rohankr2/projects/risc-v/risc-v/risc-v.srcs/sources_1/new/fetch_stage.sv:]
WARNING: [filemgmt 56-199] Attempt to get parsing info during refresh. "On-the-fly" syntax checking information may be incorrect. [/home/rohankr2/projects/risc-v/risc-v/risc-v.srcs/sources_1/new/fetch_stage.sv:]
WARNING: [filemgmt 56-199] Attempt to get parsing info during refresh. "On-the-fly" syntax checking information may be incorrect. [/home/rohankr2/projects/risc-v/risc-v/risc-v.srcs/sources_1/new/decode_stage.sv:]
WARNING: [filemgmt 56-199] Attempt to get parsing info during refresh. "On-the-fly" syntax checking information may be incorrect. [/home/rohankr2/projects/risc-v/risc-v/risc-v.srcs/sources_1/new/fetch_stage.sv:]
WARNING: [filemgmt 56-199] Attempt to get parsing info during refresh. "On-the-fly" syntax checking information may be incorrect. [/home/rohankr2/projects/risc-v/risc-v/risc-v.srcs/sources_1/new/tb_top.sv:]
WARNING: [filemgmt 56-199] Attempt to get parsing info during refresh. "On-the-fly" syntax checking information may be incorrect. [/home/rohankr2/projects/risc-v/risc-v/risc-v.srcs/sources_1/new/execute_stage.sv:]
WARNING: [filemgmt 56-199] Attempt to get parsing info during refresh. "On-the-fly" syntax checking information may be incorrect. [/home/rohankr2/projects/risc-v/risc-v/risc-v.srcs/sources_1/new/decode_stage.sv:]
WARNING: [filemgmt 56-199] Attempt to get parsing info during refresh. "On-the-fly" syntax checking information may be incorrect. [/home/rohankr2/projects/risc-v/risc-v/risc-v.srcs/sources_1/new/decode_stage.sv:]
INFO: [Vivado 12-12493] Simulation top is 'tb_top'
INFO: [Vivado 12-5698] Checking validity of IPs in the design for the 'XSim' simulator...
INFO: [Vivado 12-5682] Launching behavioral simulation in '/home/rohankr2/projects/risc-v/risc-v/risc-v.sim/sim_1/behav/xsim'
INFO: [Vivado 12-4795] Using compiled simulation libraries for IPs
INFO: [SIM-utils-51] Simulation object is 'sim_1'
INFO: [SIM-utils-72] Using boost library from '/software/xilinx-2025.1/2025.1/Vivado/tps/boost_1_72_0'
INFO: [USF-XSim-7] Finding pre-compiled libraries...
INFO: [USF-XSim-11] File '/software/xilinx-2025.1/2025.1/data/xsim/xsim.ini' copied to run dir:'/home/rohankr2/projects/risc-v/risc-v/risc-v.sim/sim_1/behav/xsim'
INFO: [SIM-utils-54] Inspecting design source files for 'tb_top' in fileset 'sim_1'...
INFO: [SIM-utils-43] Exported '/home/rohankr2/projects/risc-v/risc-v/risc-v.sim/sim_1/behav/xsim/blk_mem_gen_0.mif'
INFO: [SIM-utils-43] Exported '/home/rohankr2/projects/risc-v/risc-v/risc-v.sim/sim_1/behav/xsim/prog.coe'
INFO: [USF-XSim-97] Finding global include files...
INFO: [USF-XSim-100] Fetching design files from 'sources_1'...(this may take a while)...
INFO: [USF-XSim-101] Fetching design files from 'sim_1'...
INFO: [USF-XSim-2] XSim::Compile design
INFO: [USF-XSim-61] Executing 'COMPILE and ANALYZE' step in '/home/rohankr2/projects/risc-v/risc-v/risc-v.sim/sim_1/behav/xsim'
xvlog --incr --relax -L uvm -prj tb_top_vlog.prj
INFO: [VRFC 10-2263] Analyzing SystemVerilog file "/home/rohankr2/projects/risc-v/risc-v/risc-v.srcs/sources_1/new/rv_pipe_pkg.sv" into library xil_defaultlib
INFO: [VRFC 10-2263] Analyzing SystemVerilog file "/home/rohankr2/projects/risc-v/risc-v/risc-v.srcs/sources_1/new/top.sv" into library xil_defaultlib
INFO: [VRFC 10-311] analyzing module top
INFO: [VRFC 10-2263] Analyzing SystemVerilog file "/home/rohankr2/projects/risc-v/risc-v/risc-v.srcs/sources_1/new/fetch_stage.sv" into library xil_defaultlib
INFO: [VRFC 10-311] analyzing module fetch_stage
INFO: [VRFC 10-2263] Analyzing SystemVerilog file "/home/rohankr2/projects/risc-v/risc-v/risc-v.srcs/sources_1/new/instruction_memory.sv" into library xil_defaultlib
INFO: [VRFC 10-311] analyzing module instruction_memory
INFO: [VRFC 10-2263] Analyzing SystemVerilog file "/home/rohankr2/projects/risc-v/risc-v/risc-v.srcs/sources_1/new/decode_stage.sv" into library xil_defaultlib
INFO: [VRFC 10-311] analyzing module decode_stage
INFO: [VRFC 10-2263] Analyzing SystemVerilog file "/home/rohankr2/projects/risc-v/risc-v/risc-v.srcs/sources_1/new/execute_stage.sv" into library xil_defaultlib
INFO: [VRFC 10-311] analyzing module execute_stage
INFO: [VRFC 10-2263] Analyzing SystemVerilog file "/home/rohankr2/projects/risc-v/risc-v/risc-v.srcs/sources_1/new/memory_stage.sv" into library xil_defaultlib
INFO: [VRFC 10-311] analyzing module memory_stage
INFO: [VRFC 10-2263] Analyzing SystemVerilog file "/home/rohankr2/projects/risc-v/risc-v/risc-v.srcs/sources_1/new/main_memory.sv" into library xil_defaultlib
INFO: [VRFC 10-311] analyzing module main_memory
INFO: [VRFC 10-2263] Analyzing SystemVerilog file "/home/rohankr2/projects/risc-v/risc-v/risc-v.srcs/sources_1/new/writeback_stage.sv" into library xil_defaultlib
INFO: [VRFC 10-311] analyzing module writeback_stage
INFO: [VRFC 10-2263] Analyzing SystemVerilog file "/home/rohankr2/projects/risc-v/risc-v/risc-v.srcs/sources_1/new/L1_instruction_cache.sv" into library xil_defaultlib
INFO: [VRFC 10-2263] Analyzing SystemVerilog file "/home/rohankr2/projects/risc-v/risc-v/risc-v.srcs/sources_1/new/tb_top.sv" into library xil_defaultlib
INFO: [VRFC 10-311] analyzing module tb_top
Waiting for jobs to finish...
No pending jobs, compilation finished.
INFO: [USF-XSim-69] 'compile' step finished in '1' seconds
INFO: [USF-XSim-3] XSim::Elaborate design
INFO: [USF-XSim-61] Executing 'ELABORATE' step in '/home/rohankr2/projects/risc-v/risc-v/risc-v.sim/sim_1/behav/xsim'
xelab --incr --debug typical --relax --mt 8 -L xil_defaultlib -L blk_mem_gen_v8_4_11 -L uvm -L unisims_ver -L unimacro_ver -L secureip -L xpm --snapshot tb_top_behav xil_defaultlib.tb_top xil_defaultlib.glbl -log elaborate.log
Vivado Simulator v2025.1.0
Copyright 1986-2022 Xilinx, Inc. All Rights Reserved.
Copyright 2022-2025 Advanced Micro Devices, Inc. All Rights Reserved.
Running: /software/xilinx-2025.1/2025.1/Vivado/bin/unwrapped/lnx64.o/xelab --incr --debug typical --relax --mt 8 -L xil_defaultlib -L blk_mem_gen_v8_4_11 -L uvm -L unisims_ver -L unimacro_ver -L secureip -L xpm --snapshot tb_top_behav xil_defaultlib.tb_top xil_defaultlib.glbl -log elaborate.log 
Using 8 slave threads.
Starting static elaboration
Pass Through NonSizing Optimizer
WARNING: [VRFC 10-3818] variable 'PC' is driven by invalid combination of procedural drivers [/home/rohankr2/projects/risc-v/risc-v/risc-v.srcs/sources_1/new/fetch_stage.sv:26]
WARNING: [VRFC 10-2921] 'PC' driven by this always_ff block should not be driven by any other process [/home/rohankr2/projects/risc-v/risc-v/risc-v.srcs/sources_1/new/fetch_stage.sv:52]
Completed static elaboration
Starting simulation data flow analysis
WARNING: [XSIM 43-4100] "/home/rohankr2/projects/risc-v/risc-v/risc-v.srcs/sources_1/new/tb_top.sv" Line 3. Module tb_top has a timescale but at least one module in design doesn't have timescale.
WARNING: [XSIM 43-4100] "/home/rohankr2/projects/risc-v/risc-v/risc-v.srcs/sources_1/new/top.sv" Line 3. Module top_default has a timescale but at least one module in design doesn't have timescale.
WARNING: [XSIM 43-4100] "/home/rohankr2/projects/risc-v/risc-v/risc-v.srcs/sources_1/new/fetch_stage.sv" Line 6. Module fetch_stage has a timescale but at least one module in design doesn't have timescale.
WARNING: [XSIM 43-4100] "/home/rohankr2/projects/risc-v/risc-v/risc-v.srcs/sources_1/new/instruction_memory.sv" Line 22. Module instruction_memory has a timescale but at least one module in design doesn't have timescale.
WARNING: [XSIM 43-4100] "/home/rohankr2/projects/risc-v/risc-v/risc-v.gen/sources_1/ip/blk_mem_gen_0_1/sim/blk_mem_gen_0.v" Line 55. Module blk_mem_gen_0 has a timescale but at least one module in design doesn't have timescale.
WARNING: [XSIM 43-4100] "/wrk/ci/prod/2025.1/sw/continuous/3882/output/customer/vivado/data/ip/xilinx/blk_mem_gen_v8_4/simulation/blk_mem_gen_v8_4.v" Line 3540. Module blk_mem_gen_v8_4_11(C_FAMILY="spartan7",C_XDEVICEFAMILY="spartan7",C_ELABORATION_DIR="./",C_ENABLE_32BIT_ADDRESS=1,C_AXI_TYPE=1,C_MEM_TYPE=3,C_BYTE_SIZE=8,C_PRIM_TYPE=1,C_LOAD_INIT_FILE=1,C_INIT_FILE_NAME="blk_mem_gen_0.mif",C_INIT_FILE="blk_mem_gen_0.mem",C_HAS_RSTA=1,C_WRITE_DEPTH_A=32768,C_READ_DEPTH_A=32768,C_ADDRA_WIDTH=32,C_INITB_VAL="0",C_HAS_ENB=0,C_WRITE_DEPTH_B=32768,C_READ_DEPTH_B=32768,C_ADDRB_WIDTH=32,C_HAS_MEM_OUTPUT_REGS_A=1,C_SIM_COLLISION_CHECK="ALL",C_COMMON_CLK=0,C_EN_SAFETY_CKT=1,C_COUNT_36K_BRAM="29",C_COUNT_18K_BRAM="0",C_EST_POWER_SUMMARY="Estimated_Power_for_IP_____:_____17.22687_mW") has a timescale but at least one module in design doesn't have timescale.
WARNING: [XSIM 43-4100] "/wrk/ci/prod/2025.1/sw/continuous/3882/output/customer/vivado/data/ip/xilinx/blk_mem_gen_v8_4/simulation/blk_mem_gen_v8_4.v" Line 2060. Module blk_mem_gen_v8_4_11_mem_module(C_FAMILY="spartan7",C_XDEVICEFAMILY="spartan7",C_MEM_TYPE=3,C_BYTE_SIZE=8,C_PRIM_TYPE=1,C_LOAD_INIT_FILE=1,C_INIT_FILE_NAME="blk_mem_gen_0.mif",C_INIT_FILE="blk_mem_gen_0.mem",C_HAS_RSTA=1,C_WRITE_DEPTH_A=32768,C_READ_DEPTH_A=32768,C_ADDRA_WIDTH=15,C_INITB_VAL="0",C_HAS_ENB=0,C_WRITE_DEPTH_B=32768,C_READ_DEPTH_B=32768,C_ADDRB_WIDTH=15,C_HAS_MEM_OUTPUT_REGS_A=1,C_SIM_COLLISION_CHECK="ALL",C_COMMON_CLK=0) has a timescale but at least one module in design doesn't have timescale.
WARNING: [XSIM 43-4100] "/wrk/ci/prod/2025.1/sw/continuous/3882/output/customer/vivado/data/ip/xilinx/blk_mem_gen_v8_4/simulation/blk_mem_gen_v8_4.v" Line 1608. Module blk_mem_gen_v8_4_11_output_stage(C_FAMILY="spartan7",C_XDEVICEFAMILY="spartan7",C_HAS_RST=1,C_ADDRB_WIDTH=15,C_HAS_MEM_OUTPUT_REGS=1) has a timescale but at least one module in design doesn't have timescale.
WARNING: [XSIM 43-4100] "/wrk/ci/prod/2025.1/sw/continuous/3882/output/customer/vivado/data/ip/xilinx/blk_mem_gen_v8_4/simulation/blk_mem_gen_v8_4.v" Line 1608. Module blk_mem_gen_v8_4_11_output_stage(C_FAMILY="spartan7",C_XDEVICEFAMILY="spartan7",C_ADDRB_WIDTH=15,NUM_STAGES=0) has a timescale but at least one module in design doesn't have timescale.
WARNING: [XSIM 43-4100] "/wrk/ci/prod/2025.1/sw/continuous/3882/output/customer/vivado/data/ip/xilinx/blk_mem_gen_v8_4/simulation/blk_mem_gen_v8_4.v" Line 1968. Module blk_mem_gen_v8_4_11_softecc_output_reg_stage(C_ADDRB_WIDTH=15) has a timescale but at least one module in design doesn't have timescale.
WARNING: [XSIM 43-4100] "/home/rohankr2/projects/risc-v/risc-v/risc-v.srcs/sources_1/new/decode_stage.sv" Line 3. Module decode_stage has a timescale but at least one module in design doesn't have timescale.
WARNING: [XSIM 43-4100] "/home/rohankr2/projects/risc-v/risc-v/risc-v.srcs/sources_1/new/execute_stage.sv" Line 2. Module execute_stage has a timescale but at least one module in design doesn't have timescale.
WARNING: [XSIM 43-4100] "/home/rohankr2/projects/risc-v/risc-v/risc-v.srcs/sources_1/new/memory_stage.sv" Line 23. Module memory_stage_default has a timescale but at least one module in design doesn't have timescale.
WARNING: [XSIM 43-4100] "/home/rohankr2/projects/risc-v/risc-v/risc-v.srcs/sources_1/new/main_memory.sv" Line 23. Module main_memory has a timescale but at least one module in design doesn't have timescale.
WARNING: [XSIM 43-4100] "/home/rohankr2/projects/risc-v/risc-v/risc-v.gen/sources_1/ip/blk_mem_gen_1_1/sim/blk_mem_gen_1.v" Line 55. Module blk_mem_gen_1 has a timescale but at least one module in design doesn't have timescale.
WARNING: [XSIM 43-4100] "/wrk/ci/prod/2025.1/sw/continuous/3882/output/customer/vivado/data/ip/xilinx/blk_mem_gen_v8_4/simulation/blk_mem_gen_v8_4.v" Line 3540. Module blk_mem_gen_v8_4_11(C_FAMILY="spartan7",C_XDEVICEFAMILY="spartan7",C_ELABORATION_DIR="./",C_ENABLE_32BIT_ADDRESS=1,C_AXI_TYPE=1,C_MEM_TYPE=1,C_BYTE_SIZE=8,C_PRIM_TYPE=1,C_INIT_FILE_NAME="no_coe_file_loaded",C_INIT_FILE="blk_mem_gen_1.mem",C_USE_BYTE_WEA=1,C_WEA_WIDTH=4,C_WRITE_DEPTH_A=47104,C_READ_DEPTH_A=47104,C_ADDRA_WIDTH=32,C_HAS_RSTB=1,C_INITB_VAL="0",C_USE_BYTE_WEB=1,C_WEB_WIDTH=4,C_WRITE_DEPTH_B=47104,C_READ_DEPTH_B=47104,C_ADDRB_WIDTH=32,C_HAS_MEM_OUTPUT_REGS_B=1,C_SIM_COLLISION_CHECK="ALL",C_COMMON_CLK=0,C_EN_SAFETY_CKT=1,C_COUNT_36K_BRAM="46",C_COUNT_18K_BRAM="0",C_EST_POWER_SUMMARY="Estimated_Power_for_IP_____:_____18.189974_mW") has a timescale but at least one module in design doesn't have timescale.
WARNING: [XSIM 43-4100] "/wrk/ci/prod/2025.1/sw/continuous/3882/output/customer/vivado/data/ip/xilinx/blk_mem_gen_v8_4/simulation/blk_mem_gen_v8_4.v" Line 2060. Module blk_mem_gen_v8_4_11_mem_module(C_FAMILY="spartan7",C_XDEVICEFAMILY="spartan7",C_MEM_TYPE=1,C_BYTE_SIZE=8,C_PRIM_TYPE=1,C_INIT_FILE_NAME="no_coe_file_loaded",C_INIT_FILE="blk_mem_gen_1.mem",C_USE_BYTE_WEA=1,C_WEA_WIDTH=4,C_WRITE_DEPTH_A=47104,C_READ_DEPTH_A=47104,C_ADDRA_WIDTH=16,C_HAS_RSTB=1,C_INITB_VAL="0",C_USE_BYTE_WEB=1,C_WEB_WIDTH=4,C_WRITE_DEPTH_B=47104,C_READ_DEPTH_B=47104,C_ADDRB_WIDTH=16,C_HAS_MEM_OUTPUT_REGS_B=1,C_SIM_COLLISION_CHECK="ALL",C_COMMON_CLK=0) has a timescale but at least one module in design doesn't have timescale.
WARNING: [XSIM 43-4100] "/wrk/ci/prod/2025.1/sw/continuous/3882/output/customer/vivado/data/ip/xilinx/blk_mem_gen_v8_4/simulation/blk_mem_gen_v8_4.v" Line 1608. Module blk_mem_gen_v8_4_11_output_stage(C_FAMILY="spartan7",C_XDEVICEFAMILY="spartan7",C_ADDRB_WIDTH=16,NUM_STAGES=0) has a timescale but at least one module in design doesn't have timescale.
WARNING: [XSIM 43-4100] "/wrk/ci/prod/2025.1/sw/continuous/3882/output/customer/vivado/data/ip/xilinx/blk_mem_gen_v8_4/simulation/blk_mem_gen_v8_4.v" Line 1608. Module blk_mem_gen_v8_4_11_output_stage(C_FAMILY="spartan7",C_XDEVICEFAMILY="spartan7",C_HAS_RST=1,C_ADDRB_WIDTH=16,C_HAS_MEM_OUTPUT_REGS=1) has a timescale but at least one module in design doesn't have timescale.
WARNING: [XSIM 43-4100] "/wrk/ci/prod/2025.1/sw/continuous/3882/output/customer/vivado/data/ip/xilinx/blk_mem_gen_v8_4/simulation/blk_mem_gen_v8_4.v" Line 1968. Module blk_mem_gen_v8_4_11_softecc_output_reg_stage(C_ADDRB_WIDTH=16) has a timescale but at least one module in design doesn't have timescale.
WARNING: [XSIM 43-4100] "/wrk/ci/prod/2025.1/sw/continuous/3882/output/customer/vivado/data/ip/xilinx/blk_mem_gen_v8_4/simulation/blk_mem_gen_v8_4.v" Line 1538. Module blk_mem_axi_regs_fwd_v8_4(C_DATA_WIDTH=7) has a timescale but at least one module in design doesn't have timescale.
WARNING: [XSIM 43-4100] "/home/rohankr2/projects/risc-v/risc-v/risc-v.srcs/sources_1/new/writeback_stage.sv" Line 3. Module writeback_stage has a timescale but at least one module in design doesn't have timescale.
WARNING: [XSIM 43-4100] "/home/rohankr2/projects/risc-v/risc-v/risc-v.srcs/sources_1/new/tb_top.sv" Line 3. Module tb_top has a timescale but at least one module in design doesn't have timescale.
WARNING: [XSIM 43-4100] "/home/rohankr2/projects/risc-v/risc-v/risc-v.srcs/sources_1/new/top.sv" Line 3. Module top_default has a timescale but at least one module in design doesn't have timescale.
WARNING: [XSIM 43-4100] "/home/rohankr2/projects/risc-v/risc-v/risc-v.srcs/sources_1/new/fetch_stage.sv" Line 6. Module fetch_stage has a timescale but at least one module in design doesn't have timescale.
WARNING: [XSIM 43-4100] "/home/rohankr2/projects/risc-v/risc-v/risc-v.srcs/sources_1/new/instruction_memory.sv" Line 22. Module instruction_memory has a timescale but at least one module in design doesn't have timescale.
WARNING: [XSIM 43-4100] "/home/rohankr2/projects/risc-v/risc-v/risc-v.gen/sources_1/ip/blk_mem_gen_0_1/sim/blk_mem_gen_0.v" Line 55. Module blk_mem_gen_0 has a timescale but at least one module in design doesn't have timescale.
WARNING: [XSIM 43-4100] "/wrk/ci/prod/2025.1/sw/continuous/3882/output/customer/vivado/data/ip/xilinx/blk_mem_gen_v8_4/simulation/blk_mem_gen_v8_4.v" Line 3540. Module blk_mem_gen_v8_4_11(C_FAMILY="spartan7",C_XDEVICEFAMILY="spartan7",C_ELABORATION_DIR="./",C_ENABLE_32BIT_ADDRESS=1,C_AXI_TYPE=1,C_MEM_TYPE=3,C_BYTE_SIZE=8,C_PRIM_TYPE=1,C_LOAD_INIT_FILE=1,C_INIT_FILE_NAME="blk_mem_gen_0.mif",C_INIT_FILE="blk_mem_gen_0.mem",C_HAS_RSTA=1,C_WRITE_DEPTH_A=32768,C_READ_DEPTH_A=32768,C_ADDRA_WIDTH=32,C_INITB_VAL="0",C_HAS_ENB=0,C_WRITE_DEPTH_B=32768,C_READ_DEPTH_B=32768,C_ADDRB_WIDTH=32,C_HAS_MEM_OUTPUT_REGS_A=1,C_SIM_COLLISION_CHECK="ALL",C_COMMON_CLK=0,C_EN_SAFETY_CKT=1,C_COUNT_36K_BRAM="29",C_COUNT_18K_BRAM="0",C_EST_POWER_SUMMARY="Estimated_Power_for_IP_____:_____17.22687_mW") has a timescale but at least one module in design doesn't have timescale.
WARNING: [XSIM 43-4100] "/wrk/ci/prod/2025.1/sw/continuous/3882/output/customer/vivado/data/ip/xilinx/blk_mem_gen_v8_4/simulation/blk_mem_gen_v8_4.v" Line 2060. Module blk_mem_gen_v8_4_11_mem_module(C_FAMILY="spartan7",C_XDEVICEFAMILY="spartan7",C_MEM_TYPE=3,C_BYTE_SIZE=8,C_PRIM_TYPE=1,C_LOAD_INIT_FILE=1,C_INIT_FILE_NAME="blk_mem_gen_0.mif",C_INIT_FILE="blk_mem_gen_0.mem",C_HAS_RSTA=1,C_WRITE_DEPTH_A=32768,C_READ_DEPTH_A=32768,C_ADDRA_WIDTH=15,C_INITB_VAL="0",C_HAS_ENB=0,C_WRITE_DEPTH_B=32768,C_READ_DEPTH_B=32768,C_ADDRB_WIDTH=15,C_HAS_MEM_OUTPUT_REGS_A=1,C_SIM_COLLISION_CHECK="ALL",C_COMMON_CLK=0) has a timescale but at least one module in design doesn't have timescale.
WARNING: [XSIM 43-4100] "/wrk/ci/prod/2025.1/sw/continuous/3882/output/customer/vivado/data/ip/xilinx/blk_mem_gen_v8_4/simulation/blk_mem_gen_v8_4.v" Line 3540. Module blk_mem_gen_v8_4_11 has a timescale but at least one module in design doesn't have timescale.
WARNING: [XSIM 43-4100] "/wrk/ci/prod/2025.1/sw/continuous/3882/output/customer/vivado/data/ip/xilinx/blk_mem_gen_v8_4/simulation/blk_mem_gen_v8_4.v" Line 3540. Module blk_mem_gen_v8_4_11(C_FAMILY="spartan7",C_XDEVICEFAMILY="spartan7",C_ELABORATION_DIR="./",C_ENABLE_32BIT_ADDRESS=1,C_AXI_TYPE=1,C_MEM_TYPE=3,C_BYTE_SIZE=8,C_PRIM_TYPE=1,C_LOAD_INIT_FILE=1,C_INIT_FILE_NAME="blk_mem_gen_0.mif",C_INIT_FILE="blk_mem_gen_0.mem",C_HAS_RSTA=1,C_WRITE_DEPTH_A=32768,C_READ_DEPTH_A=32768,C_ADDRA_WIDTH=32,C_INITB_VAL="0",C_HAS_ENB=0,C_WRITE_DEPTH_B=32768,C_READ_DEPTH_B=32768,C_ADDRB_WIDTH=32,C_HAS_MEM_OUTPUT_REGS_A=1,C_SIM_COLLISION_CHECK="ALL",C_COMMON_CLK=0,C_EN_SAFETY_CKT=1,C_COUNT_36K_BRAM="29",C_COUNT_18K_BRAM="0",C_EST_POWER_SUMMARY="Estimated_Power_for_IP_____:_____17.22687_mW") has a timescale but at least one module in design doesn't have timescale.
WARNING: [XSIM 43-4100] "/wrk/ci/prod/2025.1/sw/continuous/3882/output/customer/vivado/data/ip/xilinx/blk_mem_gen_v8_4/simulation/blk_mem_gen_v8_4.v" Line 3540. Module blk_mem_gen_v8_4_11(C_FAMILY="spartan7",C_XDEVICEFAMILY="spartan7",C_ELABORATION_DIR="./",C_ENABLE_32BIT_ADDRESS=1,C_AXI_TYPE=1,C_MEM_TYPE=1,C_BYTE_SIZE=8,C_PRIM_TYPE=1,C_INIT_FILE_NAME="no_coe_file_loaded",C_INIT_FILE="blk_mem_gen_1.mem",C_USE_BYTE_WEA=1,C_WEA_WIDTH=4,C_WRITE_DEPTH_A=47104,C_READ_DEPTH_A=47104,C_ADDRA_WIDTH=32,C_HAS_RSTB=1,C_INITB_VAL="0",C_USE_BYTE_WEB=1,C_WEB_WIDTH=4,C_WRITE_DEPTH_B=47104,C_READ_DEPTH_B=47104,C_ADDRB_WIDTH=32,C_HAS_MEM_OUTPUT_REGS_B=1,C_SIM_COLLISION_CHECK="ALL",C_COMMON_CLK=0,C_EN_SAFETY_CKT=1,C_COUNT_36K_BRAM="46",C_COUNT_18K_BRAM="0",C_EST_POWER_SUMMARY="Estimated_Power_for_IP_____:_____18.189974_mW") has a timescale but at least one module in design doesn't have timescale.
WARNING: [XSIM 43-4100] "/wrk/ci/prod/2025.1/sw/continuous/3882/output/customer/vivado/data/ip/xilinx/blk_mem_gen_v8_4/simulation/blk_mem_gen_v8_4.v" Line 3540. Module blk_mem_gen_v8_4_11 has a timescale but at least one module in design doesn't have timescale.
WARNING: [XSIM 43-4100] "/wrk/ci/prod/2025.1/sw/continuous/3882/output/customer/vivado/data/ip/xilinx/blk_mem_gen_v8_4/simulation/blk_mem_gen_v8_4.v" Line 3540. Module blk_mem_gen_v8_4_11(C_FAMILY="spartan7",C_XDEVICEFAMILY="spartan7",C_ELABORATION_DIR="./",C_ENABLE_32BIT_ADDRESS=1,C_AXI_TYPE=1,C_MEM_TYPE=3,C_BYTE_SIZE=8,C_PRIM_TYPE=1,C_LOAD_INIT_FILE=1,C_INIT_FILE_NAME="blk_mem_gen_0.mif",C_INIT_FILE="blk_mem_gen_0.mem",C_HAS_RSTA=1,C_WRITE_DEPTH_A=32768,C_READ_DEPTH_A=32768,C_ADDRA_WIDTH=32,C_INITB_VAL="0",C_HAS_ENB=0,C_WRITE_DEPTH_B=32768,C_READ_DEPTH_B=32768,C_ADDRB_WIDTH=32,C_HAS_MEM_OUTPUT_REGS_A=1,C_SIM_COLLISION_CHECK="ALL",C_COMMON_CLK=0,C_EN_SAFETY_CKT=1,C_COUNT_36K_BRAM="29",C_COUNT_18K_BRAM="0",C_EST_POWER_SUMMARY="Estimated_Power_for_IP_____:_____17.22687_mW") has a timescale but at least one module in design doesn't have timescale.
WARNING: [XSIM 43-4100] "/wrk/ci/prod/2025.1/sw/continuous/3882/output/customer/vivado/data/ip/xilinx/blk_mem_gen_v8_4/simulation/blk_mem_gen_v8_4.v" Line 3540. Module blk_mem_gen_v8_4_11(C_FAMILY="spartan7",C_XDEVICEFAMILY="spartan7",C_ELABORATION_DIR="./",C_ENABLE_32BIT_ADDRESS=1,C_AXI_TYPE=1,C_MEM_TYPE=1,C_BYTE_SIZE=8,C_PRIM_TYPE=1,C_INIT_FILE_NAME="no_coe_file_loaded",C_INIT_FILE="blk_mem_gen_1.mem",C_USE_BYTE_WEA=1,C_WEA_WIDTH=4,C_WRITE_DEPTH_A=47104,C_READ_DEPTH_A=47104,C_ADDRA_WIDTH=32,C_HAS_RSTB=1,C_INITB_VAL="0",C_USE_BYTE_WEB=1,C_WEB_WIDTH=4,C_WRITE_DEPTH_B=47104,C_READ_DEPTH_B=47104,C_ADDRB_WIDTH=32,C_HAS_MEM_OUTPUT_REGS_B=1,C_SIM_COLLISION_CHECK="ALL",C_COMMON_CLK=0,C_EN_SAFETY_CKT=1,C_COUNT_36K_BRAM="46",C_COUNT_18K_BRAM="0",C_EST_POWER_SUMMARY="Estimated_Power_for_IP_____:_____18.189974_mW") has a timescale but at least one module in design doesn't have timescale.
WARNING: [XSIM 43-4100] "/wrk/ci/prod/2025.1/sw/continuous/3882/output/customer/vivado/data/ip/xilinx/blk_mem_gen_v8_4/simulation/blk_mem_gen_v8_4.v" Line 3540. Module blk_mem_gen_v8_4_11 has a timescale but at least one module in design doesn't have timescale.
WARNING: [XSIM 43-4100] "/wrk/ci/prod/2025.1/sw/continuous/3882/output/customer/vivado/data/ip/xilinx/blk_mem_gen_v8_4/simulation/blk_mem_gen_v8_4.v" Line 3540. Module blk_mem_gen_v8_4_11(C_FAMILY="spartan7",C_XDEVICEFAMILY="spartan7",C_ELABORATION_DIR="./",C_ENABLE_32BIT_ADDRESS=1,C_AXI_TYPE=1,C_MEM_TYPE=3,C_BYTE_SIZE=8,C_PRIM_TYPE=1,C_LOAD_INIT_FILE=1,C_INIT_FILE_NAME="blk_mem_gen_0.mif",C_INIT_FILE="blk_mem_gen_0.mem",C_HAS_RSTA=1,C_WRITE_DEPTH_A=32768,C_READ_DEPTH_A=32768,C_ADDRA_WIDTH=32,C_INITB_VAL="0",C_HAS_ENB=0,C_WRITE_DEPTH_B=32768,C_READ_DEPTH_B=32768,C_ADDRB_WIDTH=32,C_HAS_MEM_OUTPUT_REGS_A=1,C_SIM_COLLISION_CHECK="ALL",C_COMMON_CLK=0,C_EN_SAFETY_CKT=1,C_COUNT_36K_BRAM="29",C_COUNT_18K_BRAM="0",C_EST_POWER_SUMMARY="Estimated_Power_for_IP_____:_____17.22687_mW") has a timescale but at least one module in design doesn't have timescale.
WARNING: [XSIM 43-4100] "/wrk/ci/prod/2025.1/sw/continuous/3882/output/customer/vivado/data/ip/xilinx/blk_mem_gen_v8_4/simulation/blk_mem_gen_v8_4.v" Line 3540. Module blk_mem_gen_v8_4_11(C_FAMILY="spartan7",C_XDEVICEFAMILY="spartan7",C_ELABORATION_DIR="./",C_ENABLE_32BIT_ADDRESS=1,C_AXI_TYPE=1,C_MEM_TYPE=1,C_BYTE_SIZE=8,C_PRIM_TYPE=1,C_INIT_FILE_NAME="no_coe_file_loaded",C_INIT_FILE="blk_mem_gen_1.mem",C_USE_BYTE_WEA=1,C_WEA_WIDTH=4,C_WRITE_DEPTH_A=47104,C_READ_DEPTH_A=47104,C_ADDRA_WIDTH=32,C_HAS_RSTB=1,C_INITB_VAL="0",C_USE_BYTE_WEB=1,C_WEB_WIDTH=4,C_WRITE_DEPTH_B=47104,C_READ_DEPTH_B=47104,C_ADDRB_WIDTH=32,C_HAS_MEM_OUTPUT_REGS_B=1,C_SIM_COLLISION_CHECK="ALL",C_COMMON_CLK=0,C_EN_SAFETY_CKT=1,C_COUNT_36K_BRAM="46",C_COUNT_18K_BRAM="0",C_EST_POWER_SUMMARY="Estimated_Power_for_IP_____:_____18.189974_mW") has a timescale but at least one module in design doesn't have timescale.
WARNING: [XSIM 43-4100] "/wrk/ci/prod/2025.1/sw/continuous/3882/output/customer/vivado/data/ip/xilinx/blk_mem_gen_v8_4/simulation/blk_mem_gen_v8_4.v" Line 3540. Module blk_mem_gen_v8_4_11 has a timescale but at least one module in design doesn't have timescale.
WARNING: [XSIM 43-4100] "/wrk/ci/prod/2025.1/sw/continuous/3882/output/customer/vivado/data/ip/xilinx/blk_mem_gen_v8_4/simulation/blk_mem_gen_v8_4.v" Line 3540. Module blk_mem_gen_v8_4_11(C_FAMILY="spartan7",C_XDEVICEFAMILY="spartan7",C_ELABORATION_DIR="./",C_ENABLE_32BIT_ADDRESS=1,C_AXI_TYPE=1,C_MEM_TYPE=3,C_BYTE_SIZE=8,C_PRIM_TYPE=1,C_LOAD_INIT_FILE=1,C_INIT_FILE_NAME="blk_mem_gen_0.mif",C_INIT_FILE="blk_mem_gen_0.mem",C_HAS_RSTA=1,C_WRITE_DEPTH_A=32768,C_READ_DEPTH_A=32768,C_ADDRA_WIDTH=32,C_INITB_VAL="0",C_HAS_ENB=0,C_WRITE_DEPTH_B=32768,C_READ_DEPTH_B=32768,C_ADDRB_WIDTH=32,C_HAS_MEM_OUTPUT_REGS_A=1,C_SIM_COLLISION_CHECK="ALL",C_COMMON_CLK=0,C_EN_SAFETY_CKT=1,C_COUNT_36K_BRAM="29",C_COUNT_18K_BRAM="0",C_EST_POWER_SUMMARY="Estimated_Power_for_IP_____:_____17.22687_mW") has a timescale but at least one module in design doesn't have timescale.
WARNING: [XSIM 43-4100] "/wrk/ci/prod/2025.1/sw/continuous/3882/output/customer/vivado/data/ip/xilinx/blk_mem_gen_v8_4/simulation/blk_mem_gen_v8_4.v" Line 3540. Module blk_mem_gen_v8_4_11(C_FAMILY="spartan7",C_XDEVICEFAMILY="spartan7",C_ELABORATION_DIR="./",C_ENABLE_32BIT_ADDRESS=1,C_AXI_TYPE=1,C_MEM_TYPE=1,C_BYTE_SIZE=8,C_PRIM_TYPE=1,C_INIT_FILE_NAME="no_coe_file_loaded",C_INIT_FILE="blk_mem_gen_1.mem",C_USE_BYTE_WEA=1,C_WEA_WIDTH=4,C_WRITE_DEPTH_A=47104,C_READ_DEPTH_A=47104,C_ADDRA_WIDTH=32,C_HAS_RSTB=1,C_INITB_VAL="0",C_USE_BYTE_WEB=1,C_WEB_WIDTH=4,C_WRITE_DEPTH_B=47104,C_READ_DEPTH_B=47104,C_ADDRB_WIDTH=32,C_HAS_MEM_OUTPUT_REGS_B=1,C_SIM_COLLISION_CHECK="ALL",C_COMMON_CLK=0,C_EN_SAFETY_CKT=1,C_COUNT_36K_BRAM="46",C_COUNT_18K_BRAM="0",C_EST_POWER_SUMMARY="Estimated_Power_for_IP_____:_____18.189974_mW") has a timescale but at least one module in design doesn't have timescale.
WARNING: [XSIM 43-4100] "/wrk/ci/prod/2025.1/sw/continuous/3882/output/customer/vivado/data/ip/xilinx/blk_mem_gen_v8_4/simulation/blk_mem_gen_v8_4.v" Line 3540. Module blk_mem_gen_v8_4_11 has a timescale but at least one module in design doesn't have timescale.
WARNING: [XSIM 43-4100] "/wrk/ci/prod/2025.1/sw/continuous/3882/output/customer/vivado/data/ip/xilinx/blk_mem_gen_v8_4/simulation/blk_mem_gen_v8_4.v" Line 3540. Module blk_mem_gen_v8_4_11(C_FAMILY="spartan7",C_XDEVICEFAMILY="spartan7",C_ELABORATION_DIR="./",C_ENABLE_32BIT_ADDRESS=1,C_AXI_TYPE=1,C_MEM_TYPE=3,C_BYTE_SIZE=8,C_PRIM_TYPE=1,C_LOAD_INIT_FILE=1,C_INIT_FILE_NAME="blk_mem_gen_0.mif",C_INIT_FILE="blk_mem_gen_0.mem",C_HAS_RSTA=1,C_WRITE_DEPTH_A=32768,C_READ_DEPTH_A=32768,C_ADDRA_WIDTH=32,C_INITB_VAL="0",C_HAS_ENB=0,C_WRITE_DEPTH_B=32768,C_READ_DEPTH_B=32768,C_ADDRB_WIDTH=32,C_HAS_MEM_OUTPUT_REGS_A=1,C_SIM_COLLISION_CHECK="ALL",C_COMMON_CLK=0,C_EN_SAFETY_CKT=1,C_COUNT_36K_BRAM="29",C_COUNT_18K_BRAM="0",C_EST_POWER_SUMMARY="Estimated_Power_for_IP_____:_____17.22687_mW") has a timescale but at least one module in design doesn't have timescale.
WARNING: [XSIM 43-4100] "/wrk/ci/prod/2025.1/sw/continuous/3882/output/customer/vivado/data/ip/xilinx/blk_mem_gen_v8_4/simulation/blk_mem_gen_v8_4.v" Line 3540. Module blk_mem_gen_v8_4_11(C_FAMILY="spartan7",C_XDEVICEFAMILY="spartan7",C_ELABORATION_DIR="./",C_ENABLE_32BIT_ADDRESS=1,C_AXI_TYPE=1,C_MEM_TYPE=1,C_BYTE_SIZE=8,C_PRIM_TYPE=1,C_INIT_FILE_NAME="no_coe_file_loaded",C_INIT_FILE="blk_mem_gen_1.mem",C_USE_BYTE_WEA=1,C_WEA_WIDTH=4,C_WRITE_DEPTH_A=47104,C_READ_DEPTH_A=47104,C_ADDRA_WIDTH=32,C_HAS_RSTB=1,C_INITB_VAL="0",C_USE_BYTE_WEB=1,C_WEB_WIDTH=4,C_WRITE_DEPTH_B=47104,C_READ_DEPTH_B=47104,C_ADDRB_WIDTH=32,C_HAS_MEM_OUTPUT_REGS_B=1,C_SIM_COLLISION_CHECK="ALL",C_COMMON_CLK=0,C_EN_SAFETY_CKT=1,C_COUNT_36K_BRAM="46",C_COUNT_18K_BRAM="0",C_EST_POWER_SUMMARY="Estimated_Power_for_IP_____:_____18.189974_mW") has a timescale but at least one module in design doesn't have timescale.
WARNING: [XSIM 43-4100] "/wrk/ci/prod/2025.1/sw/continuous/3882/output/customer/vivado/data/ip/xilinx/blk_mem_gen_v8_4/simulation/blk_mem_gen_v8_4.v" Line 3540. Module blk_mem_gen_v8_4_11 has a timescale but at least one module in design doesn't have timescale.
WARNING: [XSIM 43-4100] "/wrk/ci/prod/2025.1/sw/continuous/3882/output/customer/vivado/data/ip/xilinx/blk_mem_gen_v8_4/simulation/blk_mem_gen_v8_4.v" Line 3540. Module blk_mem_gen_v8_4_11(C_FAMILY="spartan7",C_XDEVICEFAMILY="spartan7",C_ELABORATION_DIR="./",C_ENABLE_32BIT_ADDRESS=1,C_AXI_TYPE=1,C_MEM_TYPE=3,C_BYTE_SIZE=8,C_PRIM_TYPE=1,C_LOAD_INIT_FILE=1,C_INIT_FILE_NAME="blk_mem_gen_0.mif",C_INIT_FILE="blk_mem_gen_0.mem",C_HAS_RSTA=1,C_WRITE_DEPTH_A=32768,C_READ_DEPTH_A=32768,C_ADDRA_WIDTH=32,C_INITB_VAL="0",C_HAS_ENB=0,C_WRITE_DEPTH_B=32768,C_READ_DEPTH_B=32768,C_ADDRB_WIDTH=32,C_HAS_MEM_OUTPUT_REGS_A=1,C_SIM_COLLISION_CHECK="ALL",C_COMMON_CLK=0,C_EN_SAFETY_CKT=1,C_COUNT_36K_BRAM="29",C_COUNT_18K_BRAM="0",C_EST_POWER_SUMMARY="Estimated_Power_for_IP_____:_____17.22687_mW") has a timescale but at least one module in design doesn't have timescale.
WARNING: [XSIM 43-4100] "/wrk/ci/prod/2025.1/sw/continuous/3882/output/customer/vivado/data/ip/xilinx/blk_mem_gen_v8_4/simulation/blk_mem_gen_v8_4.v" Line 3540. Module blk_mem_gen_v8_4_11(C_FAMILY="spartan7",C_XDEVICEFAMILY="spartan7",C_ELABORATION_DIR="./",C_ENABLE_32BIT_ADDRESS=1,C_AXI_TYPE=1,C_MEM_TYPE=1,C_BYTE_SIZE=8,C_PRIM_TYPE=1,C_INIT_FILE_NAME="no_coe_file_loaded",C_INIT_FILE="blk_mem_gen_1.mem",C_USE_BYTE_WEA=1,C_WEA_WIDTH=4,C_WRITE_DEPTH_A=47104,C_READ_DEPTH_A=47104,C_ADDRA_WIDTH=32,C_HAS_RSTB=1,C_INITB_VAL="0",C_USE_BYTE_WEB=1,C_WEB_WIDTH=4,C_WRITE_DEPTH_B=47104,C_READ_DEPTH_B=47104,C_ADDRB_WIDTH=32,C_HAS_MEM_OUTPUT_REGS_B=1,C_SIM_COLLISION_CHECK="ALL",C_COMMON_CLK=0,C_EN_SAFETY_CKT=1,C_COUNT_36K_BRAM="46",C_COUNT_18K_BRAM="0",C_EST_POWER_SUMMARY="Estimated_Power_for_IP_____:_____18.189974_mW") has a timescale but at least one module in design doesn't have timescale.
WARNING: [XSIM 43-4100] "/wrk/ci/prod/2025.1/sw/continuous/3882/output/customer/vivado/data/ip/xilinx/blk_mem_gen_v8_4/simulation/blk_mem_gen_v8_4.v" Line 1608. Module blk_mem_gen_v8_4_11_output_stage(C_FAMILY="spartan7",C_XDEVICEFAMILY="spartan7",C_HAS_RST=1,C_ADDRB_WIDTH=15,C_HAS_MEM_OUTPUT_REGS=1) has a timescale but at least one module in design doesn't have timescale.
WARNING: [XSIM 43-4100] "/wrk/ci/prod/2025.1/sw/continuous/3882/output/customer/vivado/data/ip/xilinx/blk_mem_gen_v8_4/simulation/blk_mem_gen_v8_4.v" Line 1608. Module blk_mem_gen_v8_4_11_output_stage(C_FAMILY="spartan7",C_XDEVICEFAMILY="spartan7",C_ADDRB_WIDTH=15,NUM_STAGES=0) has a timescale but at least one module in design doesn't have timescale.
WARNING: [XSIM 43-4100] "/wrk/ci/prod/2025.1/sw/continuous/3882/output/customer/vivado/data/ip/xilinx/blk_mem_gen_v8_4/simulation/blk_mem_gen_v8_4.v" Line 1968. Module blk_mem_gen_v8_4_11_softecc_output_reg_stage(C_ADDRB_WIDTH=15) has a timescale but at least one module in design doesn't have timescale.
WARNING: [XSIM 43-4100] "/home/rohankr2/projects/risc-v/risc-v/risc-v.srcs/sources_1/new/decode_stage.sv" Line 3. Module decode_stage has a timescale but at least one module in design doesn't have timescale.
WARNING: [XSIM 43-4100] "/home/rohankr2/projects/risc-v/risc-v/risc-v.srcs/sources_1/new/execute_stage.sv" Line 2. Module execute_stage has a timescale but at least one module in design doesn't have timescale.
WARNING: [XSIM 43-4100] "/home/rohankr2/projects/risc-v/risc-v/risc-v.srcs/sources_1/new/memory_stage.sv" Line 23. Module memory_stage_default has a timescale but at least one module in design doesn't have timescale.
WARNING: [XSIM 43-4100] "/home/rohankr2/projects/risc-v/risc-v/risc-v.srcs/sources_1/new/main_memory.sv" Line 23. Module main_memory has a timescale but at least one module in design doesn't have timescale.
WARNING: [XSIM 43-4100] "/home/rohankr2/projects/risc-v/risc-v/risc-v.gen/sources_1/ip/blk_mem_gen_1_1/sim/blk_mem_gen_1.v" Line 55. Module blk_mem_gen_1 has a timescale but at least one module in design doesn't have timescale.
WARNING: [XSIM 43-4100] "/wrk/ci/prod/2025.1/sw/continuous/3882/output/customer/vivado/data/ip/xilinx/blk_mem_gen_v8_4/simulation/blk_mem_gen_v8_4.v" Line 3540. Module blk_mem_gen_v8_4_11(C_FAMILY="spartan7",C_XDEVICEFAMILY="spartan7",C_ELABORATION_DIR="./",C_ENABLE_32BIT_ADDRESS=1,C_AXI_TYPE=1,C_MEM_TYPE=1,C_BYTE_SIZE=8,C_PRIM_TYPE=1,C_INIT_FILE_NAME="no_coe_file_loaded",C_INIT_FILE="blk_mem_gen_1.mem",C_USE_BYTE_WEA=1,C_WEA_WIDTH=4,C_WRITE_DEPTH_A=47104,C_READ_DEPTH_A=47104,C_ADDRA_WIDTH=32,C_HAS_RSTB=1,C_INITB_VAL="0",C_USE_BYTE_WEB=1,C_WEB_WIDTH=4,C_WRITE_DEPTH_B=47104,C_READ_DEPTH_B=47104,C_ADDRB_WIDTH=32,C_HAS_MEM_OUTPUT_REGS_B=1,C_SIM_COLLISION_CHECK="ALL",C_COMMON_CLK=0,C_EN_SAFETY_CKT=1,C_COUNT_36K_BRAM="46",C_COUNT_18K_BRAM="0",C_EST_POWER_SUMMARY="Estimated_Power_for_IP_____:_____18.189974_mW") has a timescale but at least one module in design doesn't have timescale.
WARNING: [XSIM 43-4100] "/wrk/ci/prod/2025.1/sw/continuous/3882/output/customer/vivado/data/ip/xilinx/blk_mem_gen_v8_4/simulation/blk_mem_gen_v8_4.v" Line 2060. Module blk_mem_gen_v8_4_11_mem_module(C_FAMILY="spartan7",C_XDEVICEFAMILY="spartan7",C_MEM_TYPE=1,C_BYTE_SIZE=8,C_PRIM_TYPE=1,C_INIT_FILE_NAME="no_coe_file_loaded",C_INIT_FILE="blk_mem_gen_1.mem",C_USE_BYTE_WEA=1,C_WEA_WIDTH=4,C_WRITE_DEPTH_A=47104,C_READ_DEPTH_A=47104,C_ADDRA_WIDTH=16,C_HAS_RSTB=1,C_INITB_VAL="0",C_USE_BYTE_WEB=1,C_WEB_WIDTH=4,C_WRITE_DEPTH_B=47104,C_READ_DEPTH_B=47104,C_ADDRB_WIDTH=16,C_HAS_MEM_OUTPUT_REGS_B=1,C_SIM_COLLISION_CHECK="ALL",C_COMMON_CLK=0) has a timescale but at least one module in design doesn't have timescale.
WARNING: [XSIM 43-4100] "/wrk/ci/prod/2025.1/sw/continuous/3882/output/customer/vivado/data/ip/xilinx/blk_mem_gen_v8_4/simulation/blk_mem_gen_v8_4.v" Line 3540. Module blk_mem_gen_v8_4_11 has a timescale but at least one module in design doesn't have timescale.
WARNING: [XSIM 43-4100] "/wrk/ci/prod/2025.1/sw/continuous/3882/output/customer/vivado/data/ip/xilinx/blk_mem_gen_v8_4/simulation/blk_mem_gen_v8_4.v" Line 3540. Module blk_mem_gen_v8_4_11(C_FAMILY="spartan7",C_XDEVICEFAMILY="spartan7",C_ELABORATION_DIR="./",C_ENABLE_32BIT_ADDRESS=1,C_AXI_TYPE=1,C_MEM_TYPE=3,C_BYTE_SIZE=8,C_PRIM_TYPE=1,C_LOAD_INIT_FILE=1,C_INIT_FILE_NAME="blk_mem_gen_0.mif",C_INIT_FILE="blk_mem_gen_0.mem",C_HAS_RSTA=1,C_WRITE_DEPTH_A=32768,C_READ_DEPTH_A=32768,C_ADDRA_WIDTH=32,C_INITB_VAL="0",C_HAS_ENB=0,C_WRITE_DEPTH_B=32768,C_READ_DEPTH_B=32768,C_ADDRB_WIDTH=32,C_HAS_MEM_OUTPUT_REGS_A=1,C_SIM_COLLISION_CHECK="ALL",C_COMMON_CLK=0,C_EN_SAFETY_CKT=1,C_COUNT_36K_BRAM="29",C_COUNT_18K_BRAM="0",C_EST_POWER_SUMMARY="Estimated_Power_for_IP_____:_____17.22687_mW") has a timescale but at least one module in design doesn't have timescale.
WARNING: [XSIM 43-4100] "/wrk/ci/prod/2025.1/sw/continuous/3882/output/customer/vivado/data/ip/xilinx/blk_mem_gen_v8_4/simulation/blk_mem_gen_v8_4.v" Line 3540. Module blk_mem_gen_v8_4_11(C_FAMILY="spartan7",C_XDEVICEFAMILY="spartan7",C_ELABORATION_DIR="./",C_ENABLE_32BIT_ADDRESS=1,C_AXI_TYPE=1,C_MEM_TYPE=1,C_BYTE_SIZE=8,C_PRIM_TYPE=1,C_INIT_FILE_NAME="no_coe_file_loaded",C_INIT_FILE="blk_mem_gen_1.mem",C_USE_BYTE_WEA=1,C_WEA_WIDTH=4,C_WRITE_DEPTH_A=47104,C_READ_DEPTH_A=47104,C_ADDRA_WIDTH=32,C_HAS_RSTB=1,C_INITB_VAL="0",C_USE_BYTE_WEB=1,C_WEB_WIDTH=4,C_WRITE_DEPTH_B=47104,C_READ_DEPTH_B=47104,C_ADDRB_WIDTH=32,C_HAS_MEM_OUTPUT_REGS_B=1,C_SIM_COLLISION_CHECK="ALL",C_COMMON_CLK=0,C_EN_SAFETY_CKT=1,C_COUNT_36K_BRAM="46",C_COUNT_18K_BRAM="0",C_EST_POWER_SUMMARY="Estimated_Power_for_IP_____:_____18.189974_mW") has a timescale but at least one module in design doesn't have timescale.
WARNING: [XSIM 43-4100] "/wrk/ci/prod/2025.1/sw/continuous/3882/output/customer/vivado/data/ip/xilinx/blk_mem_gen_v8_4/simulation/blk_mem_gen_v8_4.v" Line 3540. Module blk_mem_gen_v8_4_11 has a timescale but at least one module in design doesn't have timescale.
WARNING: [XSIM 43-4100] "/wrk/ci/prod/2025.1/sw/continuous/3882/output/customer/vivado/data/ip/xilinx/blk_mem_gen_v8_4/simulation/blk_mem_gen_v8_4.v" Line 3540. Module blk_mem_gen_v8_4_11(C_FAMILY="spartan7",C_XDEVICEFAMILY="spartan7",C_ELABORATION_DIR="./",C_ENABLE_32BIT_ADDRESS=1,C_AXI_TYPE=1,C_MEM_TYPE=3,C_BYTE_SIZE=8,C_PRIM_TYPE=1,C_LOAD_INIT_FILE=1,C_INIT_FILE_NAME="blk_mem_gen_0.mif",C_INIT_FILE="blk_mem_gen_0.mem",C_HAS_RSTA=1,C_WRITE_DEPTH_A=32768,C_READ_DEPTH_A=32768,C_ADDRA_WIDTH=32,C_INITB_VAL="0",C_HAS_ENB=0,C_WRITE_DEPTH_B=32768,C_READ_DEPTH_B=32768,C_ADDRB_WIDTH=32,C_HAS_MEM_OUTPUT_REGS_A=1,C_SIM_COLLISION_CHECK="ALL",C_COMMON_CLK=0,C_EN_SAFETY_CKT=1,C_COUNT_36K_BRAM="29",C_COUNT_18K_BRAM="0",C_EST_POWER_SUMMARY="Estimated_Power_for_IP_____:_____17.22687_mW") has a timescale but at least one module in design doesn't have timescale.
WARNING: [XSIM 43-4100] "/wrk/ci/prod/2025.1/sw/continuous/3882/output/customer/vivado/data/ip/xilinx/blk_mem_gen_v8_4/simulation/blk_mem_gen_v8_4.v" Line 3540. Module blk_mem_gen_v8_4_11(C_FAMILY="spartan7",C_XDEVICEFAMILY="spartan7",C_ELABORATION_DIR="./",C_ENABLE_32BIT_ADDRESS=1,C_AXI_TYPE=1,C_MEM_TYPE=1,C_BYTE_SIZE=8,C_PRIM_TYPE=1,C_INIT_FILE_NAME="no_coe_file_loaded",C_INIT_FILE="blk_mem_gen_1.mem",C_USE_BYTE_WEA=1,C_WEA_WIDTH=4,C_WRITE_DEPTH_A=47104,C_READ_DEPTH_A=47104,C_ADDRA_WIDTH=32,C_HAS_RSTB=1,C_INITB_VAL="0",C_USE_BYTE_WEB=1,C_WEB_WIDTH=4,C_WRITE_DEPTH_B=47104,C_READ_DEPTH_B=47104,C_ADDRB_WIDTH=32,C_HAS_MEM_OUTPUT_REGS_B=1,C_SIM_COLLISION_CHECK="ALL",C_COMMON_CLK=0,C_EN_SAFETY_CKT=1,C_COUNT_36K_BRAM="46",C_COUNT_18K_BRAM="0",C_EST_POWER_SUMMARY="Estimated_Power_for_IP_____:_____18.189974_mW") has a timescale but at least one module in design doesn't have timescale.
WARNING: [XSIM 43-4100] "/wrk/ci/prod/2025.1/sw/continuous/3882/output/customer/vivado/data/ip/xilinx/blk_mem_gen_v8_4/simulation/blk_mem_gen_v8_4.v" Line 3540. Module blk_mem_gen_v8_4_11 has a timescale but at least one module in design doesn't have timescale.
WARNING: [XSIM 43-4100] "/wrk/ci/prod/2025.1/sw/continuous/3882/output/customer/vivado/data/ip/xilinx/blk_mem_gen_v8_4/simulation/blk_mem_gen_v8_4.v" Line 3540. Module blk_mem_gen_v8_4_11(C_FAMILY="spartan7",C_XDEVICEFAMILY="spartan7",C_ELABORATION_DIR="./",C_ENABLE_32BIT_ADDRESS=1,C_AXI_TYPE=1,C_MEM_TYPE=3,C_BYTE_SIZE=8,C_PRIM_TYPE=1,C_LOAD_INIT_FILE=1,C_INIT_FILE_NAME="blk_mem_gen_0.mif",C_INIT_FILE="blk_mem_gen_0.mem",C_HAS_RSTA=1,C_WRITE_DEPTH_A=32768,C_READ_DEPTH_A=32768,C_ADDRA_WIDTH=32,C_INITB_VAL="0",C_HAS_ENB=0,C_WRITE_DEPTH_B=32768,C_READ_DEPTH_B=32768,C_ADDRB_WIDTH=32,C_HAS_MEM_OUTPUT_REGS_A=1,C_SIM_COLLISION_CHECK="ALL",C_COMMON_CLK=0,C_EN_SAFETY_CKT=1,C_COUNT_36K_BRAM="29",C_COUNT_18K_BRAM="0",C_EST_POWER_SUMMARY="Estimated_Power_for_IP_____:_____17.22687_mW") has a timescale but at least one module in design doesn't have timescale.
WARNING: [XSIM 43-4100] "/wrk/ci/prod/2025.1/sw/continuous/3882/output/customer/vivado/data/ip/xilinx/blk_mem_gen_v8_4/simulation/blk_mem_gen_v8_4.v" Line 3540. Module blk_mem_gen_v8_4_11(C_FAMILY="spartan7",C_XDEVICEFAMILY="spartan7",C_ELABORATION_DIR="./",C_ENABLE_32BIT_ADDRESS=1,C_AXI_TYPE=1,C_MEM_TYPE=1,C_BYTE_SIZE=8,C_PRIM_TYPE=1,C_INIT_FILE_NAME="no_coe_file_loaded",C_INIT_FILE="blk_mem_gen_1.mem",C_USE_BYTE_WEA=1,C_WEA_WIDTH=4,C_WRITE_DEPTH_A=47104,C_READ_DEPTH_A=47104,C_ADDRA_WIDTH=32,C_HAS_RSTB=1,C_INITB_VAL="0",C_USE_BYTE_WEB=1,C_WEB_WIDTH=4,C_WRITE_DEPTH_B=47104,C_READ_DEPTH_B=47104,C_ADDRB_WIDTH=32,C_HAS_MEM_OUTPUT_REGS_B=1,C_SIM_COLLISION_CHECK="ALL",C_COMMON_CLK=0,C_EN_SAFETY_CKT=1,C_COUNT_36K_BRAM="46",C_COUNT_18K_BRAM="0",C_EST_POWER_SUMMARY="Estimated_Power_for_IP_____:_____18.189974_mW") has a timescale but at least one module in design doesn't have timescale.
WARNING: [XSIM 43-4100] "/wrk/ci/prod/2025.1/sw/continuous/3882/output/customer/vivado/data/ip/xilinx/blk_mem_gen_v8_4/simulation/blk_mem_gen_v8_4.v" Line 3540. Module blk_mem_gen_v8_4_11 has a timescale but at least one module in design doesn't have timescale.
WARNING: [XSIM 43-4100] "/wrk/ci/prod/2025.1/sw/continuous/3882/output/customer/vivado/data/ip/xilinx/blk_mem_gen_v8_4/simulation/blk_mem_gen_v8_4.v" Line 3540. Module blk_mem_gen_v8_4_11(C_FAMILY="spartan7",C_XDEVICEFAMILY="spartan7",C_ELABORATION_DIR="./",C_ENABLE_32BIT_ADDRESS=1,C_AXI_TYPE=1,C_MEM_TYPE=3,C_BYTE_SIZE=8,C_PRIM_TYPE=1,C_LOAD_INIT_FILE=1,C_INIT_FILE_NAME="blk_mem_gen_0.mif",C_INIT_FILE="blk_mem_gen_0.mem",C_HAS_RSTA=1,C_WRITE_DEPTH_A=32768,C_READ_DEPTH_A=32768,C_ADDRA_WIDTH=32,C_INITB_VAL="0",C_HAS_ENB=0,C_WRITE_DEPTH_B=32768,C_READ_DEPTH_B=32768,C_ADDRB_WIDTH=32,C_HAS_MEM_OUTPUT_REGS_A=1,C_SIM_COLLISION_CHECK="ALL",C_COMMON_CLK=0,C_EN_SAFETY_CKT=1,C_COUNT_36K_BRAM="29",C_COUNT_18K_BRAM="0",C_EST_POWER_SUMMARY="Estimated_Power_for_IP_____:_____17.22687_mW") has a timescale but at least one module in design doesn't have timescale.
WARNING: [XSIM 43-4100] "/wrk/ci/prod/2025.1/sw/continuous/3882/output/customer/vivado/data/ip/xilinx/blk_mem_gen_v8_4/simulation/blk_mem_gen_v8_4.v" Line 3540. Module blk_mem_gen_v8_4_11(C_FAMILY="spartan7",C_XDEVICEFAMILY="spartan7",C_ELABORATION_DIR="./",C_ENABLE_32BIT_ADDRESS=1,C_AXI_TYPE=1,C_MEM_TYPE=1,C_BYTE_SIZE=8,C_PRIM_TYPE=1,C_INIT_FILE_NAME="no_coe_file_loaded",C_INIT_FILE="blk_mem_gen_1.mem",C_USE_BYTE_WEA=1,C_WEA_WIDTH=4,C_WRITE_DEPTH_A=47104,C_READ_DEPTH_A=47104,C_ADDRA_WIDTH=32,C_HAS_RSTB=1,C_INITB_VAL="0",C_USE_BYTE_WEB=1,C_WEB_WIDTH=4,C_WRITE_DEPTH_B=47104,C_READ_DEPTH_B=47104,C_ADDRB_WIDTH=32,C_HAS_MEM_OUTPUT_REGS_B=1,C_SIM_COLLISION_CHECK="ALL",C_COMMON_CLK=0,C_EN_SAFETY_CKT=1,C_COUNT_36K_BRAM="46",C_COUNT_18K_BRAM="0",C_EST_POWER_SUMMARY="Estimated_Power_for_IP_____:_____18.189974_mW") has a timescale but at least one module in design doesn't have timescale.
WARNING: [XSIM 43-4100] "/wrk/ci/prod/2025.1/sw/continuous/3882/output/customer/vivado/data/ip/xilinx/blk_mem_gen_v8_4/simulation/blk_mem_gen_v8_4.v" Line 3540. Module blk_mem_gen_v8_4_11 has a timescale but at least one module in design doesn't have timescale.
WARNING: [XSIM 43-4100] "/wrk/ci/prod/2025.1/sw/continuous/3882/output/customer/vivado/data/ip/xilinx/blk_mem_gen_v8_4/simulation/blk_mem_gen_v8_4.v" Line 3540. Module blk_mem_gen_v8_4_11(C_FAMILY="spartan7",C_XDEVICEFAMILY="spartan7",C_ELABORATION_DIR="./",C_ENABLE_32BIT_ADDRESS=1,C_AXI_TYPE=1,C_MEM_TYPE=3,C_BYTE_SIZE=8,C_PRIM_TYPE=1,C_LOAD_INIT_FILE=1,C_INIT_FILE_NAME="blk_mem_gen_0.mif",C_INIT_FILE="blk_mem_gen_0.mem",C_HAS_RSTA=1,C_WRITE_DEPTH_A=32768,C_READ_DEPTH_A=32768,C_ADDRA_WIDTH=32,C_INITB_VAL="0",C_HAS_ENB=0,C_WRITE_DEPTH_B=32768,C_READ_DEPTH_B=32768,C_ADDRB_WIDTH=32,C_HAS_MEM_OUTPUT_REGS_A=1,C_SIM_COLLISION_CHECK="ALL",C_COMMON_CLK=0,C_EN_SAFETY_CKT=1,C_COUNT_36K_BRAM="29",C_COUNT_18K_BRAM="0",C_EST_POWER_SUMMARY="Estimated_Power_for_IP_____:_____17.22687_mW") has a timescale but at least one module in design doesn't have timescale.
WARNING: [XSIM 43-4100] "/wrk/ci/prod/2025.1/sw/continuous/3882/output/customer/vivado/data/ip/xilinx/blk_mem_gen_v8_4/simulation/blk_mem_gen_v8_4.v" Line 3540. Module blk_mem_gen_v8_4_11(C_FAMILY="spartan7",C_XDEVICEFAMILY="spartan7",C_ELABORATION_DIR="./",C_ENABLE_32BIT_ADDRESS=1,C_AXI_TYPE=1,C_MEM_TYPE=1,C_BYTE_SIZE=8,C_PRIM_TYPE=1,C_INIT_FILE_NAME="no_coe_file_loaded",C_INIT_FILE="blk_mem_gen_1.mem",C_USE_BYTE_WEA=1,C_WEA_WIDTH=4,C_WRITE_DEPTH_A=47104,C_READ_DEPTH_A=47104,C_ADDRA_WIDTH=32,C_HAS_RSTB=1,C_INITB_VAL="0",C_USE_BYTE_WEB=1,C_WEB_WIDTH=4,C_WRITE_DEPTH_B=47104,C_READ_DEPTH_B=47104,C_ADDRB_WIDTH=32,C_HAS_MEM_OUTPUT_REGS_B=1,C_SIM_COLLISION_CHECK="ALL",C_COMMON_CLK=0,C_EN_SAFETY_CKT=1,C_COUNT_36K_BRAM="46",C_COUNT_18K_BRAM="0",C_EST_POWER_SUMMARY="Estimated_Power_for_IP_____:_____18.189974_mW") has a timescale but at least one module in design doesn't have timescale.
WARNING: [XSIM 43-4100] "/wrk/ci/prod/2025.1/sw/continuous/3882/output/customer/vivado/data/ip/xilinx/blk_mem_gen_v8_4/simulation/blk_mem_gen_v8_4.v" Line 3540. Module blk_mem_gen_v8_4_11 has a timescale but at least one module in design doesn't have timescale.
WARNING: [XSIM 43-4100] "/wrk/ci/prod/2025.1/sw/continuous/3882/output/customer/vivado/data/ip/xilinx/blk_mem_gen_v8_4/simulation/blk_mem_gen_v8_4.v" Line 3540. Module blk_mem_gen_v8_4_11(C_FAMILY="spartan7",C_XDEVICEFAMILY="spartan7",C_ELABORATION_DIR="./",C_ENABLE_32BIT_ADDRESS=1,C_AXI_TYPE=1,C_MEM_TYPE=3,C_BYTE_SIZE=8,C_PRIM_TYPE=1,C_LOAD_INIT_FILE=1,C_INIT_FILE_NAME="blk_mem_gen_0.mif",C_INIT_FILE="blk_mem_gen_0.mem",C_HAS_RSTA=1,C_WRITE_DEPTH_A=32768,C_READ_DEPTH_A=32768,C_ADDRA_WIDTH=32,C_INITB_VAL="0",C_HAS_ENB=0,C_WRITE_DEPTH_B=32768,C_READ_DEPTH_B=32768,C_ADDRB_WIDTH=32,C_HAS_MEM_OUTPUT_REGS_A=1,C_SIM_COLLISION_CHECK="ALL",C_COMMON_CLK=0,C_EN_SAFETY_CKT=1,C_COUNT_36K_BRAM="29",C_COUNT_18K_BRAM="0",C_EST_POWER_SUMMARY="Estimated_Power_for_IP_____:_____17.22687_mW") has a timescale but at least one module in design doesn't have timescale.
WARNING: [XSIM 43-4100] "/wrk/ci/prod/2025.1/sw/continuous/3882/output/customer/vivado/data/ip/xilinx/blk_mem_gen_v8_4/simulation/blk_mem_gen_v8_4.v" Line 3540. Module blk_mem_gen_v8_4_11(C_FAMILY="spartan7",C_XDEVICEFAMILY="spartan7",C_ELABORATION_DIR="./",C_ENABLE_32BIT_ADDRESS=1,C_AXI_TYPE=1,C_MEM_TYPE=1,C_BYTE_SIZE=8,C_PRIM_TYPE=1,C_INIT_FILE_NAME="no_coe_file_loaded",C_INIT_FILE="blk_mem_gen_1.mem",C_USE_BYTE_WEA=1,C_WEA_WIDTH=4,C_WRITE_DEPTH_A=47104,C_READ_DEPTH_A=47104,C_ADDRA_WIDTH=32,C_HAS_RSTB=1,C_INITB_VAL="0",C_USE_BYTE_WEB=1,C_WEB_WIDTH=4,C_WRITE_DEPTH_B=47104,C_READ_DEPTH_B=47104,C_ADDRB_WIDTH=32,C_HAS_MEM_OUTPUT_REGS_B=1,C_SIM_COLLISION_CHECK="ALL",C_COMMON_CLK=0,C_EN_SAFETY_CKT=1,C_COUNT_36K_BRAM="46",C_COUNT_18K_BRAM="0",C_EST_POWER_SUMMARY="Estimated_Power_for_IP_____:_____18.189974_mW") has a timescale but at least one module in design doesn't have timescale.
WARNING: [XSIM 43-4100] "/wrk/ci/prod/2025.1/sw/continuous/3882/output/customer/vivado/data/ip/xilinx/blk_mem_gen_v8_4/simulation/blk_mem_gen_v8_4.v" Line 1608. Module blk_mem_gen_v8_4_11_output_stage(C_FAMILY="spartan7",C_XDEVICEFAMILY="spartan7",C_ADDRB_WIDTH=16,NUM_STAGES=0) has a timescale but at least one module in design doesn't have timescale.
WARNING: [XSIM 43-4100] "/wrk/ci/prod/2025.1/sw/continuous/3882/output/customer/vivado/data/ip/xilinx/blk_mem_gen_v8_4/simulation/blk_mem_gen_v8_4.v" Line 1608. Module blk_mem_gen_v8_4_11_output_stage(C_FAMILY="spartan7",C_XDEVICEFAMILY="spartan7",C_HAS_RST=1,C_ADDRB_WIDTH=16,C_HAS_MEM_OUTPUT_REGS=1) has a timescale but at least one module in design doesn't have timescale.
WARNING: [XSIM 43-4100] "/wrk/ci/prod/2025.1/sw/continuous/3882/output/customer/vivado/data/ip/xilinx/blk_mem_gen_v8_4/simulation/blk_mem_gen_v8_4.v" Line 1968. Module blk_mem_gen_v8_4_11_softecc_output_reg_stage(C_ADDRB_WIDTH=16) has a timescale but at least one module in design doesn't have timescale.
WARNING: [XSIM 43-4100] "/wrk/ci/prod/2025.1/sw/continuous/3882/output/customer/vivado/data/ip/xilinx/blk_mem_gen_v8_4/simulation/blk_mem_gen_v8_4.v" Line 1538. Module blk_mem_axi_regs_fwd_v8_4(C_DATA_WIDTH=7) has a timescale but at least one module in design doesn't have timescale.
WARNING: [XSIM 43-4100] "/home/rohankr2/projects/risc-v/risc-v/risc-v.srcs/sources_1/new/writeback_stage.sv" Line 3. Module writeback_stage has a timescale but at least one module in design doesn't have timescale.
WARNING: [XSIM 43-4100] "/home/rohankr2/projects/risc-v/risc-v/risc-v.sim/sim_1/behav/xsim/glbl.v" Line 6. Module glbl has a timescale but at least one module in design doesn't have timescale.
WARNING: [XSIM 43-4100] "/home/rohankr2/projects/risc-v/risc-v/risc-v.sim/sim_1/behav/xsim/glbl.v" Line 6. Module glbl has a timescale but at least one module in design doesn't have timescale.
Completed simulation data flow analysis
Time Resolution for simulation is 1ps
Compiling package xil_defaultlib.rv_pipe_pkg
Compiling module blk_mem_gen_v8_4_11.blk_mem_gen_v8_4_11_output_stage...
Compiling module blk_mem_gen_v8_4_11.blk_mem_gen_v8_4_11_output_stage...
Compiling module blk_mem_gen_v8_4_11.blk_mem_gen_v8_4_11_softecc_outp...
Compiling module blk_mem_gen_v8_4_11.blk_mem_gen_v8_4_11_mem_module(C...
Compiling module blk_mem_gen_v8_4_11.blk_mem_gen_v8_4_11(C_FAMILY="sp...
Compiling module xil_defaultlib.blk_mem_gen_0
Compiling module xil_defaultlib.instruction_memory
Compiling module xil_defaultlib.fetch_stage
Compiling module xil_defaultlib.decode_stage
Compiling module xil_defaultlib.execute_stage
Compiling module blk_mem_gen_v8_4_11.blk_mem_gen_v8_4_11_output_stage...
Compiling module blk_mem_gen_v8_4_11.blk_mem_gen_v8_4_11_output_stage...
Compiling module blk_mem_gen_v8_4_11.blk_mem_gen_v8_4_11_softecc_outp...
Compiling module blk_mem_gen_v8_4_11.blk_mem_gen_v8_4_11_mem_module(C...
Compiling module blk_mem_gen_v8_4_11.blk_mem_axi_regs_fwd_v8_4(C_DATA...
Compiling module blk_mem_gen_v8_4_11.blk_mem_gen_v8_4_11(C_FAMILY="sp...
Compiling module xil_defaultlib.blk_mem_gen_1
Compiling module xil_defaultlib.main_memory
Compiling module xil_defaultlib.memory_stage_default
Compiling module xil_defaultlib.writeback_stage
Compiling module xil_defaultlib.top_default
Compiling module xil_defaultlib.tb_top
Compiling module xil_defaultlib.glbl
Built simulation snapshot tb_top_behav
INFO: [USF-XSim-69] 'elaborate' step finished in '5' seconds
INFO: [USF-XSim-4] XSim::Simulate design
INFO: [USF-XSim-61] Executing 'SIMULATE' step in '/home/rohankr2/projects/risc-v/risc-v/risc-v.sim/sim_1/behav/xsim'
INFO: [USF-XSim-98] *** Running xsim
   with args "tb_top_behav -key {Behavioral:sim_1:Functional:tb_top} -tclbatch {tb_top.tcl} -log {simulate.log}"
INFO: [USF-XSim-8] Loading simulator feature
Time resolution is 1 ps
source tb_top.tcl
# set curr_wave [current_wave_config]
# if { [string length $curr_wave] == 0 } {
#   if { [llength [get_objects]] > 0} {
#     add_wave /
#     set_property needs_save false [current_wave_config]
#   } else {
#      send_msg_id Add_Wave-1 WARNING "No top level signals found. Simulator will start without a wave window. If you want to open a wave window go to 'File->New Waveform Configuration' or type 'create_wave_config' in the TCL console."
#   }
# }
# run 1000ns
 Block Memory Generator module loading initial data...
 Block Memory Generator data initialization complete.
Block Memory Generator module tb_top.dut.u_fetch.instr_mem.i_mem.inst.native_mem_mapped_module.blk_mem_gen_v8_4_11_inst is using a behavioral model for simulation which will not precisely model memory collision behavior.
Block Memory Generator module tb_top.dut.u_memory.main_mem.main_mem_block.inst.native_mem_mapped_module.blk_mem_gen_v8_4_11_inst is using a behavioral model for simulation which will not precisely model memory collision behavior.
cycle=0 pc=         x if_id_instr=xxxxxxxx if_instr_addr=xxxxxxxx if_instr_data=00000000 if_rst_en=1 if_pc_stall=0 
cycle=2 pc=         x if_id_instr=00000000 if_instr_addr=00000000 if_instr_data=00000000 if_rst_en=1 if_pc_stall=0 
cycle=3 pc=         0 if_id_instr=00000000 if_instr_addr=00000004 if_instr_data=00000000 if_rst_en=1 if_pc_stall=0 
cycle=4 pc=         4 if_id_instr=00000000 if_instr_addr=00000004 if_instr_data=00000000 if_rst_en=1 if_pc_stall=0 
cycle=5 pc=         4 if_id_instr=00000000 if_instr_addr=00000004 if_instr_data=00000000 if_rst_en=1 if_pc_stall=0 
cycle=6 pc=         4 if_id_instr=00000000 if_instr_addr=00000004 if_instr_data=00000000 if_rst_en=1 if_pc_stall=0 
cycle=7 pc=         4 if_id_instr=00000000 if_instr_addr=00000004 if_instr_data=002081b3 if_rst_en=1 if_pc_stall=0 
cycle=8 pc=         4 if_id_instr=002081b3 if_instr_addr=00000004 if_instr_data=002081b3 if_rst_en=1 if_pc_stall=0 
cycle=9 pc=         4 if_id_instr=002081b3 if_instr_addr=00000004 if_instr_data=002081b3 if_rst_en=1 if_pc_stall=0 
cycle=10 pc=         4 if_id_instr=002081b3 if_instr_addr=00000004 if_instr_data=002081b3 if_rst_en=1 if_pc_stall=0 
cycle=11 pc=         4 if_id_instr=002081b3 if_instr_addr=00000004 if_instr_data=002081b3 if_rst_en=1 if_pc_stall=0 
cycle=12 pc=         4 if_id_instr=002081b3 if_instr_addr=00000004 if_instr_data=002081b3 if_rst_en=1 if_pc_stall=0 
cycle=13 pc=         4 if_id_instr=002081b3 if_instr_addr=00000004 if_instr_data=002081b3 if_rst_en=1 if_pc_stall=0 
cycle=14 pc=         4 if_id_instr=002081b3 if_instr_addr=00000004 if_instr_data=002081b3 if_rst_en=1 if_pc_stall=0 
cycle=15 pc=         4 if_id_instr=002081b3 if_instr_addr=00000004 if_instr_data=002081b3 if_rst_en=1 if_pc_stall=0 
cycle=16 pc=         4 if_id_instr=002081b3 if_instr_addr=00000004 if_instr_data=002081b3 if_rst_en=1 if_pc_stall=0 
INFO: [USF-XSim-96] XSim completed. Design snapshot 'tb_top_behav' loaded.
INFO: [USF-XSim-97] XSim simulation ran for 1000ns
launch_simulation: Time (s): cpu = 00:00:11 ; elapsed = 00:00:13 . Memory (MB): peak = 13000.738 ; gain = 2.000 ; free physical = 3776 ; free virtual = 11920
WARNING: [filemgmt 56-199] Attempt to get parsing info during refresh. "On-the-fly" syntax checking information may be incorrect. [/home/rohankr2/projects/risc-v/risc-v/risc-v.srcs/sources_1/new/decode_stage.sv:]
WARNING: [filemgmt 56-199] Attempt to get parsing info during refresh. "On-the-fly" syntax checking information may be incorrect. [/home/rohankr2/projects/risc-v/risc-v/risc-v.srcs/sources_1/new/fetch_stage.sv:]
WARNING: [filemgmt 56-199] Attempt to get parsing info during refresh. "On-the-fly" syntax checking information may be incorrect. [/home/rohankr2/projects/risc-v/risc-v/risc-v.srcs/sources_1/new/tb_top.sv:]
WARNING: [filemgmt 56-199] Attempt to get parsing info during refresh. "On-the-fly" syntax checking information may be incorrect. [/home/rohankr2/projects/risc-v/risc-v/risc-v.srcs/sources_1/new/execute_stage.sv:]
WARNING: [filemgmt 56-199] Attempt to get parsing info during refresh. "On-the-fly" syntax checking information may be incorrect. [/home/rohankr2/projects/risc-v/risc-v/risc-v.srcs/sources_1/new/execute_stage.sv:]
WARNING: [filemgmt 56-199] Attempt to get parsing info during refresh. "On-the-fly" syntax checking information may be incorrect. [/home/rohankr2/projects/risc-v/risc-v/risc-v.srcs/sources_1/new/execute_stage.sv:]
WARNING: [filemgmt 56-199] Attempt to get parsing info during refresh. "On-the-fly" syntax checking information may be incorrect. [/home/rohankr2/projects/risc-v/risc-v/risc-v.srcs/sources_1/new/decode_stage.sv:]
WARNING: [filemgmt 56-199] Attempt to get parsing info during refresh. "On-the-fly" syntax checking information may be incorrect. [/home/rohankr2/projects/risc-v/risc-v/risc-v.srcs/sources_1/new/fetch_stage.sv:]
WARNING: [filemgmt 56-199] Attempt to get parsing info during refresh. "On-the-fly" syntax checking information may be incorrect. [/home/rohankr2/projects/risc-v/risc-v/risc-v.srcs/sources_1/new/tb_top.sv:]
WARNING: [filemgmt 56-199] Attempt to get parsing info during refresh. "On-the-fly" syntax checking information may be incorrect. [/home/rohankr2/projects/risc-v/risc-v/risc-v.srcs/sources_1/new/execute_stage.sv:]
WARNING: [filemgmt 56-199] Attempt to get parsing info during refresh. "On-the-fly" syntax checking information may be incorrect. [/home/rohankr2/projects/risc-v/risc-v/risc-v.srcs/sources_1/new/fetch_stage.sv:]
WARNING: [filemgmt 56-199] Attempt to get parsing info during refresh. "On-the-fly" syntax checking information may be incorrect. [/home/rohankr2/projects/risc-v/risc-v/risc-v.srcs/sources_1/new/fetch_stage.sv:]
WARNING: [filemgmt 56-199] Attempt to get parsing info during refresh. "On-the-fly" syntax checking information may be incorrect. [/home/rohankr2/projects/risc-v/risc-v/risc-v.srcs/sources_1/new/decode_stage.sv:]
WARNING: [filemgmt 56-199] Attempt to get parsing info during refresh. "On-the-fly" syntax checking information may be incorrect. [/home/rohankr2/projects/risc-v/risc-v/risc-v.srcs/sources_1/new/fetch_stage.sv:]
WARNING: [filemgmt 56-199] Attempt to get parsing info during refresh. "On-the-fly" syntax checking information may be incorrect. [/home/rohankr2/projects/risc-v/risc-v/risc-v.srcs/sources_1/new/tb_top.sv:]
WARNING: [filemgmt 56-199] Attempt to get parsing info during refresh. "On-the-fly" syntax checking information may be incorrect. [/home/rohankr2/projects/risc-v/risc-v/risc-v.srcs/sources_1/new/execute_stage.sv:]
WARNING: [filemgmt 56-199] Attempt to get parsing info during refresh. "On-the-fly" syntax checking information may be incorrect. [/home/rohankr2/projects/risc-v/risc-v/risc-v.srcs/sources_1/new/tb_top.sv:]
WARNING: [filemgmt 56-199] Attempt to get parsing info during refresh. "On-the-fly" syntax checking information may be incorrect. [/home/rohankr2/projects/risc-v/risc-v/risc-v.srcs/sources_1/new/tb_top.sv:]
