Copyright 1986-2022 Xilinx, Inc. All Rights Reserved. Copyright 2022-2025 Advanced Micro Devices, Inc. All Rights Reserved.
---------------------------------------------------------------------------------------------------------------------------------------------------------------------------------------------------------------------
| Tool Version : Vivado v.2025.1 (lin64) Build 6140274 Wed May 21 22:58:25 MDT 2025
| Date         : Thu Apr  2 23:57:58 2026
| Host         : gelib-4e-30.ews.illinois.edu running 64-bit Red Hat Enterprise Linux 9.7 (Plow)
| Command      : report_timing_summary -max_paths 10 -routable_nets -report_unconstrained -file top_timing_summary_routed.rpt -pb top_timing_summary_routed.pb -rpx top_timing_summary_routed.rpx -warn_on_violation
| Design       : top
| Device       : 7s50-csga324
| Speed File   : -1IL  PRODUCTION 1.23 2018-06-13
| Design State : Routed
---------------------------------------------------------------------------------------------------------------------------------------------------------------------------------------------------------------------

Timing Summary Report

------------------------------------------------------------------------------------------------
| Timer Settings
| --------------
------------------------------------------------------------------------------------------------

  Enable Multi Corner Analysis               :  Yes
  Enable Pessimism Removal                   :  Yes
  Pessimism Removal Resolution               :  Nearest Common Node
  Enable Input Delay Default Clock           :  No
  Enable Preset / Clear Arcs                 :  No
  Disable Flight Delays                      :  No
  Ignore I/O Paths                           :  No
  Timing Early Launch at Borrowing Latches   :  No
  Borrow Time for Max Delay Exceptions       :  Yes
  Merge Timing Exceptions                    :  Yes
  Inter-SLR Compensation                     :  Conservative

  Corner  Analyze    Analyze    
  Name    Max Paths  Min Paths  
  ------  ---------  ---------  
  Slow    Yes        Yes        
  Fast    Yes        Yes        


------------------------------------------------------------------------------------------------
| Report Methodology
| ------------------
------------------------------------------------------------------------------------------------

Rule       Severity  Description                    Violations  
---------  --------  -----------------------------  ----------  
TIMING-18  Warning   Missing input or output delay  40          

Note: This report is based on the most recent report_methodology run and may not be up-to-date. Run report_methodology on the current design for the latest report.



check_timing report

Table of Contents
-----------------
1. checking no_clock (0)
2. checking constant_clock (0)
3. checking pulse_width_clock (0)
4. checking unconstrained_internal_endpoints (0)
5. checking no_input_delay (1)
6. checking no_output_delay (39)
7. checking multiple_clock (0)
8. checking generated_clocks (0)
9. checking loops (0)
10. checking partial_input_delay (0)
11. checking partial_output_delay (0)
12. checking latch_loops (0)

1. checking no_clock (0)
------------------------
 There are 0 register/latch pins with no clock.


2. checking constant_clock (0)
------------------------------
 There are 0 register/latch pins with constant_clock.


3. checking pulse_width_clock (0)
---------------------------------
 There are 0 register/latch pins which need pulse_width check


4. checking unconstrained_internal_endpoints (0)
------------------------------------------------
 There are 0 pins that are not constrained for maximum delay.

 There are 0 pins that are not constrained for maximum delay due to constant clock.


5. checking no_input_delay (1)
------------------------------
 There is 1 input port with no input delay specified. (HIGH)

 There are 0 input ports with no input delay but user has a false path constraint.


6. checking no_output_delay (39)
--------------------------------
 There are 39 ports with no output delay specified. (HIGH)

 There are 0 ports with no output delay but user has a false path constraint

 There are 0 ports with no output delay but with a timing clock defined on it or propagating through it


7. checking multiple_clock (0)
------------------------------
 There are 0 register/latch pins with multiple clocks.


8. checking generated_clocks (0)
--------------------------------
 There are 0 generated clocks that are not connected to a clock source.


9. checking loops (0)
---------------------
 There are 0 combinational loops in the design.


10. checking partial_input_delay (0)
------------------------------------
 There are 0 input ports with partial input delay specified.


11. checking partial_output_delay (0)
-------------------------------------
 There are 0 ports with partial output delay specified.


12. checking latch_loops (0)
----------------------------
 There are 0 combinational latch loops in the design through latch input



------------------------------------------------------------------------------------------------
| Design Timing Summary
| ---------------------
------------------------------------------------------------------------------------------------

    WNS(ns)      TNS(ns)  TNS Failing Endpoints  TNS Total Endpoints      WHS(ns)      THS(ns)  THS Failing Endpoints  THS Total Endpoints     WPWS(ns)     TPWS(ns)  TPWS Failing Endpoints  TPWS Total Endpoints  
    -------      -------  ---------------------  -------------------      -------      -------  ---------------------  -------------------     --------     --------  ----------------------  --------------------  
      0.917        0.000                      0                 1394        0.049        0.000                      0                 1394        1.750        0.000                       0                   729  


All user specified timing constraints are met.


------------------------------------------------------------------------------------------------
| Clock Summary
| -------------
------------------------------------------------------------------------------------------------

Clock  Waveform(ns)         Period(ns)      Frequency(MHz)
-----  ------------         ----------      --------------
clk    {0.000 3.000}        6.000           166.667         


------------------------------------------------------------------------------------------------
| Intra Clock Table
| -----------------
------------------------------------------------------------------------------------------------

Clock             WNS(ns)      TNS(ns)  TNS Failing Endpoints  TNS Total Endpoints      WHS(ns)      THS(ns)  THS Failing Endpoints  THS Total Endpoints     WPWS(ns)     TPWS(ns)  TPWS Failing Endpoints  TPWS Total Endpoints  
-----             -------      -------  ---------------------  -------------------      -------      -------  ---------------------  -------------------     --------     --------  ----------------------  --------------------  
clk                 0.917        0.000                      0                 1394        0.049        0.000                      0                 1394        1.750        0.000                       0                   729  


------------------------------------------------------------------------------------------------
| Inter Clock Table
| -----------------
------------------------------------------------------------------------------------------------

From Clock    To Clock          WNS(ns)      TNS(ns)  TNS Failing Endpoints  TNS Total Endpoints      WHS(ns)      THS(ns)  THS Failing Endpoints  THS Total Endpoints  
----------    --------          -------      -------  ---------------------  -------------------      -------      -------  ---------------------  -------------------  


------------------------------------------------------------------------------------------------
| Other Path Groups Table
| -----------------------
------------------------------------------------------------------------------------------------

Path Group    From Clock    To Clock          WNS(ns)      TNS(ns)  TNS Failing Endpoints  TNS Total Endpoints      WHS(ns)      THS(ns)  THS Failing Endpoints  THS Total Endpoints  
----------    ----------    --------          -------      -------  ---------------------  -------------------      -------      -------  ---------------------  -------------------  


------------------------------------------------------------------------------------------------
| User Ignored Path Table
| -----------------------
------------------------------------------------------------------------------------------------

Path Group    From Clock    To Clock    
----------    ----------    --------    


------------------------------------------------------------------------------------------------
| Unconstrained Path Table
| ------------------------
------------------------------------------------------------------------------------------------

Path Group    From Clock    To Clock    
----------    ----------    --------    
(none)        clk                         
(none)                      clk           


------------------------------------------------------------------------------------------------
| Timing Details
| --------------
------------------------------------------------------------------------------------------------


---------------------------------------------------------------------------------------------------
From Clock:  clk
  To Clock:  clk

Setup :            0  Failing Endpoints,  Worst Slack        0.917ns,  Total Violation        0.000ns
Hold  :            0  Failing Endpoints,  Worst Slack        0.049ns,  Total Violation        0.000ns
PW    :            0  Failing Endpoints,  Worst Slack        1.750ns,  Total Violation        0.000ns
---------------------------------------------------------------------------------------------------


Max Delay Paths
--------------------------------------------------------------------------------------
Slack (MET) :             0.917ns  (required time - arrival time)
  Source:                 u_execute/id_ex_s1_reg[func7][4]/C
                            (rising edge-triggered cell FDRE clocked by clk  {rise@0.000ns fall@3.000ns period=6.000ns})
  Destination:            u_execute/ex_mem_reg[execute_out][19]/D
                            (rising edge-triggered cell FDRE clocked by clk  {rise@0.000ns fall@3.000ns period=6.000ns})
  Path Group:             clk
  Path Type:              Setup (Max at Slow Process Corner)
  Requirement:            6.000ns  (clk rise@6.000ns - clk rise@0.000ns)
  Data Path Delay:        5.160ns  (logic 1.240ns (24.032%)  route 3.920ns (75.968%))
  Logic Levels:           4  (LUT4=2 LUT6=2)
  Clock Path Skew:        0.033ns (DCD - SCD + CPR)
    Destination Clock Delay (DCD):    4.268ns = ( 10.268 - 6.000 ) 
    Source Clock Delay      (SCD):    4.557ns
    Clock Pessimism Removal (CPR):    0.322ns
  Clock Uncertainty:      0.035ns  ((TSJ^2 + TIJ^2)^1/2 + DJ) / 2 + PE
    Total System Jitter     (TSJ):    0.071ns
    Total Input Jitter      (TIJ):    0.000ns
    Discrete Jitter          (DJ):    0.000ns
    Phase Error              (PE):    0.000ns

    Location             Delay type                Incr(ns)  Path(ns)    Netlist Resource(s)
  -------------------------------------------------------------------    -------------------
                         (clock clk rise edge)        0.000     0.000 r  
    P14                                               0.000     0.000 r  clk (IN)
                         net (fo=0)                   0.000     0.000    clk
    P14                  IBUF (Prop_ibuf_I_O)         0.937     0.937 r  clk_IBUF_inst/O
                         net (fo=1, routed)           1.972     2.909    clk_IBUF
    BUFGCTRL_X0Y0        BUFG (Prop_bufg_I_O)         0.096     3.005 r  clk_IBUF_BUFG_inst/O
                         net (fo=728, routed)         1.552     4.557    u_execute/clk_IBUF_BUFG
    SLICE_X12Y22         FDRE                                         r  u_execute/id_ex_s1_reg[func7][4]/C
  -------------------------------------------------------------------    -------------------
    SLICE_X12Y22         FDRE (Prop_fdre_C_Q)         0.518     5.075 f  u_execute/id_ex_s1_reg[func7][4]/Q
                         net (fo=2, routed)           1.003     6.078    u_execute/id_ex_s1_reg[func7][4]
    SLICE_X12Y22         LUT4 (Prop_lut4_I2_O)        0.124     6.202 r  u_execute/ex_mem[execute_out][31]_i_9/O
                         net (fo=18, routed)          0.967     7.169    u_execute/ex_mem[execute_out][31]_i_9_n_0
    SLICE_X12Y17         LUT4 (Prop_lut4_I0_O)        0.119     7.288 r  u_execute/ex_mem[execute_out][31]_i_7/O
                         net (fo=46, routed)          1.368     8.656    u_execute/ex_mem[execute_out][31]_i_7_n_0
    SLICE_X5Y28          LUT6 (Prop_lut6_I0_O)        0.355     9.011 r  u_execute/ex_mem[execute_out][19]_i_3/O
                         net (fo=1, routed)           0.582     9.593    u_execute/ex_mem[execute_out][19]_i_3_n_0
    SLICE_X6Y28          LUT6 (Prop_lut6_I2_O)        0.124     9.717 r  u_execute/ex_mem[execute_out][19]_i_1/O
                         net (fo=1, routed)           0.000     9.717    u_execute/ex_mem[execute_out][19]_i_1_n_0
    SLICE_X6Y28          FDRE                                         r  u_execute/ex_mem_reg[execute_out][19]/D
  -------------------------------------------------------------------    -------------------

                         (clock clk rise edge)        6.000     6.000 r  
    P14                                               0.000     6.000 r  clk (IN)
                         net (fo=0)                   0.000     6.000    clk
    P14                  IBUF (Prop_ibuf_I_O)         0.804     6.804 r  clk_IBUF_inst/O
                         net (fo=1, routed)           1.868     8.672    clk_IBUF
    BUFGCTRL_X0Y0        BUFG (Prop_bufg_I_O)         0.091     8.763 r  clk_IBUF_BUFG_inst/O
                         net (fo=728, routed)         1.505    10.268    u_execute/clk_IBUF_BUFG
    SLICE_X6Y28          FDRE                                         r  u_execute/ex_mem_reg[execute_out][19]/C
                         clock pessimism              0.322    10.590    
                         clock uncertainty           -0.035    10.555    
    SLICE_X6Y28          FDRE (Setup_fdre_C_D)        0.079    10.634    u_execute/ex_mem_reg[execute_out][19]
  -------------------------------------------------------------------
                         required time                         10.634    
                         arrival time                          -9.717    
  -------------------------------------------------------------------
                         slack                                  0.917    

Slack (MET) :             0.929ns  (required time - arrival time)
  Source:                 u_execute/id_ex_s1_reg[func7][4]/C
                            (rising edge-triggered cell FDRE clocked by clk  {rise@0.000ns fall@3.000ns period=6.000ns})
  Destination:            u_execute/ex_mem_reg[execute_out][21]/D
                            (rising edge-triggered cell FDRE clocked by clk  {rise@0.000ns fall@3.000ns period=6.000ns})
  Path Group:             clk
  Path Type:              Setup (Max at Slow Process Corner)
  Requirement:            6.000ns  (clk rise@6.000ns - clk rise@0.000ns)
  Data Path Delay:        5.095ns  (logic 1.240ns (24.336%)  route 3.855ns (75.664%))
  Logic Levels:           4  (LUT4=2 LUT6=2)
  Clock Path Skew:        0.031ns (DCD - SCD + CPR)
    Destination Clock Delay (DCD):    4.266ns = ( 10.266 - 6.000 ) 
    Source Clock Delay      (SCD):    4.557ns
    Clock Pessimism Removal (CPR):    0.322ns
  Clock Uncertainty:      0.035ns  ((TSJ^2 + TIJ^2)^1/2 + DJ) / 2 + PE
    Total System Jitter     (TSJ):    0.071ns
    Total Input Jitter      (TIJ):    0.000ns
    Discrete Jitter          (DJ):    0.000ns
    Phase Error              (PE):    0.000ns

    Location             Delay type                Incr(ns)  Path(ns)    Netlist Resource(s)
  -------------------------------------------------------------------    -------------------
                         (clock clk rise edge)        0.000     0.000 r  
    P14                                               0.000     0.000 r  clk (IN)
                         net (fo=0)                   0.000     0.000    clk
    P14                  IBUF (Prop_ibuf_I_O)         0.937     0.937 r  clk_IBUF_inst/O
                         net (fo=1, routed)           1.972     2.909    clk_IBUF
    BUFGCTRL_X0Y0        BUFG (Prop_bufg_I_O)         0.096     3.005 r  clk_IBUF_BUFG_inst/O
                         net (fo=728, routed)         1.552     4.557    u_execute/clk_IBUF_BUFG
    SLICE_X12Y22         FDRE                                         r  u_execute/id_ex_s1_reg[func7][4]/C
  -------------------------------------------------------------------    -------------------
    SLICE_X12Y22         FDRE (Prop_fdre_C_Q)         0.518     5.075 f  u_execute/id_ex_s1_reg[func7][4]/Q
                         net (fo=2, routed)           1.003     6.078    u_execute/id_ex_s1_reg[func7][4]
    SLICE_X12Y22         LUT4 (Prop_lut4_I2_O)        0.124     6.202 r  u_execute/ex_mem[execute_out][31]_i_9/O
                         net (fo=18, routed)          0.967     7.169    u_execute/ex_mem[execute_out][31]_i_9_n_0
    SLICE_X12Y17         LUT4 (Prop_lut4_I0_O)        0.119     7.288 r  u_execute/ex_mem[execute_out][31]_i_7/O
                         net (fo=46, routed)          1.341     8.629    u_execute/ex_mem[execute_out][31]_i_7_n_0
    SLICE_X7Y29          LUT6 (Prop_lut6_I0_O)        0.355     8.984 r  u_execute/ex_mem[execute_out][21]_i_3/O
                         net (fo=1, routed)           0.544     9.529    u_execute/ex_mem[execute_out][21]_i_3_n_0
    SLICE_X7Y27          LUT6 (Prop_lut6_I2_O)        0.124     9.653 r  u_execute/ex_mem[execute_out][21]_i_1/O
                         net (fo=1, routed)           0.000     9.653    u_execute/ex_mem[execute_out][21]_i_1_n_0
    SLICE_X7Y27          FDRE                                         r  u_execute/ex_mem_reg[execute_out][21]/D
  -------------------------------------------------------------------    -------------------

                         (clock clk rise edge)        6.000     6.000 r  
    P14                                               0.000     6.000 r  clk (IN)
                         net (fo=0)                   0.000     6.000    clk
    P14                  IBUF (Prop_ibuf_I_O)         0.804     6.804 r  clk_IBUF_inst/O
                         net (fo=1, routed)           1.868     8.672    clk_IBUF
    BUFGCTRL_X0Y0        BUFG (Prop_bufg_I_O)         0.091     8.763 r  clk_IBUF_BUFG_inst/O
                         net (fo=728, routed)         1.503    10.266    u_execute/clk_IBUF_BUFG
    SLICE_X7Y27          FDRE                                         r  u_execute/ex_mem_reg[execute_out][21]/C
                         clock pessimism              0.322    10.588    
                         clock uncertainty           -0.035    10.553    
    SLICE_X7Y27          FDRE (Setup_fdre_C_D)        0.029    10.582    u_execute/ex_mem_reg[execute_out][21]
  -------------------------------------------------------------------
                         required time                         10.582    
                         arrival time                          -9.653    
  -------------------------------------------------------------------
                         slack                                  0.929    

Slack (MET) :             0.965ns  (required time - arrival time)
  Source:                 u_decode/id_ex_reg[opcode][4]_rep__0/C
                            (rising edge-triggered cell FDCE clocked by clk  {rise@0.000ns fall@3.000ns period=6.000ns})
  Destination:            u_execute/srl_reg[24]/D
                            (rising edge-triggered cell FDRE clocked by clk  {rise@0.000ns fall@3.000ns period=6.000ns})
  Path Group:             clk
  Path Type:              Setup (Max at Slow Process Corner)
  Requirement:            6.000ns  (clk rise@6.000ns - clk rise@0.000ns)
  Data Path Delay:        5.012ns  (logic 1.250ns (24.942%)  route 3.762ns (75.058%))
  Logic Levels:           4  (LUT4=1 LUT5=1 LUT6=2)
  Clock Path Skew:        -0.019ns (DCD - SCD + CPR)
    Destination Clock Delay (DCD):    4.203ns = ( 10.203 - 6.000 ) 
    Source Clock Delay      (SCD):    4.557ns
    Clock Pessimism Removal (CPR):    0.335ns
  Clock Uncertainty:      0.035ns  ((TSJ^2 + TIJ^2)^1/2 + DJ) / 2 + PE
    Total System Jitter     (TSJ):    0.071ns
    Total Input Jitter      (TIJ):    0.000ns
    Discrete Jitter          (DJ):    0.000ns
    Phase Error              (PE):    0.000ns

    Location             Delay type                Incr(ns)  Path(ns)    Netlist Resource(s)
  -------------------------------------------------------------------    -------------------
                         (clock clk rise edge)        0.000     0.000 r  
    P14                                               0.000     0.000 r  clk (IN)
                         net (fo=0)                   0.000     0.000    clk
    P14                  IBUF (Prop_ibuf_I_O)         0.937     0.937 r  clk_IBUF_inst/O
                         net (fo=1, routed)           1.972     2.909    clk_IBUF
    BUFGCTRL_X0Y0        BUFG (Prop_bufg_I_O)         0.096     3.005 r  clk_IBUF_BUFG_inst/O
                         net (fo=728, routed)         1.552     4.557    u_decode/clk_IBUF_BUFG
    SLICE_X10Y27         FDCE                                         r  u_decode/id_ex_reg[opcode][4]_rep__0/C
  -------------------------------------------------------------------    -------------------
    SLICE_X10Y27         FDCE (Prop_fdce_C_Q)         0.518     5.075 r  u_decode/id_ex_reg[opcode][4]_rep__0/Q
                         net (fo=88, routed)          1.118     6.193    u_decode/id_ex_reg[opcode][4]_rep__0_n_0
    SLICE_X7Y21          LUT4 (Prop_lut4_I1_O)        0.124     6.317 r  u_decode/sll[1]_i_3/O
                         net (fo=74, routed)          1.456     7.774    u_decode/u_execute/p_0_in[2]
    SLICE_X9Y30          LUT5 (Prop_lut5_I1_O)        0.152     7.926 r  u_decode/srl[27]_i_3/O
                         net (fo=2, routed)           0.580     8.506    u_decode/srl[27]_i_3_n_0
    SLICE_X10Y30         LUT6 (Prop_lut6_I0_O)        0.332     8.838 r  u_decode/srl[25]_i_2/O
                         net (fo=2, routed)           0.607     9.445    u_decode/srl[25]_i_2_n_0
    SLICE_X11Y30         LUT6 (Prop_lut6_I0_O)        0.124     9.569 r  u_decode/srl[24]_i_1/O
                         net (fo=1, routed)           0.000     9.569    u_execute/srl_reg[31]_0[23]
    SLICE_X11Y30         FDRE                                         r  u_execute/srl_reg[24]/D
  -------------------------------------------------------------------    -------------------

                         (clock clk rise edge)        6.000     6.000 r  
    P14                                               0.000     6.000 r  clk (IN)
                         net (fo=0)                   0.000     6.000    clk
    P14                  IBUF (Prop_ibuf_I_O)         0.804     6.804 r  clk_IBUF_inst/O
                         net (fo=1, routed)           1.868     8.672    clk_IBUF
    BUFGCTRL_X0Y0        BUFG (Prop_bufg_I_O)         0.091     8.763 r  clk_IBUF_BUFG_inst/O
                         net (fo=728, routed)         1.440    10.203    u_execute/clk_IBUF_BUFG
    SLICE_X11Y30         FDRE                                         r  u_execute/srl_reg[24]/C
                         clock pessimism              0.335    10.538    
                         clock uncertainty           -0.035    10.503    
    SLICE_X11Y30         FDRE (Setup_fdre_C_D)        0.031    10.534    u_execute/srl_reg[24]
  -------------------------------------------------------------------
                         required time                         10.534    
                         arrival time                          -9.569    
  -------------------------------------------------------------------
                         slack                                  0.965    

Slack (MET) :             0.982ns  (required time - arrival time)
  Source:                 u_execute/id_ex_s1_reg[func7][4]/C
                            (rising edge-triggered cell FDRE clocked by clk  {rise@0.000ns fall@3.000ns period=6.000ns})
  Destination:            u_execute/ex_mem_reg[execute_out][20]/D
                            (rising edge-triggered cell FDRE clocked by clk  {rise@0.000ns fall@3.000ns period=6.000ns})
  Path Group:             clk
  Path Type:              Setup (Max at Slow Process Corner)
  Requirement:            6.000ns  (clk rise@6.000ns - clk rise@0.000ns)
  Data Path Delay:        5.048ns  (logic 1.240ns (24.564%)  route 3.808ns (75.436%))
  Logic Levels:           4  (LUT4=2 LUT6=2)
  Clock Path Skew:        0.033ns (DCD - SCD + CPR)
    Destination Clock Delay (DCD):    4.268ns = ( 10.268 - 6.000 ) 
    Source Clock Delay      (SCD):    4.557ns
    Clock Pessimism Removal (CPR):    0.322ns
  Clock Uncertainty:      0.035ns  ((TSJ^2 + TIJ^2)^1/2 + DJ) / 2 + PE
    Total System Jitter     (TSJ):    0.071ns
    Total Input Jitter      (TIJ):    0.000ns
    Discrete Jitter          (DJ):    0.000ns
    Phase Error              (PE):    0.000ns

    Location             Delay type                Incr(ns)  Path(ns)    Netlist Resource(s)
  -------------------------------------------------------------------    -------------------
                         (clock clk rise edge)        0.000     0.000 r  
    P14                                               0.000     0.000 r  clk (IN)
                         net (fo=0)                   0.000     0.000    clk
    P14                  IBUF (Prop_ibuf_I_O)         0.937     0.937 r  clk_IBUF_inst/O
                         net (fo=1, routed)           1.972     2.909    clk_IBUF
    BUFGCTRL_X0Y0        BUFG (Prop_bufg_I_O)         0.096     3.005 r  clk_IBUF_BUFG_inst/O
                         net (fo=728, routed)         1.552     4.557    u_execute/clk_IBUF_BUFG
    SLICE_X12Y22         FDRE                                         r  u_execute/id_ex_s1_reg[func7][4]/C
  -------------------------------------------------------------------    -------------------
    SLICE_X12Y22         FDRE (Prop_fdre_C_Q)         0.518     5.075 f  u_execute/id_ex_s1_reg[func7][4]/Q
                         net (fo=2, routed)           1.003     6.078    u_execute/id_ex_s1_reg[func7][4]
    SLICE_X12Y22         LUT4 (Prop_lut4_I2_O)        0.124     6.202 r  u_execute/ex_mem[execute_out][31]_i_9/O
                         net (fo=18, routed)          0.967     7.169    u_execute/ex_mem[execute_out][31]_i_9_n_0
    SLICE_X12Y17         LUT4 (Prop_lut4_I0_O)        0.119     7.288 r  u_execute/ex_mem[execute_out][31]_i_7/O
                         net (fo=46, routed)          1.122     8.410    u_execute/ex_mem[execute_out][31]_i_7_n_0
    SLICE_X7Y26          LUT6 (Prop_lut6_I5_O)        0.355     8.765 r  u_execute/ex_mem[execute_out][20]_i_2/O
                         net (fo=1, routed)           0.716     9.481    u_execute/ex_mem[execute_out][20]_i_2_n_0
    SLICE_X7Y28          LUT6 (Prop_lut6_I1_O)        0.124     9.605 r  u_execute/ex_mem[execute_out][20]_i_1/O
                         net (fo=1, routed)           0.000     9.605    u_execute/ex_mem[execute_out][20]_i_1_n_0
    SLICE_X7Y28          FDRE                                         r  u_execute/ex_mem_reg[execute_out][20]/D
  -------------------------------------------------------------------    -------------------

                         (clock clk rise edge)        6.000     6.000 r  
    P14                                               0.000     6.000 r  clk (IN)
                         net (fo=0)                   0.000     6.000    clk
    P14                  IBUF (Prop_ibuf_I_O)         0.804     6.804 r  clk_IBUF_inst/O
                         net (fo=1, routed)           1.868     8.672    clk_IBUF
    BUFGCTRL_X0Y0        BUFG (Prop_bufg_I_O)         0.091     8.763 r  clk_IBUF_BUFG_inst/O
                         net (fo=728, routed)         1.505    10.268    u_execute/clk_IBUF_BUFG
    SLICE_X7Y28          FDRE                                         r  u_execute/ex_mem_reg[execute_out][20]/C
                         clock pessimism              0.322    10.590    
                         clock uncertainty           -0.035    10.555    
    SLICE_X7Y28          FDRE (Setup_fdre_C_D)        0.032    10.587    u_execute/ex_mem_reg[execute_out][20]
  -------------------------------------------------------------------
                         required time                         10.587    
                         arrival time                          -9.605    
  -------------------------------------------------------------------
                         slack                                  0.982    

Slack (MET) :             1.003ns  (required time - arrival time)
  Source:                 u_execute/id_ex_s1_reg[func7][4]/C
                            (rising edge-triggered cell FDRE clocked by clk  {rise@0.000ns fall@3.000ns period=6.000ns})
  Destination:            u_execute/ex_mem_reg[execute_out][13]/D
                            (rising edge-triggered cell FDRE clocked by clk  {rise@0.000ns fall@3.000ns period=6.000ns})
  Path Group:             clk
  Path Type:              Setup (Max at Slow Process Corner)
  Requirement:            6.000ns  (clk rise@6.000ns - clk rise@0.000ns)
  Data Path Delay:        4.956ns  (logic 1.240ns (25.020%)  route 3.716ns (74.980%))
  Logic Levels:           4  (LUT4=2 LUT6=2)
  Clock Path Skew:        -0.035ns (DCD - SCD + CPR)
    Destination Clock Delay (DCD):    4.200ns = ( 10.200 - 6.000 ) 
    Source Clock Delay      (SCD):    4.557ns
    Clock Pessimism Removal (CPR):    0.322ns
  Clock Uncertainty:      0.035ns  ((TSJ^2 + TIJ^2)^1/2 + DJ) / 2 + PE
    Total System Jitter     (TSJ):    0.071ns
    Total Input Jitter      (TIJ):    0.000ns
    Discrete Jitter          (DJ):    0.000ns
    Phase Error              (PE):    0.000ns

    Location             Delay type                Incr(ns)  Path(ns)    Netlist Resource(s)
  -------------------------------------------------------------------    -------------------
                         (clock clk rise edge)        0.000     0.000 r  
    P14                                               0.000     0.000 r  clk (IN)
                         net (fo=0)                   0.000     0.000    clk
    P14                  IBUF (Prop_ibuf_I_O)         0.937     0.937 r  clk_IBUF_inst/O
                         net (fo=1, routed)           1.972     2.909    clk_IBUF
    BUFGCTRL_X0Y0        BUFG (Prop_bufg_I_O)         0.096     3.005 r  clk_IBUF_BUFG_inst/O
                         net (fo=728, routed)         1.552     4.557    u_execute/clk_IBUF_BUFG
    SLICE_X12Y22         FDRE                                         r  u_execute/id_ex_s1_reg[func7][4]/C
  -------------------------------------------------------------------    -------------------
    SLICE_X12Y22         FDRE (Prop_fdre_C_Q)         0.518     5.075 f  u_execute/id_ex_s1_reg[func7][4]/Q
                         net (fo=2, routed)           1.003     6.078    u_execute/id_ex_s1_reg[func7][4]
    SLICE_X12Y22         LUT4 (Prop_lut4_I2_O)        0.124     6.202 r  u_execute/ex_mem[execute_out][31]_i_9/O
                         net (fo=18, routed)          0.967     7.169    u_execute/ex_mem[execute_out][31]_i_9_n_0
    SLICE_X12Y17         LUT4 (Prop_lut4_I0_O)        0.119     7.288 r  u_execute/ex_mem[execute_out][31]_i_7/O
                         net (fo=46, routed)          1.076     8.365    u_execute/ex_mem[execute_out][31]_i_7_n_0
    SLICE_X6Y24          LUT6 (Prop_lut6_I0_O)        0.355     8.720 r  u_execute/ex_mem[execute_out][13]_i_3/O
                         net (fo=1, routed)           0.670     9.389    u_execute/ex_mem[execute_out][13]_i_3_n_0
    SLICE_X11Y22         LUT6 (Prop_lut6_I3_O)        0.124     9.513 r  u_execute/ex_mem[execute_out][13]_i_1/O
                         net (fo=1, routed)           0.000     9.513    u_execute/ex_mem[execute_out][13]_i_1_n_0
    SLICE_X11Y22         FDRE                                         r  u_execute/ex_mem_reg[execute_out][13]/D
  -------------------------------------------------------------------    -------------------

                         (clock clk rise edge)        6.000     6.000 r  
    P14                                               0.000     6.000 r  clk (IN)
                         net (fo=0)                   0.000     6.000    clk
    P14                  IBUF (Prop_ibuf_I_O)         0.804     6.804 r  clk_IBUF_inst/O
                         net (fo=1, routed)           1.868     8.672    clk_IBUF
    BUFGCTRL_X0Y0        BUFG (Prop_bufg_I_O)         0.091     8.763 r  clk_IBUF_BUFG_inst/O
                         net (fo=728, routed)         1.437    10.200    u_execute/clk_IBUF_BUFG
    SLICE_X11Y22         FDRE                                         r  u_execute/ex_mem_reg[execute_out][13]/C
                         clock pessimism              0.322    10.522    
                         clock uncertainty           -0.035    10.487    
    SLICE_X11Y22         FDRE (Setup_fdre_C_D)        0.029    10.516    u_execute/ex_mem_reg[execute_out][13]
  -------------------------------------------------------------------
                         required time                         10.516    
                         arrival time                          -9.513    
  -------------------------------------------------------------------
                         slack                                  1.003    

Slack (MET) :             1.022ns  (required time - arrival time)
  Source:                 u_execute/id_ex_s1_reg[func7][4]/C
                            (rising edge-triggered cell FDRE clocked by clk  {rise@0.000ns fall@3.000ns period=6.000ns})
  Destination:            u_execute/ex_mem_reg[execute_out][23]/D
                            (rising edge-triggered cell FDRE clocked by clk  {rise@0.000ns fall@3.000ns period=6.000ns})
  Path Group:             clk
  Path Type:              Setup (Max at Slow Process Corner)
  Requirement:            6.000ns  (clk rise@6.000ns - clk rise@0.000ns)
  Data Path Delay:        4.941ns  (logic 1.240ns (25.098%)  route 3.701ns (74.902%))
  Logic Levels:           4  (LUT4=2 LUT6=2)
  Clock Path Skew:        -0.033ns (DCD - SCD + CPR)
    Destination Clock Delay (DCD):    4.202ns = ( 10.202 - 6.000 ) 
    Source Clock Delay      (SCD):    4.557ns
    Clock Pessimism Removal (CPR):    0.322ns
  Clock Uncertainty:      0.035ns  ((TSJ^2 + TIJ^2)^1/2 + DJ) / 2 + PE
    Total System Jitter     (TSJ):    0.071ns
    Total Input Jitter      (TIJ):    0.000ns
    Discrete Jitter          (DJ):    0.000ns
    Phase Error              (PE):    0.000ns

    Location             Delay type                Incr(ns)  Path(ns)    Netlist Resource(s)
  -------------------------------------------------------------------    -------------------
                         (clock clk rise edge)        0.000     0.000 r  
    P14                                               0.000     0.000 r  clk (IN)
                         net (fo=0)                   0.000     0.000    clk
    P14                  IBUF (Prop_ibuf_I_O)         0.937     0.937 r  clk_IBUF_inst/O
                         net (fo=1, routed)           1.972     2.909    clk_IBUF
    BUFGCTRL_X0Y0        BUFG (Prop_bufg_I_O)         0.096     3.005 r  clk_IBUF_BUFG_inst/O
                         net (fo=728, routed)         1.552     4.557    u_execute/clk_IBUF_BUFG
    SLICE_X12Y22         FDRE                                         r  u_execute/id_ex_s1_reg[func7][4]/C
  -------------------------------------------------------------------    -------------------
    SLICE_X12Y22         FDRE (Prop_fdre_C_Q)         0.518     5.075 f  u_execute/id_ex_s1_reg[func7][4]/Q
                         net (fo=2, routed)           1.003     6.078    u_execute/id_ex_s1_reg[func7][4]
    SLICE_X12Y22         LUT4 (Prop_lut4_I2_O)        0.124     6.202 r  u_execute/ex_mem[execute_out][31]_i_9/O
                         net (fo=18, routed)          0.967     7.169    u_execute/ex_mem[execute_out][31]_i_9_n_0
    SLICE_X12Y17         LUT4 (Prop_lut4_I0_O)        0.119     7.288 r  u_execute/ex_mem[execute_out][31]_i_7/O
                         net (fo=46, routed)          1.069     8.358    u_execute/ex_mem[execute_out][31]_i_7_n_0
    SLICE_X10Y29         LUT6 (Prop_lut6_I0_O)        0.355     8.713 r  u_execute/ex_mem[execute_out][23]_i_3/O
                         net (fo=1, routed)           0.661     9.374    u_execute/ex_mem[execute_out][23]_i_3_n_0
    SLICE_X9Y29          LUT6 (Prop_lut6_I2_O)        0.124     9.498 r  u_execute/ex_mem[execute_out][23]_i_1/O
                         net (fo=1, routed)           0.000     9.498    u_execute/ex_mem[execute_out][23]_i_1_n_0
    SLICE_X9Y29          FDRE                                         r  u_execute/ex_mem_reg[execute_out][23]/D
  -------------------------------------------------------------------    -------------------

                         (clock clk rise edge)        6.000     6.000 r  
    P14                                               0.000     6.000 r  clk (IN)
                         net (fo=0)                   0.000     6.000    clk
    P14                  IBUF (Prop_ibuf_I_O)         0.804     6.804 r  clk_IBUF_inst/O
                         net (fo=1, routed)           1.868     8.672    clk_IBUF
    BUFGCTRL_X0Y0        BUFG (Prop_bufg_I_O)         0.091     8.763 r  clk_IBUF_BUFG_inst/O
                         net (fo=728, routed)         1.439    10.202    u_execute/clk_IBUF_BUFG
    SLICE_X9Y29          FDRE                                         r  u_execute/ex_mem_reg[execute_out][23]/C
                         clock pessimism              0.322    10.524    
                         clock uncertainty           -0.035    10.489    
    SLICE_X9Y29          FDRE (Setup_fdre_C_D)        0.031    10.520    u_execute/ex_mem_reg[execute_out][23]
  -------------------------------------------------------------------
                         required time                         10.520    
                         arrival time                          -9.498    
  -------------------------------------------------------------------
                         slack                                  1.022    

Slack (MET) :             1.044ns  (required time - arrival time)
  Source:                 u_execute/id_ex_s1_reg[func7][4]/C
                            (rising edge-triggered cell FDRE clocked by clk  {rise@0.000ns fall@3.000ns period=6.000ns})
  Destination:            u_execute/ex_mem_reg[execute_out][24]/D
                            (rising edge-triggered cell FDRE clocked by clk  {rise@0.000ns fall@3.000ns period=6.000ns})
  Path Group:             clk
  Path Type:              Setup (Max at Slow Process Corner)
  Requirement:            6.000ns  (clk rise@6.000ns - clk rise@0.000ns)
  Data Path Delay:        4.917ns  (logic 1.240ns (25.219%)  route 3.677ns (74.781%))
  Logic Levels:           4  (LUT4=2 LUT6=2)
  Clock Path Skew:        -0.035ns (DCD - SCD + CPR)
    Destination Clock Delay (DCD):    4.200ns = ( 10.200 - 6.000 ) 
    Source Clock Delay      (SCD):    4.557ns
    Clock Pessimism Removal (CPR):    0.322ns
  Clock Uncertainty:      0.035ns  ((TSJ^2 + TIJ^2)^1/2 + DJ) / 2 + PE
    Total System Jitter     (TSJ):    0.071ns
    Total Input Jitter      (TIJ):    0.000ns
    Discrete Jitter          (DJ):    0.000ns
    Phase Error              (PE):    0.000ns

    Location             Delay type                Incr(ns)  Path(ns)    Netlist Resource(s)
  -------------------------------------------------------------------    -------------------
                         (clock clk rise edge)        0.000     0.000 r  
    P14                                               0.000     0.000 r  clk (IN)
                         net (fo=0)                   0.000     0.000    clk
    P14                  IBUF (Prop_ibuf_I_O)         0.937     0.937 r  clk_IBUF_inst/O
                         net (fo=1, routed)           1.972     2.909    clk_IBUF
    BUFGCTRL_X0Y0        BUFG (Prop_bufg_I_O)         0.096     3.005 r  clk_IBUF_BUFG_inst/O
                         net (fo=728, routed)         1.552     4.557    u_execute/clk_IBUF_BUFG
    SLICE_X12Y22         FDRE                                         r  u_execute/id_ex_s1_reg[func7][4]/C
  -------------------------------------------------------------------    -------------------
    SLICE_X12Y22         FDRE (Prop_fdre_C_Q)         0.518     5.075 f  u_execute/id_ex_s1_reg[func7][4]/Q
                         net (fo=2, routed)           1.003     6.078    u_execute/id_ex_s1_reg[func7][4]
    SLICE_X12Y22         LUT4 (Prop_lut4_I2_O)        0.124     6.202 r  u_execute/ex_mem[execute_out][31]_i_9/O
                         net (fo=18, routed)          0.967     7.169    u_execute/ex_mem[execute_out][31]_i_9_n_0
    SLICE_X12Y17         LUT4 (Prop_lut4_I0_O)        0.119     7.288 r  u_execute/ex_mem[execute_out][31]_i_7/O
                         net (fo=46, routed)          1.059     8.347    u_execute/ex_mem[execute_out][31]_i_7_n_0
    SLICE_X10Y27         LUT6 (Prop_lut6_I5_O)        0.355     8.702 r  u_execute/ex_mem[execute_out][24]_i_2/O
                         net (fo=1, routed)           0.648     9.350    u_execute/ex_mem[execute_out][24]_i_2_n_0
    SLICE_X11Y27         LUT6 (Prop_lut6_I1_O)        0.124     9.474 r  u_execute/ex_mem[execute_out][24]_i_1/O
                         net (fo=1, routed)           0.000     9.474    u_execute/ex_mem[execute_out][24]_i_1_n_0
    SLICE_X11Y27         FDRE                                         r  u_execute/ex_mem_reg[execute_out][24]/D
  -------------------------------------------------------------------    -------------------

                         (clock clk rise edge)        6.000     6.000 r  
    P14                                               0.000     6.000 r  clk (IN)
                         net (fo=0)                   0.000     6.000    clk
    P14                  IBUF (Prop_ibuf_I_O)         0.804     6.804 r  clk_IBUF_inst/O
                         net (fo=1, routed)           1.868     8.672    clk_IBUF
    BUFGCTRL_X0Y0        BUFG (Prop_bufg_I_O)         0.091     8.763 r  clk_IBUF_BUFG_inst/O
                         net (fo=728, routed)         1.437    10.200    u_execute/clk_IBUF_BUFG
    SLICE_X11Y27         FDRE                                         r  u_execute/ex_mem_reg[execute_out][24]/C
                         clock pessimism              0.322    10.522    
                         clock uncertainty           -0.035    10.487    
    SLICE_X11Y27         FDRE (Setup_fdre_C_D)        0.031    10.518    u_execute/ex_mem_reg[execute_out][24]
  -------------------------------------------------------------------
                         required time                         10.518    
                         arrival time                          -9.474    
  -------------------------------------------------------------------
                         slack                                  1.044    

Slack (MET) :             1.050ns  (required time - arrival time)
  Source:                 u_decode/id_ex_reg[opcode][4]_rep__0/C
                            (rising edge-triggered cell FDCE clocked by clk  {rise@0.000ns fall@3.000ns period=6.000ns})
  Destination:            u_execute/sra_reg[15]/D
                            (rising edge-triggered cell FDRE clocked by clk  {rise@0.000ns fall@3.000ns period=6.000ns})
  Path Group:             clk
  Path Type:              Setup (Max at Slow Process Corner)
  Requirement:            6.000ns  (clk rise@6.000ns - clk rise@0.000ns)
  Data Path Delay:        4.974ns  (logic 1.014ns (20.386%)  route 3.960ns (79.614%))
  Logic Levels:           4  (LUT4=1 LUT5=1 LUT6=2)
  Clock Path Skew:        0.030ns (DCD - SCD + CPR)
    Destination Clock Delay (DCD):    4.265ns = ( 10.265 - 6.000 ) 
    Source Clock Delay      (SCD):    4.557ns
    Clock Pessimism Removal (CPR):    0.322ns
  Clock Uncertainty:      0.035ns  ((TSJ^2 + TIJ^2)^1/2 + DJ) / 2 + PE
    Total System Jitter     (TSJ):    0.071ns
    Total Input Jitter      (TIJ):    0.000ns
    Discrete Jitter          (DJ):    0.000ns
    Phase Error              (PE):    0.000ns

    Location             Delay type                Incr(ns)  Path(ns)    Netlist Resource(s)
  -------------------------------------------------------------------    -------------------
                         (clock clk rise edge)        0.000     0.000 r  
    P14                                               0.000     0.000 r  clk (IN)
                         net (fo=0)                   0.000     0.000    clk
    P14                  IBUF (Prop_ibuf_I_O)         0.937     0.937 r  clk_IBUF_inst/O
                         net (fo=1, routed)           1.972     2.909    clk_IBUF
    BUFGCTRL_X0Y0        BUFG (Prop_bufg_I_O)         0.096     3.005 r  clk_IBUF_BUFG_inst/O
                         net (fo=728, routed)         1.552     4.557    u_decode/clk_IBUF_BUFG
    SLICE_X10Y27         FDCE                                         r  u_decode/id_ex_reg[opcode][4]_rep__0/C
  -------------------------------------------------------------------    -------------------
    SLICE_X10Y27         FDCE (Prop_fdce_C_Q)         0.518     5.075 r  u_decode/id_ex_reg[opcode][4]_rep__0/Q
                         net (fo=88, routed)          1.222     6.297    u_decode/id_ex_reg[opcode][4]_rep__0_n_0
    SLICE_X7Y20          LUT4 (Prop_lut4_I1_O)        0.124     6.421 r  u_decode/sll[0]_i_3/O
                         net (fo=122, routed)         1.177     7.598    u_decode/u_execute/p_0_in[4]
    SLICE_X2Y29          LUT5 (Prop_lut5_I3_O)        0.124     7.722 r  u_decode/sra[22]_i_4/O
                         net (fo=2, routed)           0.748     8.470    u_decode/sra[22]_i_4_n_0
    SLICE_X2Y25          LUT6 (Prop_lut6_I0_O)        0.124     8.594 r  u_decode/sra[18]_i_2/O
                         net (fo=4, routed)           0.813     9.407    u_decode/sra[18]_i_2_n_0
    SLICE_X0Y25          LUT6 (Prop_lut6_I0_O)        0.124     9.531 r  u_decode/sra[15]_i_1/O
                         net (fo=1, routed)           0.000     9.531    u_execute/sra_reg[30]_0[14]
    SLICE_X0Y25          FDRE                                         r  u_execute/sra_reg[15]/D
  -------------------------------------------------------------------    -------------------

                         (clock clk rise edge)        6.000     6.000 r  
    P14                                               0.000     6.000 r  clk (IN)
                         net (fo=0)                   0.000     6.000    clk
    P14                  IBUF (Prop_ibuf_I_O)         0.804     6.804 r  clk_IBUF_inst/O
                         net (fo=1, routed)           1.868     8.672    clk_IBUF
    BUFGCTRL_X0Y0        BUFG (Prop_bufg_I_O)         0.091     8.763 r  clk_IBUF_BUFG_inst/O
                         net (fo=728, routed)         1.502    10.265    u_execute/clk_IBUF_BUFG
    SLICE_X0Y25          FDRE                                         r  u_execute/sra_reg[15]/C
                         clock pessimism              0.322    10.587    
                         clock uncertainty           -0.035    10.552    
    SLICE_X0Y25          FDRE (Setup_fdre_C_D)        0.029    10.581    u_execute/sra_reg[15]
  -------------------------------------------------------------------
                         required time                         10.581    
                         arrival time                          -9.531    
  -------------------------------------------------------------------
                         slack                                  1.050    

Slack (MET) :             1.066ns  (required time - arrival time)
  Source:                 u_decode/id_ex_reg[opcode][4]_rep__0/C
                            (rising edge-triggered cell FDCE clocked by clk  {rise@0.000ns fall@3.000ns period=6.000ns})
  Destination:            u_execute/sra_reg[8]/D
                            (rising edge-triggered cell FDRE clocked by clk  {rise@0.000ns fall@3.000ns period=6.000ns})
  Path Group:             clk
  Path Type:              Setup (Max at Slow Process Corner)
  Requirement:            6.000ns  (clk rise@6.000ns - clk rise@0.000ns)
  Data Path Delay:        4.963ns  (logic 1.244ns (25.065%)  route 3.719ns (74.935%))
  Logic Levels:           4  (LUT4=1 LUT5=1 LUT6=2)
  Clock Path Skew:        0.035ns (DCD - SCD + CPR)
    Destination Clock Delay (DCD):    4.270ns = ( 10.270 - 6.000 ) 
    Source Clock Delay      (SCD):    4.557ns
    Clock Pessimism Removal (CPR):    0.322ns
  Clock Uncertainty:      0.035ns  ((TSJ^2 + TIJ^2)^1/2 + DJ) / 2 + PE
    Total System Jitter     (TSJ):    0.071ns
    Total Input Jitter      (TIJ):    0.000ns
    Discrete Jitter          (DJ):    0.000ns
    Phase Error              (PE):    0.000ns

    Location             Delay type                Incr(ns)  Path(ns)    Netlist Resource(s)
  -------------------------------------------------------------------    -------------------
                         (clock clk rise edge)        0.000     0.000 r  
    P14                                               0.000     0.000 r  clk (IN)
                         net (fo=0)                   0.000     0.000    clk
    P14                  IBUF (Prop_ibuf_I_O)         0.937     0.937 r  clk_IBUF_inst/O
                         net (fo=1, routed)           1.972     2.909    clk_IBUF
    BUFGCTRL_X0Y0        BUFG (Prop_bufg_I_O)         0.096     3.005 r  clk_IBUF_BUFG_inst/O
                         net (fo=728, routed)         1.552     4.557    u_decode/clk_IBUF_BUFG
    SLICE_X10Y27         FDCE                                         r  u_decode/id_ex_reg[opcode][4]_rep__0/C
  -------------------------------------------------------------------    -------------------
    SLICE_X10Y27         FDCE (Prop_fdce_C_Q)         0.518     5.075 r  u_decode/id_ex_reg[opcode][4]_rep__0/Q
                         net (fo=88, routed)          1.222     6.297    u_decode/id_ex_reg[opcode][4]_rep__0_n_0
    SLICE_X7Y20          LUT4 (Prop_lut4_I1_O)        0.124     6.421 r  u_decode/sll[0]_i_3/O
                         net (fo=122, routed)         1.197     7.618    u_decode/u_execute/p_0_in[4]
    SLICE_X2Y25          LUT5 (Prop_lut5_I3_O)        0.150     7.768 r  u_decode/sra[15]_i_3/O
                         net (fo=2, routed)           0.806     8.574    u_decode/sra[15]_i_3_n_0
    SLICE_X1Y21          LUT6 (Prop_lut6_I0_O)        0.328     8.902 r  u_decode/sra[11]_i_2/O
                         net (fo=4, routed)           0.494     9.396    u_decode/sra[11]_i_2_n_0
    SLICE_X1Y21          LUT6 (Prop_lut6_I0_O)        0.124     9.520 r  u_decode/sra[8]_i_1/O
                         net (fo=1, routed)           0.000     9.520    u_execute/sra_reg[30]_0[7]
    SLICE_X1Y21          FDRE                                         r  u_execute/sra_reg[8]/D
  -------------------------------------------------------------------    -------------------

                         (clock clk rise edge)        6.000     6.000 r  
    P14                                               0.000     6.000 r  clk (IN)
                         net (fo=0)                   0.000     6.000    clk
    P14                  IBUF (Prop_ibuf_I_O)         0.804     6.804 r  clk_IBUF_inst/O
                         net (fo=1, routed)           1.868     8.672    clk_IBUF
    BUFGCTRL_X0Y0        BUFG (Prop_bufg_I_O)         0.091     8.763 r  clk_IBUF_BUFG_inst/O
                         net (fo=728, routed)         1.507    10.270    u_execute/clk_IBUF_BUFG
    SLICE_X1Y21          FDRE                                         r  u_execute/sra_reg[8]/C
                         clock pessimism              0.322    10.592    
                         clock uncertainty           -0.035    10.557    
    SLICE_X1Y21          FDRE (Setup_fdre_C_D)        0.029    10.586    u_execute/sra_reg[8]
  -------------------------------------------------------------------
                         required time                         10.586    
                         arrival time                          -9.520    
  -------------------------------------------------------------------
                         slack                                  1.066    

Slack (MET) :             1.086ns  (required time - arrival time)
  Source:                 u_decode/id_ex_reg[opcode][4]_rep__0/C
                            (rising edge-triggered cell FDCE clocked by clk  {rise@0.000ns fall@3.000ns period=6.000ns})
  Destination:            u_execute/sra_reg[17]/D
                            (rising edge-triggered cell FDRE clocked by clk  {rise@0.000ns fall@3.000ns period=6.000ns})
  Path Group:             clk
  Path Type:              Setup (Max at Slow Process Corner)
  Requirement:            6.000ns  (clk rise@6.000ns - clk rise@0.000ns)
  Data Path Delay:        4.988ns  (logic 1.014ns (20.329%)  route 3.974ns (79.671%))
  Logic Levels:           4  (LUT4=1 LUT5=1 LUT6=2)
  Clock Path Skew:        0.032ns (DCD - SCD + CPR)
    Destination Clock Delay (DCD):    4.267ns = ( 10.267 - 6.000 ) 
    Source Clock Delay      (SCD):    4.557ns
    Clock Pessimism Removal (CPR):    0.322ns
  Clock Uncertainty:      0.035ns  ((TSJ^2 + TIJ^2)^1/2 + DJ) / 2 + PE
    Total System Jitter     (TSJ):    0.071ns
    Total Input Jitter      (TIJ):    0.000ns
    Discrete Jitter          (DJ):    0.000ns
    Phase Error              (PE):    0.000ns

    Location             Delay type                Incr(ns)  Path(ns)    Netlist Resource(s)
  -------------------------------------------------------------------    -------------------
                         (clock clk rise edge)        0.000     0.000 r  
    P14                                               0.000     0.000 r  clk (IN)
                         net (fo=0)                   0.000     0.000    clk
    P14                  IBUF (Prop_ibuf_I_O)         0.937     0.937 r  clk_IBUF_inst/O
                         net (fo=1, routed)           1.972     2.909    clk_IBUF
    BUFGCTRL_X0Y0        BUFG (Prop_bufg_I_O)         0.096     3.005 r  clk_IBUF_BUFG_inst/O
                         net (fo=728, routed)         1.552     4.557    u_decode/clk_IBUF_BUFG
    SLICE_X10Y27         FDCE                                         r  u_decode/id_ex_reg[opcode][4]_rep__0/C
  -------------------------------------------------------------------    -------------------
    SLICE_X10Y27         FDCE (Prop_fdce_C_Q)         0.518     5.075 r  u_decode/id_ex_reg[opcode][4]_rep__0/Q
                         net (fo=88, routed)          1.222     6.297    u_decode/id_ex_reg[opcode][4]_rep__0_n_0
    SLICE_X7Y20          LUT4 (Prop_lut4_I1_O)        0.124     6.421 r  u_decode/sll[0]_i_3/O
                         net (fo=122, routed)         1.177     7.598    u_decode/u_execute/p_0_in[4]
    SLICE_X2Y29          LUT5 (Prop_lut5_I3_O)        0.124     7.722 r  u_decode/sra[22]_i_4/O
                         net (fo=2, routed)           0.748     8.470    u_decode/sra[22]_i_4_n_0
    SLICE_X2Y25          LUT6 (Prop_lut6_I0_O)        0.124     8.594 r  u_decode/sra[18]_i_2/O
                         net (fo=4, routed)           0.827     9.421    u_decode/sra[18]_i_2_n_0
    SLICE_X2Y26          LUT6 (Prop_lut6_I1_O)        0.124     9.545 r  u_decode/sra[17]_i_1/O
                         net (fo=1, routed)           0.000     9.545    u_execute/sra_reg[30]_0[16]
    SLICE_X2Y26          FDRE                                         r  u_execute/sra_reg[17]/D
  -------------------------------------------------------------------    -------------------

                         (clock clk rise edge)        6.000     6.000 r  
    P14                                               0.000     6.000 r  clk (IN)
                         net (fo=0)                   0.000     6.000    clk
    P14                  IBUF (Prop_ibuf_I_O)         0.804     6.804 r  clk_IBUF_inst/O
                         net (fo=1, routed)           1.868     8.672    clk_IBUF
    BUFGCTRL_X0Y0        BUFG (Prop_bufg_I_O)         0.091     8.763 r  clk_IBUF_BUFG_inst/O
                         net (fo=728, routed)         1.504    10.267    u_execute/clk_IBUF_BUFG
    SLICE_X2Y26          FDRE                                         r  u_execute/sra_reg[17]/C
                         clock pessimism              0.322    10.589    
                         clock uncertainty           -0.035    10.554    
    SLICE_X2Y26          FDRE (Setup_fdre_C_D)        0.077    10.631    u_execute/sra_reg[17]
  -------------------------------------------------------------------
                         required time                         10.631    
                         arrival time                          -9.545    
  -------------------------------------------------------------------
                         slack                                  1.086    





Min Delay Paths
--------------------------------------------------------------------------------------
Slack (MET) :             0.049ns  (arrival time - required time)
  Source:                 u_writeback/wb_dec_reg[write_value][24]/C
                            (rising edge-triggered cell FDRE clocked by clk  {rise@0.000ns fall@3.000ns period=6.000ns})
  Destination:            u_decode/register_file_reg_r2_0_31_24_29/RAMA/I
                            (rising edge-triggered cell RAMD32 clocked by clk  {rise@0.000ns fall@3.000ns period=6.000ns})
  Path Group:             clk
  Path Type:              Hold (Min at Fast Process Corner)
  Requirement:            0.000ns  (clk rise@0.000ns - clk rise@0.000ns)
  Data Path Delay:        0.209ns  (logic 0.141ns (67.454%)  route 0.068ns (32.546%))
  Logic Levels:           0  
  Clock Path Skew:        0.013ns (DCD - SCD - CPR)
    Destination Clock Delay (DCD):    1.892ns
    Source Clock Delay      (SCD):    1.379ns
    Clock Pessimism Removal (CPR):    0.500ns

    Location             Delay type                Incr(ns)  Path(ns)    Netlist Resource(s)
  -------------------------------------------------------------------    -------------------
                         (clock clk rise edge)        0.000     0.000 r  
    P14                                               0.000     0.000 r  clk (IN)
                         net (fo=0)                   0.000     0.000    clk
    P14                  IBUF (Prop_ibuf_I_O)         0.166     0.166 r  clk_IBUF_inst/O
                         net (fo=1, routed)           0.634     0.801    clk_IBUF
    BUFGCTRL_X0Y0        BUFG (Prop_bufg_I_O)         0.026     0.827 r  clk_IBUF_BUFG_inst/O
                         net (fo=728, routed)         0.553     1.379    u_writeback/clk_IBUF_BUFG
    SLICE_X13Y25         FDRE                                         r  u_writeback/wb_dec_reg[write_value][24]/C
  -------------------------------------------------------------------    -------------------
    SLICE_X13Y25         FDRE (Prop_fdre_C_Q)         0.141     1.520 r  u_writeback/wb_dec_reg[write_value][24]/Q
                         net (fo=2, routed)           0.068     1.588    u_decode/register_file_reg_r2_0_31_24_29/DIA0
    SLICE_X12Y25         RAMD32                                       r  u_decode/register_file_reg_r2_0_31_24_29/RAMA/I
  -------------------------------------------------------------------    -------------------

                         (clock clk rise edge)        0.000     0.000 r  
    P14                                               0.000     0.000 r  clk (IN)
                         net (fo=0)                   0.000     0.000    clk
    P14                  IBUF (Prop_ibuf_I_O)         0.355     0.355 r  clk_IBUF_inst/O
                         net (fo=1, routed)           0.689     1.044    clk_IBUF
    BUFGCTRL_X0Y0        BUFG (Prop_bufg_I_O)         0.029     1.073 r  clk_IBUF_BUFG_inst/O
                         net (fo=728, routed)         0.820     1.892    u_decode/register_file_reg_r2_0_31_24_29/WCLK
    SLICE_X12Y25         RAMD32                                       r  u_decode/register_file_reg_r2_0_31_24_29/RAMA/CLK
                         clock pessimism             -0.500     1.392    
    SLICE_X12Y25         RAMD32 (Hold_ramd32_CLK_I)
                                                      0.147     1.539    u_decode/register_file_reg_r2_0_31_24_29/RAMA
  -------------------------------------------------------------------
                         required time                         -1.539    
                         arrival time                           1.588    
  -------------------------------------------------------------------
                         slack                                  0.049    

Slack (MET) :             0.068ns  (arrival time - required time)
  Source:                 u_fetch/if_id_reg[opcode][1]/C
                            (rising edge-triggered cell FDRE clocked by clk  {rise@0.000ns fall@3.000ns period=6.000ns})
  Destination:            u_decode/id_ex_reg[opcode][1]/D
                            (rising edge-triggered cell FDCE clocked by clk  {rise@0.000ns fall@3.000ns period=6.000ns})
  Path Group:             clk
  Path Type:              Hold (Min at Fast Process Corner)
  Requirement:            0.000ns  (clk rise@0.000ns - clk rise@0.000ns)
  Data Path Delay:        0.391ns  (logic 0.141ns (36.076%)  route 0.250ns (63.924%))
  Logic Levels:           0  
  Clock Path Skew:        0.264ns (DCD - SCD - CPR)
    Destination Clock Delay (DCD):    1.896ns
    Source Clock Delay      (SCD):    1.381ns
    Clock Pessimism Removal (CPR):    0.251ns

    Location             Delay type                Incr(ns)  Path(ns)    Netlist Resource(s)
  -------------------------------------------------------------------    -------------------
                         (clock clk rise edge)        0.000     0.000 r  
    P14                                               0.000     0.000 r  clk (IN)
                         net (fo=0)                   0.000     0.000    clk
    P14                  IBUF (Prop_ibuf_I_O)         0.166     0.166 r  clk_IBUF_inst/O
                         net (fo=1, routed)           0.634     0.801    clk_IBUF
    BUFGCTRL_X0Y0        BUFG (Prop_bufg_I_O)         0.026     0.827 r  clk_IBUF_BUFG_inst/O
                         net (fo=728, routed)         0.555     1.381    u_fetch/clk_IBUF_BUFG
    SLICE_X40Y19         FDRE                                         r  u_fetch/if_id_reg[opcode][1]/C
  -------------------------------------------------------------------    -------------------
    SLICE_X40Y19         FDRE (Prop_fdre_C_Q)         0.141     1.522 r  u_fetch/if_id_reg[opcode][1]/Q
                         net (fo=1, routed)           0.250     1.772    u_decode/if_id[opcode][1]
    SLICE_X34Y16         FDCE                                         r  u_decode/id_ex_reg[opcode][1]/D
  -------------------------------------------------------------------    -------------------

                         (clock clk rise edge)        0.000     0.000 r  
    P14                                               0.000     0.000 r  clk (IN)
                         net (fo=0)                   0.000     0.000    clk
    P14                  IBUF (Prop_ibuf_I_O)         0.355     0.355 r  clk_IBUF_inst/O
                         net (fo=1, routed)           0.689     1.044    clk_IBUF
    BUFGCTRL_X0Y0        BUFG (Prop_bufg_I_O)         0.029     1.073 r  clk_IBUF_BUFG_inst/O
                         net (fo=728, routed)         0.824     1.896    u_decode/clk_IBUF_BUFG
    SLICE_X34Y16         FDCE                                         r  u_decode/id_ex_reg[opcode][1]/C
                         clock pessimism             -0.251     1.645    
    SLICE_X34Y16         FDCE (Hold_fdce_C_D)         0.059     1.704    u_decode/id_ex_reg[opcode][1]
  -------------------------------------------------------------------
                         required time                         -1.704    
                         arrival time                           1.772    
  -------------------------------------------------------------------
                         slack                                  0.068    

Slack (MET) :             0.075ns  (arrival time - required time)
  Source:                 u_writeback/wb_dec_reg[rd_addr][2]/C
                            (rising edge-triggered cell FDRE clocked by clk  {rise@0.000ns fall@3.000ns period=6.000ns})
  Destination:            u_decode/register_file_reg_r1_0_31_0_5/RAMA/WADR2
                            (rising edge-triggered cell RAMD32 clocked by clk  {rise@0.000ns fall@3.000ns period=6.000ns})
  Path Group:             clk
  Path Type:              Hold (Min at Fast Process Corner)
  Requirement:            0.000ns  (clk rise@0.000ns - clk rise@0.000ns)
  Data Path Delay:        0.362ns  (logic 0.141ns (38.948%)  route 0.221ns (61.052%))
  Logic Levels:           0  
  Clock Path Skew:        0.033ns (DCD - SCD - CPR)
    Destination Clock Delay (DCD):    1.899ns
    Source Clock Delay      (SCD):    1.386ns
    Clock Pessimism Removal (CPR):    0.480ns

    Location             Delay type                Incr(ns)  Path(ns)    Netlist Resource(s)
  -------------------------------------------------------------------    -------------------
                         (clock clk rise edge)        0.000     0.000 r  
    P14                                               0.000     0.000 r  clk (IN)
                         net (fo=0)                   0.000     0.000    clk
    P14                  IBUF (Prop_ibuf_I_O)         0.166     0.166 r  clk_IBUF_inst/O
                         net (fo=1, routed)           0.634     0.801    clk_IBUF
    BUFGCTRL_X0Y0        BUFG (Prop_bufg_I_O)         0.026     0.827 r  clk_IBUF_BUFG_inst/O
                         net (fo=728, routed)         0.560     1.386    u_writeback/clk_IBUF_BUFG
    SLICE_X9Y17          FDRE                                         r  u_writeback/wb_dec_reg[rd_addr][2]/C
  -------------------------------------------------------------------    -------------------
    SLICE_X9Y17          FDRE (Prop_fdre_C_Q)         0.141     1.527 r  u_writeback/wb_dec_reg[rd_addr][2]/Q
                         net (fo=92, routed)          0.221     1.748    u_decode/register_file_reg_r1_0_31_0_5/ADDRD2
    SLICE_X10Y18         RAMD32                                       r  u_decode/register_file_reg_r1_0_31_0_5/RAMA/WADR2
  -------------------------------------------------------------------    -------------------

                         (clock clk rise edge)        0.000     0.000 r  
    P14                                               0.000     0.000 r  clk (IN)
                         net (fo=0)                   0.000     0.000    clk
    P14                  IBUF (Prop_ibuf_I_O)         0.355     0.355 r  clk_IBUF_inst/O
                         net (fo=1, routed)           0.689     1.044    clk_IBUF
    BUFGCTRL_X0Y0        BUFG (Prop_bufg_I_O)         0.029     1.073 r  clk_IBUF_BUFG_inst/O
                         net (fo=728, routed)         0.827     1.899    u_decode/register_file_reg_r1_0_31_0_5/WCLK
    SLICE_X10Y18         RAMD32                                       r  u_decode/register_file_reg_r1_0_31_0_5/RAMA/CLK
                         clock pessimism             -0.480     1.419    
    SLICE_X10Y18         RAMD32 (Hold_ramd32_CLK_WADR2)
                                                      0.254     1.673    u_decode/register_file_reg_r1_0_31_0_5/RAMA
  -------------------------------------------------------------------
                         required time                         -1.673    
                         arrival time                           1.748    
  -------------------------------------------------------------------
                         slack                                  0.075    

Slack (MET) :             0.075ns  (arrival time - required time)
  Source:                 u_writeback/wb_dec_reg[rd_addr][2]/C
                            (rising edge-triggered cell FDRE clocked by clk  {rise@0.000ns fall@3.000ns period=6.000ns})
  Destination:            u_decode/register_file_reg_r1_0_31_0_5/RAMA_D1/WADR2
                            (rising edge-triggered cell RAMD32 clocked by clk  {rise@0.000ns fall@3.000ns period=6.000ns})
  Path Group:             clk
  Path Type:              Hold (Min at Fast Process Corner)
  Requirement:            0.000ns  (clk rise@0.000ns - clk rise@0.000ns)
  Data Path Delay:        0.362ns  (logic 0.141ns (38.948%)  route 0.221ns (61.052%))
  Logic Levels:           0  
  Clock Path Skew:        0.033ns (DCD - SCD - CPR)
    Destination Clock Delay (DCD):    1.899ns
    Source Clock Delay      (SCD):    1.386ns
    Clock Pessimism Removal (CPR):    0.480ns

    Location             Delay type                Incr(ns)  Path(ns)    Netlist Resource(s)
  -------------------------------------------------------------------    -------------------
                         (clock clk rise edge)        0.000     0.000 r  
    P14                                               0.000     0.000 r  clk (IN)
                         net (fo=0)                   0.000     0.000    clk
    P14                  IBUF (Prop_ibuf_I_O)         0.166     0.166 r  clk_IBUF_inst/O
                         net (fo=1, routed)           0.634     0.801    clk_IBUF
    BUFGCTRL_X0Y0        BUFG (Prop_bufg_I_O)         0.026     0.827 r  clk_IBUF_BUFG_inst/O
                         net (fo=728, routed)         0.560     1.386    u_writeback/clk_IBUF_BUFG
    SLICE_X9Y17          FDRE                                         r  u_writeback/wb_dec_reg[rd_addr][2]/C
  -------------------------------------------------------------------    -------------------
    SLICE_X9Y17          FDRE (Prop_fdre_C_Q)         0.141     1.527 r  u_writeback/wb_dec_reg[rd_addr][2]/Q
                         net (fo=92, routed)          0.221     1.748    u_decode/register_file_reg_r1_0_31_0_5/ADDRD2
    SLICE_X10Y18         RAMD32                                       r  u_decode/register_file_reg_r1_0_31_0_5/RAMA_D1/WADR2
  -------------------------------------------------------------------    -------------------

                         (clock clk rise edge)        0.000     0.000 r  
    P14                                               0.000     0.000 r  clk (IN)
                         net (fo=0)                   0.000     0.000    clk
    P14                  IBUF (Prop_ibuf_I_O)         0.355     0.355 r  clk_IBUF_inst/O
                         net (fo=1, routed)           0.689     1.044    clk_IBUF
    BUFGCTRL_X0Y0        BUFG (Prop_bufg_I_O)         0.029     1.073 r  clk_IBUF_BUFG_inst/O
                         net (fo=728, routed)         0.827     1.899    u_decode/register_file_reg_r1_0_31_0_5/WCLK
    SLICE_X10Y18         RAMD32                                       r  u_decode/register_file_reg_r1_0_31_0_5/RAMA_D1/CLK
                         clock pessimism             -0.480     1.419    
    SLICE_X10Y18         RAMD32 (Hold_ramd32_CLK_WADR2)
                                                      0.254     1.673    u_decode/register_file_reg_r1_0_31_0_5/RAMA_D1
  -------------------------------------------------------------------
                         required time                         -1.673    
                         arrival time                           1.748    
  -------------------------------------------------------------------
                         slack                                  0.075    

Slack (MET) :             0.075ns  (arrival time - required time)
  Source:                 u_writeback/wb_dec_reg[rd_addr][2]/C
                            (rising edge-triggered cell FDRE clocked by clk  {rise@0.000ns fall@3.000ns period=6.000ns})
  Destination:            u_decode/register_file_reg_r1_0_31_0_5/RAMB/WADR2
                            (rising edge-triggered cell RAMD32 clocked by clk  {rise@0.000ns fall@3.000ns period=6.000ns})
  Path Group:             clk
  Path Type:              Hold (Min at Fast Process Corner)
  Requirement:            0.000ns  (clk rise@0.000ns - clk rise@0.000ns)
  Data Path Delay:        0.362ns  (logic 0.141ns (38.948%)  route 0.221ns (61.052%))
  Logic Levels:           0  
  Clock Path Skew:        0.033ns (DCD - SCD - CPR)
    Destination Clock Delay (DCD):    1.899ns
    Source Clock Delay      (SCD):    1.386ns
    Clock Pessimism Removal (CPR):    0.480ns

    Location             Delay type                Incr(ns)  Path(ns)    Netlist Resource(s)
  -------------------------------------------------------------------    -------------------
                         (clock clk rise edge)        0.000     0.000 r  
    P14                                               0.000     0.000 r  clk (IN)
                         net (fo=0)                   0.000     0.000    clk
    P14                  IBUF (Prop_ibuf_I_O)         0.166     0.166 r  clk_IBUF_inst/O
                         net (fo=1, routed)           0.634     0.801    clk_IBUF
    BUFGCTRL_X0Y0        BUFG (Prop_bufg_I_O)         0.026     0.827 r  clk_IBUF_BUFG_inst/O
                         net (fo=728, routed)         0.560     1.386    u_writeback/clk_IBUF_BUFG
    SLICE_X9Y17          FDRE                                         r  u_writeback/wb_dec_reg[rd_addr][2]/C
  -------------------------------------------------------------------    -------------------
    SLICE_X9Y17          FDRE (Prop_fdre_C_Q)         0.141     1.527 r  u_writeback/wb_dec_reg[rd_addr][2]/Q
                         net (fo=92, routed)          0.221     1.748    u_decode/register_file_reg_r1_0_31_0_5/ADDRD2
    SLICE_X10Y18         RAMD32                                       r  u_decode/register_file_reg_r1_0_31_0_5/RAMB/WADR2
  -------------------------------------------------------------------    -------------------

                         (clock clk rise edge)        0.000     0.000 r  
    P14                                               0.000     0.000 r  clk (IN)
                         net (fo=0)                   0.000     0.000    clk
    P14                  IBUF (Prop_ibuf_I_O)         0.355     0.355 r  clk_IBUF_inst/O
                         net (fo=1, routed)           0.689     1.044    clk_IBUF
    BUFGCTRL_X0Y0        BUFG (Prop_bufg_I_O)         0.029     1.073 r  clk_IBUF_BUFG_inst/O
                         net (fo=728, routed)         0.827     1.899    u_decode/register_file_reg_r1_0_31_0_5/WCLK
    SLICE_X10Y18         RAMD32                                       r  u_decode/register_file_reg_r1_0_31_0_5/RAMB/CLK
                         clock pessimism             -0.480     1.419    
    SLICE_X10Y18         RAMD32 (Hold_ramd32_CLK_WADR2)
                                                      0.254     1.673    u_decode/register_file_reg_r1_0_31_0_5/RAMB
  -------------------------------------------------------------------
                         required time                         -1.673    
                         arrival time                           1.748    
  -------------------------------------------------------------------
                         slack                                  0.075    

Slack (MET) :             0.075ns  (arrival time - required time)
  Source:                 u_writeback/wb_dec_reg[rd_addr][2]/C
                            (rising edge-triggered cell FDRE clocked by clk  {rise@0.000ns fall@3.000ns period=6.000ns})
  Destination:            u_decode/register_file_reg_r1_0_31_0_5/RAMB_D1/WADR2
                            (rising edge-triggered cell RAMD32 clocked by clk  {rise@0.000ns fall@3.000ns period=6.000ns})
  Path Group:             clk
  Path Type:              Hold (Min at Fast Process Corner)
  Requirement:            0.000ns  (clk rise@0.000ns - clk rise@0.000ns)
  Data Path Delay:        0.362ns  (logic 0.141ns (38.948%)  route 0.221ns (61.052%))
  Logic Levels:           0  
  Clock Path Skew:        0.033ns (DCD - SCD - CPR)
    Destination Clock Delay (DCD):    1.899ns
    Source Clock Delay      (SCD):    1.386ns
    Clock Pessimism Removal (CPR):    0.480ns

    Location             Delay type                Incr(ns)  Path(ns)    Netlist Resource(s)
  -------------------------------------------------------------------    -------------------
                         (clock clk rise edge)        0.000     0.000 r  
    P14                                               0.000     0.000 r  clk (IN)
                         net (fo=0)                   0.000     0.000    clk
    P14                  IBUF (Prop_ibuf_I_O)         0.166     0.166 r  clk_IBUF_inst/O
                         net (fo=1, routed)           0.634     0.801    clk_IBUF
    BUFGCTRL_X0Y0        BUFG (Prop_bufg_I_O)         0.026     0.827 r  clk_IBUF_BUFG_inst/O
                         net (fo=728, routed)         0.560     1.386    u_writeback/clk_IBUF_BUFG
    SLICE_X9Y17          FDRE                                         r  u_writeback/wb_dec_reg[rd_addr][2]/C
  -------------------------------------------------------------------    -------------------
    SLICE_X9Y17          FDRE (Prop_fdre_C_Q)         0.141     1.527 r  u_writeback/wb_dec_reg[rd_addr][2]/Q
                         net (fo=92, routed)          0.221     1.748    u_decode/register_file_reg_r1_0_31_0_5/ADDRD2
    SLICE_X10Y18         RAMD32                                       r  u_decode/register_file_reg_r1_0_31_0_5/RAMB_D1/WADR2
  -------------------------------------------------------------------    -------------------

                         (clock clk rise edge)        0.000     0.000 r  
    P14                                               0.000     0.000 r  clk (IN)
                         net (fo=0)                   0.000     0.000    clk
    P14                  IBUF (Prop_ibuf_I_O)         0.355     0.355 r  clk_IBUF_inst/O
                         net (fo=1, routed)           0.689     1.044    clk_IBUF
    BUFGCTRL_X0Y0        BUFG (Prop_bufg_I_O)         0.029     1.073 r  clk_IBUF_BUFG_inst/O
                         net (fo=728, routed)         0.827     1.899    u_decode/register_file_reg_r1_0_31_0_5/WCLK
    SLICE_X10Y18         RAMD32                                       r  u_decode/register_file_reg_r1_0_31_0_5/RAMB_D1/CLK
                         clock pessimism             -0.480     1.419    
    SLICE_X10Y18         RAMD32 (Hold_ramd32_CLK_WADR2)
                                                      0.254     1.673    u_decode/register_file_reg_r1_0_31_0_5/RAMB_D1
  -------------------------------------------------------------------
                         required time                         -1.673    
                         arrival time                           1.748    
  -------------------------------------------------------------------
                         slack                                  0.075    

Slack (MET) :             0.075ns  (arrival time - required time)
  Source:                 u_writeback/wb_dec_reg[rd_addr][2]/C
                            (rising edge-triggered cell FDRE clocked by clk  {rise@0.000ns fall@3.000ns period=6.000ns})
  Destination:            u_decode/register_file_reg_r1_0_31_0_5/RAMC/WADR2
                            (rising edge-triggered cell RAMD32 clocked by clk  {rise@0.000ns fall@3.000ns period=6.000ns})
  Path Group:             clk
  Path Type:              Hold (Min at Fast Process Corner)
  Requirement:            0.000ns  (clk rise@0.000ns - clk rise@0.000ns)
  Data Path Delay:        0.362ns  (logic 0.141ns (38.948%)  route 0.221ns (61.052%))
  Logic Levels:           0  
  Clock Path Skew:        0.033ns (DCD - SCD - CPR)
    Destination Clock Delay (DCD):    1.899ns
    Source Clock Delay      (SCD):    1.386ns
    Clock Pessimism Removal (CPR):    0.480ns

    Location             Delay type                Incr(ns)  Path(ns)    Netlist Resource(s)
  -------------------------------------------------------------------    -------------------
                         (clock clk rise edge)        0.000     0.000 r  
    P14                                               0.000     0.000 r  clk (IN)
                         net (fo=0)                   0.000     0.000    clk
    P14                  IBUF (Prop_ibuf_I_O)         0.166     0.166 r  clk_IBUF_inst/O
                         net (fo=1, routed)           0.634     0.801    clk_IBUF
    BUFGCTRL_X0Y0        BUFG (Prop_bufg_I_O)         0.026     0.827 r  clk_IBUF_BUFG_inst/O
                         net (fo=728, routed)         0.560     1.386    u_writeback/clk_IBUF_BUFG
    SLICE_X9Y17          FDRE                                         r  u_writeback/wb_dec_reg[rd_addr][2]/C
  -------------------------------------------------------------------    -------------------
    SLICE_X9Y17          FDRE (Prop_fdre_C_Q)         0.141     1.527 r  u_writeback/wb_dec_reg[rd_addr][2]/Q
                         net (fo=92, routed)          0.221     1.748    u_decode/register_file_reg_r1_0_31_0_5/ADDRD2
    SLICE_X10Y18         RAMD32                                       r  u_decode/register_file_reg_r1_0_31_0_5/RAMC/WADR2
  -------------------------------------------------------------------    -------------------

                         (clock clk rise edge)        0.000     0.000 r  
    P14                                               0.000     0.000 r  clk (IN)
                         net (fo=0)                   0.000     0.000    clk
    P14                  IBUF (Prop_ibuf_I_O)         0.355     0.355 r  clk_IBUF_inst/O
                         net (fo=1, routed)           0.689     1.044    clk_IBUF
    BUFGCTRL_X0Y0        BUFG (Prop_bufg_I_O)         0.029     1.073 r  clk_IBUF_BUFG_inst/O
                         net (fo=728, routed)         0.827     1.899    u_decode/register_file_reg_r1_0_31_0_5/WCLK
    SLICE_X10Y18         RAMD32                                       r  u_decode/register_file_reg_r1_0_31_0_5/RAMC/CLK
                         clock pessimism             -0.480     1.419    
    SLICE_X10Y18         RAMD32 (Hold_ramd32_CLK_WADR2)
                                                      0.254     1.673    u_decode/register_file_reg_r1_0_31_0_5/RAMC
  -------------------------------------------------------------------
                         required time                         -1.673    
                         arrival time                           1.748    
  -------------------------------------------------------------------
                         slack                                  0.075    

Slack (MET) :             0.075ns  (arrival time - required time)
  Source:                 u_writeback/wb_dec_reg[rd_addr][2]/C
                            (rising edge-triggered cell FDRE clocked by clk  {rise@0.000ns fall@3.000ns period=6.000ns})
  Destination:            u_decode/register_file_reg_r1_0_31_0_5/RAMC_D1/WADR2
                            (rising edge-triggered cell RAMD32 clocked by clk  {rise@0.000ns fall@3.000ns period=6.000ns})
  Path Group:             clk
  Path Type:              Hold (Min at Fast Process Corner)
  Requirement:            0.000ns  (clk rise@0.000ns - clk rise@0.000ns)
  Data Path Delay:        0.362ns  (logic 0.141ns (38.948%)  route 0.221ns (61.052%))
  Logic Levels:           0  
  Clock Path Skew:        0.033ns (DCD - SCD - CPR)
    Destination Clock Delay (DCD):    1.899ns
    Source Clock Delay      (SCD):    1.386ns
    Clock Pessimism Removal (CPR):    0.480ns

    Location             Delay type                Incr(ns)  Path(ns)    Netlist Resource(s)
  -------------------------------------------------------------------    -------------------
                         (clock clk rise edge)        0.000     0.000 r  
    P14                                               0.000     0.000 r  clk (IN)
                         net (fo=0)                   0.000     0.000    clk
    P14                  IBUF (Prop_ibuf_I_O)         0.166     0.166 r  clk_IBUF_inst/O
                         net (fo=1, routed)           0.634     0.801    clk_IBUF
    BUFGCTRL_X0Y0        BUFG (Prop_bufg_I_O)         0.026     0.827 r  clk_IBUF_BUFG_inst/O
                         net (fo=728, routed)         0.560     1.386    u_writeback/clk_IBUF_BUFG
    SLICE_X9Y17          FDRE                                         r  u_writeback/wb_dec_reg[rd_addr][2]/C
  -------------------------------------------------------------------    -------------------
    SLICE_X9Y17          FDRE (Prop_fdre_C_Q)         0.141     1.527 r  u_writeback/wb_dec_reg[rd_addr][2]/Q
                         net (fo=92, routed)          0.221     1.748    u_decode/register_file_reg_r1_0_31_0_5/ADDRD2
    SLICE_X10Y18         RAMD32                                       r  u_decode/register_file_reg_r1_0_31_0_5/RAMC_D1/WADR2
  -------------------------------------------------------------------    -------------------

                         (clock clk rise edge)        0.000     0.000 r  
    P14                                               0.000     0.000 r  clk (IN)
                         net (fo=0)                   0.000     0.000    clk
    P14                  IBUF (Prop_ibuf_I_O)         0.355     0.355 r  clk_IBUF_inst/O
                         net (fo=1, routed)           0.689     1.044    clk_IBUF
    BUFGCTRL_X0Y0        BUFG (Prop_bufg_I_O)         0.029     1.073 r  clk_IBUF_BUFG_inst/O
                         net (fo=728, routed)         0.827     1.899    u_decode/register_file_reg_r1_0_31_0_5/WCLK
    SLICE_X10Y18         RAMD32                                       r  u_decode/register_file_reg_r1_0_31_0_5/RAMC_D1/CLK
                         clock pessimism             -0.480     1.419    
    SLICE_X10Y18         RAMD32 (Hold_ramd32_CLK_WADR2)
                                                      0.254     1.673    u_decode/register_file_reg_r1_0_31_0_5/RAMC_D1
  -------------------------------------------------------------------
                         required time                         -1.673    
                         arrival time                           1.748    
  -------------------------------------------------------------------
                         slack                                  0.075    

Slack (MET) :             0.075ns  (arrival time - required time)
  Source:                 u_writeback/wb_dec_reg[rd_addr][2]/C
                            (rising edge-triggered cell FDRE clocked by clk  {rise@0.000ns fall@3.000ns period=6.000ns})
  Destination:            u_decode/register_file_reg_r1_0_31_0_5/RAMD/ADR2
                            (rising edge-triggered cell RAMS32 clocked by clk  {rise@0.000ns fall@3.000ns period=6.000ns})
  Path Group:             clk
  Path Type:              Hold (Min at Fast Process Corner)
  Requirement:            0.000ns  (clk rise@0.000ns - clk rise@0.000ns)
  Data Path Delay:        0.362ns  (logic 0.141ns (38.948%)  route 0.221ns (61.052%))
  Logic Levels:           0  
  Clock Path Skew:        0.033ns (DCD - SCD - CPR)
    Destination Clock Delay (DCD):    1.899ns
    Source Clock Delay      (SCD):    1.386ns
    Clock Pessimism Removal (CPR):    0.480ns

    Location             Delay type                Incr(ns)  Path(ns)    Netlist Resource(s)
  -------------------------------------------------------------------    -------------------
                         (clock clk rise edge)        0.000     0.000 r  
    P14                                               0.000     0.000 r  clk (IN)
                         net (fo=0)                   0.000     0.000    clk
    P14                  IBUF (Prop_ibuf_I_O)         0.166     0.166 r  clk_IBUF_inst/O
                         net (fo=1, routed)           0.634     0.801    clk_IBUF
    BUFGCTRL_X0Y0        BUFG (Prop_bufg_I_O)         0.026     0.827 r  clk_IBUF_BUFG_inst/O
                         net (fo=728, routed)         0.560     1.386    u_writeback/clk_IBUF_BUFG
    SLICE_X9Y17          FDRE                                         r  u_writeback/wb_dec_reg[rd_addr][2]/C
  -------------------------------------------------------------------    -------------------
    SLICE_X9Y17          FDRE (Prop_fdre_C_Q)         0.141     1.527 r  u_writeback/wb_dec_reg[rd_addr][2]/Q
                         net (fo=92, routed)          0.221     1.748    u_decode/register_file_reg_r1_0_31_0_5/ADDRD2
    SLICE_X10Y18         RAMS32                                       r  u_decode/register_file_reg_r1_0_31_0_5/RAMD/ADR2
  -------------------------------------------------------------------    -------------------

                         (clock clk rise edge)        0.000     0.000 r  
    P14                                               0.000     0.000 r  clk (IN)
                         net (fo=0)                   0.000     0.000    clk
    P14                  IBUF (Prop_ibuf_I_O)         0.355     0.355 r  clk_IBUF_inst/O
                         net (fo=1, routed)           0.689     1.044    clk_IBUF
    BUFGCTRL_X0Y0        BUFG (Prop_bufg_I_O)         0.029     1.073 r  clk_IBUF_BUFG_inst/O
                         net (fo=728, routed)         0.827     1.899    u_decode/register_file_reg_r1_0_31_0_5/WCLK
    SLICE_X10Y18         RAMS32                                       r  u_decode/register_file_reg_r1_0_31_0_5/RAMD/CLK
                         clock pessimism             -0.480     1.419    
    SLICE_X10Y18         RAMS32 (Hold_rams32_CLK_ADR2)
                                                      0.254     1.673    u_decode/register_file_reg_r1_0_31_0_5/RAMD
  -------------------------------------------------------------------
                         required time                         -1.673    
                         arrival time                           1.748    
  -------------------------------------------------------------------
                         slack                                  0.075    

Slack (MET) :             0.075ns  (arrival time - required time)
  Source:                 u_writeback/wb_dec_reg[rd_addr][2]/C
                            (rising edge-triggered cell FDRE clocked by clk  {rise@0.000ns fall@3.000ns period=6.000ns})
  Destination:            u_decode/register_file_reg_r1_0_31_0_5/RAMD_D1/ADR2
                            (rising edge-triggered cell RAMS32 clocked by clk  {rise@0.000ns fall@3.000ns period=6.000ns})
  Path Group:             clk
  Path Type:              Hold (Min at Fast Process Corner)
  Requirement:            0.000ns  (clk rise@0.000ns - clk rise@0.000ns)
  Data Path Delay:        0.362ns  (logic 0.141ns (38.948%)  route 0.221ns (61.052%))
  Logic Levels:           0  
  Clock Path Skew:        0.033ns (DCD - SCD - CPR)
    Destination Clock Delay (DCD):    1.899ns
    Source Clock Delay      (SCD):    1.386ns
    Clock Pessimism Removal (CPR):    0.480ns

    Location             Delay type                Incr(ns)  Path(ns)    Netlist Resource(s)
  -------------------------------------------------------------------    -------------------
                         (clock clk rise edge)        0.000     0.000 r  
    P14                                               0.000     0.000 r  clk (IN)
                         net (fo=0)                   0.000     0.000    clk
    P14                  IBUF (Prop_ibuf_I_O)         0.166     0.166 r  clk_IBUF_inst/O
                         net (fo=1, routed)           0.634     0.801    clk_IBUF
    BUFGCTRL_X0Y0        BUFG (Prop_bufg_I_O)         0.026     0.827 r  clk_IBUF_BUFG_inst/O
                         net (fo=728, routed)         0.560     1.386    u_writeback/clk_IBUF_BUFG
    SLICE_X9Y17          FDRE                                         r  u_writeback/wb_dec_reg[rd_addr][2]/C
  -------------------------------------------------------------------    -------------------
    SLICE_X9Y17          FDRE (Prop_fdre_C_Q)         0.141     1.527 r  u_writeback/wb_dec_reg[rd_addr][2]/Q
                         net (fo=92, routed)          0.221     1.748    u_decode/register_file_reg_r1_0_31_0_5/ADDRD2
    SLICE_X10Y18         RAMS32                                       r  u_decode/register_file_reg_r1_0_31_0_5/RAMD_D1/ADR2
  -------------------------------------------------------------------    -------------------

                         (clock clk rise edge)        0.000     0.000 r  
    P14                                               0.000     0.000 r  clk (IN)
                         net (fo=0)                   0.000     0.000    clk
    P14                  IBUF (Prop_ibuf_I_O)         0.355     0.355 r  clk_IBUF_inst/O
                         net (fo=1, routed)           0.689     1.044    clk_IBUF
    BUFGCTRL_X0Y0        BUFG (Prop_bufg_I_O)         0.029     1.073 r  clk_IBUF_BUFG_inst/O
                         net (fo=728, routed)         0.827     1.899    u_decode/register_file_reg_r1_0_31_0_5/WCLK
    SLICE_X10Y18         RAMS32                                       r  u_decode/register_file_reg_r1_0_31_0_5/RAMD_D1/CLK
                         clock pessimism             -0.480     1.419    
    SLICE_X10Y18         RAMS32 (Hold_rams32_CLK_ADR2)
                                                      0.254     1.673    u_decode/register_file_reg_r1_0_31_0_5/RAMD_D1
  -------------------------------------------------------------------
                         required time                         -1.673    
                         arrival time                           1.748    
  -------------------------------------------------------------------
                         slack                                  0.075    





Pulse Width Checks
--------------------------------------------------------------------------------------
Clock Name:         clk
Waveform(ns):       { 0.000 3.000 }
Period(ns):         6.000
Sources:            { clk }

Check Type        Corner  Lib Pin             Reference Pin  Required(ns)  Actual(ns)  Slack(ns)  Location      Pin
Min Period        n/a     RAMB36E1/CLKARDCLK  n/a            2.576         6.000       3.424      RAMB36_X0Y5   <hidden>
Min Period        n/a     RAMB36E1/CLKBWRCLK  n/a            2.576         6.000       3.424      RAMB36_X0Y5   <hidden>
Min Period        n/a     RAMB36E1/CLKARDCLK  n/a            2.576         6.000       3.424      RAMB36_X0Y2   <hidden>
Min Period        n/a     RAMB36E1/CLKBWRCLK  n/a            2.576         6.000       3.424      RAMB36_X0Y2   <hidden>
Min Period        n/a     RAMB36E1/CLKARDCLK  n/a            2.576         6.000       3.424      RAMB36_X0Y3   <hidden>
Min Period        n/a     RAMB36E1/CLKBWRCLK  n/a            2.576         6.000       3.424      RAMB36_X0Y3   <hidden>
Min Period        n/a     RAMB36E1/CLKARDCLK  n/a            2.576         6.000       3.424      RAMB36_X1Y4   <hidden>
Min Period        n/a     RAMB36E1/CLKBWRCLK  n/a            2.576         6.000       3.424      RAMB36_X1Y4   <hidden>
Min Period        n/a     RAMB36E1/CLKARDCLK  n/a            2.576         6.000       3.424      RAMB36_X1Y1   <hidden>
Min Period        n/a     RAMB36E1/CLKBWRCLK  n/a            2.576         6.000       3.424      RAMB36_X1Y1   <hidden>
Low Pulse Width   Slow    RAMD32/CLK          n/a            1.250         3.000       1.750      SLICE_X10Y18  u_decode/register_file_reg_r1_0_31_0_5/RAMA/CLK
Low Pulse Width   Fast    RAMD32/CLK          n/a            1.250         3.000       1.750      SLICE_X10Y18  u_decode/register_file_reg_r1_0_31_0_5/RAMA/CLK
Low Pulse Width   Slow    RAMD32/CLK          n/a            1.250         3.000       1.750      SLICE_X10Y18  u_decode/register_file_reg_r1_0_31_0_5/RAMA_D1/CLK
Low Pulse Width   Fast    RAMD32/CLK          n/a            1.250         3.000       1.750      SLICE_X10Y18  u_decode/register_file_reg_r1_0_31_0_5/RAMA_D1/CLK
Low Pulse Width   Slow    RAMD32/CLK          n/a            1.250         3.000       1.750      SLICE_X10Y18  u_decode/register_file_reg_r1_0_31_0_5/RAMB/CLK
Low Pulse Width   Fast    RAMD32/CLK          n/a            1.250         3.000       1.750      SLICE_X10Y18  u_decode/register_file_reg_r1_0_31_0_5/RAMB/CLK
Low Pulse Width   Slow    RAMD32/CLK          n/a            1.250         3.000       1.750      SLICE_X10Y18  u_decode/register_file_reg_r1_0_31_0_5/RAMB_D1/CLK
Low Pulse Width   Fast    RAMD32/CLK          n/a            1.250         3.000       1.750      SLICE_X10Y18  u_decode/register_file_reg_r1_0_31_0_5/RAMB_D1/CLK
Low Pulse Width   Slow    RAMD32/CLK          n/a            1.250         3.000       1.750      SLICE_X10Y18  u_decode/register_file_reg_r1_0_31_0_5/RAMC/CLK
Low Pulse Width   Fast    RAMD32/CLK          n/a            1.250         3.000       1.750      SLICE_X10Y18  u_decode/register_file_reg_r1_0_31_0_5/RAMC/CLK
High Pulse Width  Slow    RAMD32/CLK          n/a            1.250         3.000       1.750      SLICE_X10Y18  u_decode/register_file_reg_r1_0_31_0_5/RAMA/CLK
High Pulse Width  Fast    RAMD32/CLK          n/a            1.250         3.000       1.750      SLICE_X10Y18  u_decode/register_file_reg_r1_0_31_0_5/RAMA/CLK
High Pulse Width  Slow    RAMD32/CLK          n/a            1.250         3.000       1.750      SLICE_X10Y18  u_decode/register_file_reg_r1_0_31_0_5/RAMA_D1/CLK
High Pulse Width  Fast    RAMD32/CLK          n/a            1.250         3.000       1.750      SLICE_X10Y18  u_decode/register_file_reg_r1_0_31_0_5/RAMA_D1/CLK
High Pulse Width  Slow    RAMD32/CLK          n/a            1.250         3.000       1.750      SLICE_X10Y18  u_decode/register_file_reg_r1_0_31_0_5/RAMB/CLK
High Pulse Width  Fast    RAMD32/CLK          n/a            1.250         3.000       1.750      SLICE_X10Y18  u_decode/register_file_reg_r1_0_31_0_5/RAMB/CLK
High Pulse Width  Slow    RAMD32/CLK          n/a            1.250         3.000       1.750      SLICE_X10Y18  u_decode/register_file_reg_r1_0_31_0_5/RAMB_D1/CLK
High Pulse Width  Fast    RAMD32/CLK          n/a            1.250         3.000       1.750      SLICE_X10Y18  u_decode/register_file_reg_r1_0_31_0_5/RAMB_D1/CLK
High Pulse Width  Slow    RAMD32/CLK          n/a            1.250         3.000       1.750      SLICE_X10Y18  u_decode/register_file_reg_r1_0_31_0_5/RAMC/CLK
High Pulse Width  Fast    RAMD32/CLK          n/a            1.250         3.000       1.750      SLICE_X10Y18  u_decode/register_file_reg_r1_0_31_0_5/RAMC/CLK



--------------------------------------------------------------------------------------
Path Group:  (none)
From Clock:  clk
  To Clock:  

Max Delay            39 Endpoints
Min Delay            39 Endpoints
--------------------------------------------------------------------------------------


Max Delay Paths
--------------------------------------------------------------------------------------
Slack:                    inf
  Source:                 u_writeback/wb_dec_reg[rd_addr][4]_lopt_replica/C
                            (rising edge-triggered cell FDRE clocked by clk  {rise@0.000ns fall@3.000ns period=6.000ns})
  Destination:            wb_out[rd_addr][4]
                            (output port)
  Path Group:             (none)
  Path Type:              Max at Slow Process Corner
  Data Path Delay:        5.903ns  (logic 3.189ns (54.028%)  route 2.714ns (45.972%))
  Logic Levels:           1  (OBUF=1)
  Clock Uncertainty:      0.025ns  ((TSJ^2 + TIJ^2)^1/2 + DJ) / 2 + PE
    Total System Jitter     (TSJ):    0.050ns
    Total Input Jitter      (TIJ):    0.000ns
    Discrete Jitter          (DJ):    0.000ns
    Phase Error              (PE):    0.000ns

    Location             Delay type                Incr(ns)  Path(ns)    Netlist Resource(s)
  -------------------------------------------------------------------    -------------------
                         (clock clk rise edge)        0.000     0.000 r  
    P14                                               0.000     0.000 r  clk (IN)
                         net (fo=0)                   0.000     0.000    clk
    P14                  IBUF (Prop_ibuf_I_O)         0.937     0.937 r  clk_IBUF_inst/O
                         net (fo=1, routed)           1.972     2.909    clk_IBUF
    BUFGCTRL_X0Y0        BUFG (Prop_bufg_I_O)         0.096     3.005 r  clk_IBUF_BUFG_inst/O
                         net (fo=728, routed)         1.560     4.565    u_writeback/clk_IBUF_BUFG
    SLICE_X9Y17          FDRE                                         r  u_writeback/wb_dec_reg[rd_addr][4]_lopt_replica/C
  -------------------------------------------------------------------    -------------------
    SLICE_X9Y17          FDRE (Prop_fdre_C_Q)         0.419     4.984 r  u_writeback/wb_dec_reg[rd_addr][4]_lopt_replica/Q
                         net (fo=1, routed)           2.714     7.698    lopt_4
    M13                  OBUF (Prop_obuf_I_O)         2.770    10.468 r  wb_out[rd_addr][4]_INST_0/O
                         net (fo=0)                   0.000    10.468    wb_out[rd_addr][4]
    M13                                                               r  wb_out[rd_addr][4] (OUT)
  -------------------------------------------------------------------    -------------------

Slack:                    inf
  Source:                 u_writeback/wb_dec_reg[valid]/C
                            (rising edge-triggered cell FDRE clocked by clk  {rise@0.000ns fall@3.000ns period=6.000ns})
  Destination:            wb_out[valid]
                            (output port)
  Path Group:             (none)
  Path Type:              Max at Slow Process Corner
  Data Path Delay:        5.878ns  (logic 3.051ns (51.906%)  route 2.827ns (48.094%))
  Logic Levels:           1  (OBUF=1)
  Clock Uncertainty:      0.025ns  ((TSJ^2 + TIJ^2)^1/2 + DJ) / 2 + PE
    Total System Jitter     (TSJ):    0.050ns
    Total Input Jitter      (TIJ):    0.000ns
    Discrete Jitter          (DJ):    0.000ns
    Phase Error              (PE):    0.000ns

    Location             Delay type                Incr(ns)  Path(ns)    Netlist Resource(s)
  -------------------------------------------------------------------    -------------------
                         (clock clk rise edge)        0.000     0.000 r  
    P14                                               0.000     0.000 r  clk (IN)
                         net (fo=0)                   0.000     0.000    clk
    P14                  IBUF (Prop_ibuf_I_O)         0.937     0.937 r  clk_IBUF_inst/O
                         net (fo=1, routed)           1.972     2.909    clk_IBUF
    BUFGCTRL_X0Y0        BUFG (Prop_bufg_I_O)         0.096     3.005 r  clk_IBUF_BUFG_inst/O
                         net (fo=728, routed)         1.564     4.569    u_writeback/clk_IBUF_BUFG
    SLICE_X13Y14         FDRE                                         r  u_writeback/wb_dec_reg[valid]/C
  -------------------------------------------------------------------    -------------------
    SLICE_X13Y14         FDRE (Prop_fdre_C_Q)         0.456     5.025 r  u_writeback/wb_dec_reg[valid]/Q
                         net (fo=3, routed)           2.827     7.852    u_writeback_n_1
    N14                  OBUF (Prop_obuf_I_O)         2.595    10.447 r  wb_out[valid]_INST_0/O
                         net (fo=0)                   0.000    10.447    wb_out[valid]
    N14                                                               r  wb_out[valid] (OUT)
  -------------------------------------------------------------------    -------------------

Slack:                    inf
  Source:                 u_writeback/wb_dec_reg[rd_addr][2]_lopt_replica/C
                            (rising edge-triggered cell FDRE clocked by clk  {rise@0.000ns fall@3.000ns period=6.000ns})
  Destination:            wb_out[rd_addr][2]
                            (output port)
  Path Group:             (none)
  Path Type:              Max at Slow Process Corner
  Data Path Delay:        5.788ns  (logic 3.197ns (55.234%)  route 2.591ns (44.766%))
  Logic Levels:           1  (OBUF=1)
  Clock Uncertainty:      0.025ns  ((TSJ^2 + TIJ^2)^1/2 + DJ) / 2 + PE
    Total System Jitter     (TSJ):    0.050ns
    Total Input Jitter      (TIJ):    0.000ns
    Discrete Jitter          (DJ):    0.000ns
    Phase Error              (PE):    0.000ns

    Location             Delay type                Incr(ns)  Path(ns)    Netlist Resource(s)
  -------------------------------------------------------------------    -------------------
                         (clock clk rise edge)        0.000     0.000 r  
    P14                                               0.000     0.000 r  clk (IN)
                         net (fo=0)                   0.000     0.000    clk
    P14                  IBUF (Prop_ibuf_I_O)         0.937     0.937 r  clk_IBUF_inst/O
                         net (fo=1, routed)           1.972     2.909    clk_IBUF
    BUFGCTRL_X0Y0        BUFG (Prop_bufg_I_O)         0.096     3.005 r  clk_IBUF_BUFG_inst/O
                         net (fo=728, routed)         1.560     4.565    u_writeback/clk_IBUF_BUFG
    SLICE_X9Y17          FDRE                                         r  u_writeback/wb_dec_reg[rd_addr][2]_lopt_replica/C
  -------------------------------------------------------------------    -------------------
    SLICE_X9Y17          FDRE (Prop_fdre_C_Q)         0.419     4.984 r  u_writeback/wb_dec_reg[rd_addr][2]_lopt_replica/Q
                         net (fo=1, routed)           2.591     7.575    lopt_2
    M16                  OBUF (Prop_obuf_I_O)         2.778    10.353 r  wb_out[rd_addr][2]_INST_0/O
                         net (fo=0)                   0.000    10.353    wb_out[rd_addr][2]
    M16                                                               r  wb_out[rd_addr][2] (OUT)
  -------------------------------------------------------------------    -------------------

Slack:                    inf
  Source:                 u_writeback/wb_dec_reg[rd_addr][3]_lopt_replica/C
                            (rising edge-triggered cell FDRE clocked by clk  {rise@0.000ns fall@3.000ns period=6.000ns})
  Destination:            wb_out[rd_addr][3]
                            (output port)
  Path Group:             (none)
  Path Type:              Max at Slow Process Corner
  Data Path Delay:        5.757ns  (logic 3.186ns (55.349%)  route 2.570ns (44.651%))
  Logic Levels:           1  (OBUF=1)
  Clock Uncertainty:      0.025ns  ((TSJ^2 + TIJ^2)^1/2 + DJ) / 2 + PE
    Total System Jitter     (TSJ):    0.050ns
    Total Input Jitter      (TIJ):    0.000ns
    Discrete Jitter          (DJ):    0.000ns
    Phase Error              (PE):    0.000ns

    Location             Delay type                Incr(ns)  Path(ns)    Netlist Resource(s)
  -------------------------------------------------------------------    -------------------
                         (clock clk rise edge)        0.000     0.000 r  
    P14                                               0.000     0.000 r  clk (IN)
                         net (fo=0)                   0.000     0.000    clk
    P14                  IBUF (Prop_ibuf_I_O)         0.937     0.937 r  clk_IBUF_inst/O
                         net (fo=1, routed)           1.972     2.909    clk_IBUF
    BUFGCTRL_X0Y0        BUFG (Prop_bufg_I_O)         0.096     3.005 r  clk_IBUF_BUFG_inst/O
                         net (fo=728, routed)         1.560     4.565    u_writeback/clk_IBUF_BUFG
    SLICE_X9Y17          FDRE                                         r  u_writeback/wb_dec_reg[rd_addr][3]_lopt_replica/C
  -------------------------------------------------------------------    -------------------
    SLICE_X9Y17          FDRE (Prop_fdre_C_Q)         0.419     4.984 r  u_writeback/wb_dec_reg[rd_addr][3]_lopt_replica/Q
                         net (fo=1, routed)           2.570     7.555    lopt_3
    N13                  OBUF (Prop_obuf_I_O)         2.767    10.322 r  wb_out[rd_addr][3]_INST_0/O
                         net (fo=0)                   0.000    10.322    wb_out[rd_addr][3]
    N13                                                               r  wb_out[rd_addr][3] (OUT)
  -------------------------------------------------------------------    -------------------

Slack:                    inf
  Source:                 u_writeback/wb_out_reg[we]/C
                            (rising edge-triggered cell FDSE clocked by clk  {rise@0.000ns fall@3.000ns period=6.000ns})
  Destination:            wb_out[we]
                            (output port)
  Path Group:             (none)
  Path Type:              Max at Slow Process Corner
  Data Path Delay:        5.650ns  (logic 3.109ns (55.019%)  route 2.542ns (44.981%))
  Logic Levels:           1  (OBUF=1)
  Clock Uncertainty:      0.025ns  ((TSJ^2 + TIJ^2)^1/2 + DJ) / 2 + PE
    Total System Jitter     (TSJ):    0.050ns
    Total Input Jitter      (TIJ):    0.000ns
    Discrete Jitter          (DJ):    0.000ns
    Phase Error              (PE):    0.000ns

    Location             Delay type                Incr(ns)  Path(ns)    Netlist Resource(s)
  -------------------------------------------------------------------    -------------------
                         (clock clk rise edge)        0.000     0.000 r  
    P14                                               0.000     0.000 r  clk (IN)
                         net (fo=0)                   0.000     0.000    clk
    P14                  IBUF (Prop_ibuf_I_O)         0.937     0.937 r  clk_IBUF_inst/O
                         net (fo=1, routed)           1.972     2.909    clk_IBUF
    BUFGCTRL_X0Y0        BUFG (Prop_bufg_I_O)         0.096     3.005 r  clk_IBUF_BUFG_inst/O
                         net (fo=728, routed)         1.564     4.569    u_writeback/clk_IBUF_BUFG
    SLICE_X10Y14         FDSE                                         r  u_writeback/wb_out_reg[we]/C
  -------------------------------------------------------------------    -------------------
    SLICE_X10Y14         FDSE (Prop_fdse_C_Q)         0.518     5.087 r  u_writeback/wb_out_reg[we]/Q
                         net (fo=1, routed)           2.542     7.629    u_writeback_n_0
    M14                  OBUF (Prop_obuf_I_O)         2.591    10.220 r  wb_out[we]_INST_0/O
                         net (fo=0)                   0.000    10.220    wb_out[we]
    M14                                                               r  wb_out[we] (OUT)
  -------------------------------------------------------------------    -------------------

Slack:                    inf
  Source:                 u_writeback/wb_dec_reg[rd_addr][0]_lopt_replica/C
                            (rising edge-triggered cell FDRE clocked by clk  {rise@0.000ns fall@3.000ns period=6.000ns})
  Destination:            wb_out[rd_addr][0]
                            (output port)
  Path Group:             (none)
  Path Type:              Max at Slow Process Corner
  Data Path Delay:        5.606ns  (logic 3.056ns (54.519%)  route 2.550ns (45.481%))
  Logic Levels:           1  (OBUF=1)
  Clock Uncertainty:      0.025ns  ((TSJ^2 + TIJ^2)^1/2 + DJ) / 2 + PE
    Total System Jitter     (TSJ):    0.050ns
    Total Input Jitter      (TIJ):    0.000ns
    Discrete Jitter          (DJ):    0.000ns
    Phase Error              (PE):    0.000ns

    Location             Delay type                Incr(ns)  Path(ns)    Netlist Resource(s)
  -------------------------------------------------------------------    -------------------
                         (clock clk rise edge)        0.000     0.000 r  
    P14                                               0.000     0.000 r  clk (IN)
                         net (fo=0)                   0.000     0.000    clk
    P14                  IBUF (Prop_ibuf_I_O)         0.937     0.937 r  clk_IBUF_inst/O
                         net (fo=1, routed)           1.972     2.909    clk_IBUF
    BUFGCTRL_X0Y0        BUFG (Prop_bufg_I_O)         0.096     3.005 r  clk_IBUF_BUFG_inst/O
                         net (fo=728, routed)         1.560     4.565    u_writeback/clk_IBUF_BUFG
    SLICE_X9Y17          FDRE                                         r  u_writeback/wb_dec_reg[rd_addr][0]_lopt_replica/C
  -------------------------------------------------------------------    -------------------
    SLICE_X9Y17          FDRE (Prop_fdre_C_Q)         0.456     5.021 r  u_writeback/wb_dec_reg[rd_addr][0]_lopt_replica/Q
                         net (fo=1, routed)           2.550     7.571    lopt
    M18                  OBUF (Prop_obuf_I_O)         2.600    10.171 r  wb_out[rd_addr][0]_INST_0/O
                         net (fo=0)                   0.000    10.171    wb_out[rd_addr][0]
    M18                                                               r  wb_out[rd_addr][0] (OUT)
  -------------------------------------------------------------------    -------------------

Slack:                    inf
  Source:                 u_writeback/wb_dec_reg[write_value][31]_lopt_replica/C
                            (rising edge-triggered cell FDRE clocked by clk  {rise@0.000ns fall@3.000ns period=6.000ns})
  Destination:            wb_out[write_value][31]
                            (output port)
  Path Group:             (none)
  Path Type:              Max at Slow Process Corner
  Data Path Delay:        5.569ns  (logic 3.249ns (58.353%)  route 2.319ns (41.647%))
  Logic Levels:           1  (OBUF=1)
  Clock Uncertainty:      0.025ns  ((TSJ^2 + TIJ^2)^1/2 + DJ) / 2 + PE
    Total System Jitter     (TSJ):    0.050ns
    Total Input Jitter      (TIJ):    0.000ns
    Discrete Jitter          (DJ):    0.000ns
    Phase Error              (PE):    0.000ns

    Location             Delay type                Incr(ns)  Path(ns)    Netlist Resource(s)
  -------------------------------------------------------------------    -------------------
                         (clock clk rise edge)        0.000     0.000 r  
    P14                                               0.000     0.000 r  clk (IN)
                         net (fo=0)                   0.000     0.000    clk
    P14                  IBUF (Prop_ibuf_I_O)         0.937     0.937 r  clk_IBUF_inst/O
                         net (fo=1, routed)           1.972     2.909    clk_IBUF
    BUFGCTRL_X0Y0        BUFG (Prop_bufg_I_O)         0.096     3.005 r  clk_IBUF_BUFG_inst/O
                         net (fo=728, routed)         1.552     4.557    u_writeback/clk_IBUF_BUFG
    SLICE_X14Y27         FDRE                                         r  u_writeback/wb_dec_reg[write_value][31]_lopt_replica/C
  -------------------------------------------------------------------    -------------------
    SLICE_X14Y27         FDRE (Prop_fdre_C_Q)         0.478     5.035 r  u_writeback/wb_dec_reg[write_value][31]_lopt_replica/Q
                         net (fo=1, routed)           2.319     7.354    lopt_29
    N18                  OBUF (Prop_obuf_I_O)         2.771    10.126 r  wb_out[write_value][31]_INST_0/O
                         net (fo=0)                   0.000    10.126    wb_out[write_value][31]
    N18                                                               r  wb_out[write_value][31] (OUT)
  -------------------------------------------------------------------    -------------------

Slack:                    inf
  Source:                 u_writeback/wb_dec_reg[write_value][30]_lopt_replica/C
                            (rising edge-triggered cell FDRE clocked by clk  {rise@0.000ns fall@3.000ns period=6.000ns})
  Destination:            wb_out[write_value][30]
                            (output port)
  Path Group:             (none)
  Path Type:              Max at Slow Process Corner
  Data Path Delay:        5.549ns  (logic 3.240ns (58.388%)  route 2.309ns (41.613%))
  Logic Levels:           1  (OBUF=1)
  Clock Uncertainty:      0.025ns  ((TSJ^2 + TIJ^2)^1/2 + DJ) / 2 + PE
    Total System Jitter     (TSJ):    0.050ns
    Total Input Jitter      (TIJ):    0.000ns
    Discrete Jitter          (DJ):    0.000ns
    Phase Error              (PE):    0.000ns

    Location             Delay type                Incr(ns)  Path(ns)    Netlist Resource(s)
  -------------------------------------------------------------------    -------------------
                         (clock clk rise edge)        0.000     0.000 r  
    P14                                               0.000     0.000 r  clk (IN)
                         net (fo=0)                   0.000     0.000    clk
    P14                  IBUF (Prop_ibuf_I_O)         0.937     0.937 r  clk_IBUF_inst/O
                         net (fo=1, routed)           1.972     2.909    clk_IBUF
    BUFGCTRL_X0Y0        BUFG (Prop_bufg_I_O)         0.096     3.005 r  clk_IBUF_BUFG_inst/O
                         net (fo=728, routed)         1.552     4.557    u_writeback/clk_IBUF_BUFG
    SLICE_X14Y27         FDRE                                         r  u_writeback/wb_dec_reg[write_value][30]_lopt_replica/C
  -------------------------------------------------------------------    -------------------
    SLICE_X14Y27         FDRE (Prop_fdre_C_Q)         0.478     5.035 r  u_writeback/wb_dec_reg[write_value][30]_lopt_replica/Q
                         net (fo=1, routed)           2.309     7.344    lopt_28
    P17                  OBUF (Prop_obuf_I_O)         2.762    10.106 r  wb_out[write_value][30]_INST_0/O
                         net (fo=0)                   0.000    10.106    wb_out[write_value][30]
    P17                                                               r  wb_out[write_value][30] (OUT)
  -------------------------------------------------------------------    -------------------

Slack:                    inf
  Source:                 u_writeback/wb_dec_reg[write_value][8]_lopt_replica/C
                            (rising edge-triggered cell FDRE clocked by clk  {rise@0.000ns fall@3.000ns period=6.000ns})
  Destination:            wb_out[write_value][8]
                            (output port)
  Path Group:             (none)
  Path Type:              Max at Slow Process Corner
  Data Path Delay:        5.532ns  (logic 3.191ns (57.690%)  route 2.340ns (42.310%))
  Logic Levels:           1  (OBUF=1)
  Clock Uncertainty:      0.025ns  ((TSJ^2 + TIJ^2)^1/2 + DJ) / 2 + PE
    Total System Jitter     (TSJ):    0.050ns
    Total Input Jitter      (TIJ):    0.000ns
    Discrete Jitter          (DJ):    0.000ns
    Phase Error              (PE):    0.000ns

    Location             Delay type                Incr(ns)  Path(ns)    Netlist Resource(s)
  -------------------------------------------------------------------    -------------------
                         (clock clk rise edge)        0.000     0.000 r  
    P14                                               0.000     0.000 r  clk (IN)
                         net (fo=0)                   0.000     0.000    clk
    P14                  IBUF (Prop_ibuf_I_O)         0.937     0.937 r  clk_IBUF_inst/O
                         net (fo=1, routed)           1.972     2.909    clk_IBUF
    BUFGCTRL_X0Y0        BUFG (Prop_bufg_I_O)         0.096     3.005 r  clk_IBUF_BUFG_inst/O
                         net (fo=728, routed)         1.558     4.563    u_writeback/clk_IBUF_BUFG
    SLICE_X13Y18         FDRE                                         r  u_writeback/wb_dec_reg[write_value][8]_lopt_replica/C
  -------------------------------------------------------------------    -------------------
    SLICE_X13Y18         FDRE (Prop_fdre_C_Q)         0.419     4.982 r  u_writeback/wb_dec_reg[write_value][8]_lopt_replica/Q
                         net (fo=1, routed)           2.340     7.323    lopt_35
    V15                  OBUF (Prop_obuf_I_O)         2.772    10.095 r  wb_out[write_value][8]_INST_0/O
                         net (fo=0)                   0.000    10.095    wb_out[write_value][8]
    V15                                                               r  wb_out[write_value][8] (OUT)
  -------------------------------------------------------------------    -------------------

Slack:                    inf
  Source:                 u_writeback/wb_dec_reg[rd_addr][1]_lopt_replica/C
                            (rising edge-triggered cell FDRE clocked by clk  {rise@0.000ns fall@3.000ns period=6.000ns})
  Destination:            wb_out[rd_addr][1]
                            (output port)
  Path Group:             (none)
  Path Type:              Max at Slow Process Corner
  Data Path Delay:        5.519ns  (logic 3.062ns (55.477%)  route 2.457ns (44.523%))
  Logic Levels:           1  (OBUF=1)
  Clock Uncertainty:      0.025ns  ((TSJ^2 + TIJ^2)^1/2 + DJ) / 2 + PE
    Total System Jitter     (TSJ):    0.050ns
    Total Input Jitter      (TIJ):    0.000ns
    Discrete Jitter          (DJ):    0.000ns
    Phase Error              (PE):    0.000ns

    Location             Delay type                Incr(ns)  Path(ns)    Netlist Resource(s)
  -------------------------------------------------------------------    -------------------
                         (clock clk rise edge)        0.000     0.000 r  
    P14                                               0.000     0.000 r  clk (IN)
                         net (fo=0)                   0.000     0.000    clk
    P14                  IBUF (Prop_ibuf_I_O)         0.937     0.937 r  clk_IBUF_inst/O
                         net (fo=1, routed)           1.972     2.909    clk_IBUF
    BUFGCTRL_X0Y0        BUFG (Prop_bufg_I_O)         0.096     3.005 r  clk_IBUF_BUFG_inst/O
                         net (fo=728, routed)         1.560     4.565    u_writeback/clk_IBUF_BUFG
    SLICE_X9Y17          FDRE                                         r  u_writeback/wb_dec_reg[rd_addr][1]_lopt_replica/C
  -------------------------------------------------------------------    -------------------
    SLICE_X9Y17          FDRE (Prop_fdre_C_Q)         0.456     5.021 r  u_writeback/wb_dec_reg[rd_addr][1]_lopt_replica/Q
                         net (fo=1, routed)           2.457     7.478    lopt_1
    M17                  OBUF (Prop_obuf_I_O)         2.606    10.084 r  wb_out[rd_addr][1]_INST_0/O
                         net (fo=0)                   0.000    10.084    wb_out[rd_addr][1]
    M17                                                               r  wb_out[rd_addr][1] (OUT)
  -------------------------------------------------------------------    -------------------





Min Delay Paths
--------------------------------------------------------------------------------------
Slack:                    inf
  Source:                 u_writeback/wb_dec_reg[write_value][20]_lopt_replica/C
                            (rising edge-triggered cell FDRE clocked by clk  {rise@0.000ns fall@3.000ns period=6.000ns})
  Destination:            wb_out[write_value][20]
                            (output port)
  Path Group:             (none)
  Path Type:              Min at Fast Process Corner
  Data Path Delay:        1.584ns  (logic 1.257ns (79.374%)  route 0.327ns (20.626%))
  Logic Levels:           1  (OBUF=1)
  Clock Uncertainty:      0.025ns  ((TSJ^2 + TIJ^2)^1/2 + DJ) / 2 + PE
    Total System Jitter     (TSJ):    0.050ns
    Total Input Jitter      (TIJ):    0.000ns
    Discrete Jitter          (DJ):    0.000ns
    Phase Error              (PE):    0.000ns

    Location             Delay type                Incr(ns)  Path(ns)    Netlist Resource(s)
  -------------------------------------------------------------------    -------------------
                         (clock clk rise edge)        0.000     0.000 r  
    P14                                               0.000     0.000 r  clk (IN)
                         net (fo=0)                   0.000     0.000    clk
    P14                  IBUF (Prop_ibuf_I_O)         0.166     0.166 r  clk_IBUF_inst/O
                         net (fo=1, routed)           0.634     0.801    clk_IBUF
    BUFGCTRL_X0Y0        BUFG (Prop_bufg_I_O)         0.026     0.827 r  clk_IBUF_BUFG_inst/O
                         net (fo=728, routed)         0.585     1.411    u_writeback/clk_IBUF_BUFG
    SLICE_X3Y21          FDRE                                         r  u_writeback/wb_dec_reg[write_value][20]_lopt_replica/C
  -------------------------------------------------------------------    -------------------
    SLICE_X3Y21          FDRE (Prop_fdre_C_Q)         0.141     1.552 r  u_writeback/wb_dec_reg[write_value][20]_lopt_replica/Q
                         net (fo=1, routed)           0.327     1.879    lopt_17
    R17                  OBUF (Prop_obuf_I_O)         1.116     2.995 r  wb_out[write_value][20]_INST_0/O
                         net (fo=0)                   0.000     2.995    wb_out[write_value][20]
    R17                                                               r  wb_out[write_value][20] (OUT)
  -------------------------------------------------------------------    -------------------

Slack:                    inf
  Source:                 u_writeback/wb_dec_reg[write_value][22]_lopt_replica/C
                            (rising edge-triggered cell FDRE clocked by clk  {rise@0.000ns fall@3.000ns period=6.000ns})
  Destination:            wb_out[write_value][22]
                            (output port)
  Path Group:             (none)
  Path Type:              Min at Fast Process Corner
  Data Path Delay:        1.603ns  (logic 1.248ns (77.881%)  route 0.355ns (22.119%))
  Logic Levels:           1  (OBUF=1)
  Clock Uncertainty:      0.025ns  ((TSJ^2 + TIJ^2)^1/2 + DJ) / 2 + PE
    Total System Jitter     (TSJ):    0.050ns
    Total Input Jitter      (TIJ):    0.000ns
    Discrete Jitter          (DJ):    0.000ns
    Phase Error              (PE):    0.000ns

    Location             Delay type                Incr(ns)  Path(ns)    Netlist Resource(s)
  -------------------------------------------------------------------    -------------------
                         (clock clk rise edge)        0.000     0.000 r  
    P14                                               0.000     0.000 r  clk (IN)
                         net (fo=0)                   0.000     0.000    clk
    P14                  IBUF (Prop_ibuf_I_O)         0.166     0.166 r  clk_IBUF_inst/O
                         net (fo=1, routed)           0.634     0.801    clk_IBUF
    BUFGCTRL_X0Y0        BUFG (Prop_bufg_I_O)         0.026     0.827 r  clk_IBUF_BUFG_inst/O
                         net (fo=728, routed)         0.581     1.407    u_writeback/clk_IBUF_BUFG
    SLICE_X4Y23          FDRE                                         r  u_writeback/wb_dec_reg[write_value][22]_lopt_replica/C
  -------------------------------------------------------------------    -------------------
    SLICE_X4Y23          FDRE (Prop_fdre_C_Q)         0.141     1.548 r  u_writeback/wb_dec_reg[write_value][22]_lopt_replica/Q
                         net (fo=1, routed)           0.355     1.903    lopt_19
    T14                  OBUF (Prop_obuf_I_O)         1.107     3.010 r  wb_out[write_value][22]_INST_0/O
                         net (fo=0)                   0.000     3.010    wb_out[write_value][22]
    T14                                                               r  wb_out[write_value][22] (OUT)
  -------------------------------------------------------------------    -------------------

Slack:                    inf
  Source:                 u_writeback/wb_dec_reg[write_value][17]_lopt_replica/C
                            (rising edge-triggered cell FDRE clocked by clk  {rise@0.000ns fall@3.000ns period=6.000ns})
  Destination:            wb_out[write_value][17]
                            (output port)
  Path Group:             (none)
  Path Type:              Min at Fast Process Corner
  Data Path Delay:        1.607ns  (logic 1.260ns (78.414%)  route 0.347ns (21.586%))
  Logic Levels:           1  (OBUF=1)
  Clock Uncertainty:      0.025ns  ((TSJ^2 + TIJ^2)^1/2 + DJ) / 2 + PE
    Total System Jitter     (TSJ):    0.050ns
    Total Input Jitter      (TIJ):    0.000ns
    Discrete Jitter          (DJ):    0.000ns
    Phase Error              (PE):    0.000ns

    Location             Delay type                Incr(ns)  Path(ns)    Netlist Resource(s)
  -------------------------------------------------------------------    -------------------
                         (clock clk rise edge)        0.000     0.000 r  
    P14                                               0.000     0.000 r  clk (IN)
                         net (fo=0)                   0.000     0.000    clk
    P14                  IBUF (Prop_ibuf_I_O)         0.166     0.166 r  clk_IBUF_inst/O
                         net (fo=1, routed)           0.634     0.801    clk_IBUF
    BUFGCTRL_X0Y0        BUFG (Prop_bufg_I_O)         0.026     0.827 r  clk_IBUF_BUFG_inst/O
                         net (fo=728, routed)         0.585     1.411    u_writeback/clk_IBUF_BUFG
    SLICE_X3Y21          FDRE                                         r  u_writeback/wb_dec_reg[write_value][17]_lopt_replica/C
  -------------------------------------------------------------------    -------------------
    SLICE_X3Y21          FDRE (Prop_fdre_C_Q)         0.141     1.552 r  u_writeback/wb_dec_reg[write_value][17]_lopt_replica/Q
                         net (fo=1, routed)           0.347     1.899    lopt_13
    U16                  OBUF (Prop_obuf_I_O)         1.119     3.018 r  wb_out[write_value][17]_INST_0/O
                         net (fo=0)                   0.000     3.018    wb_out[write_value][17]
    U16                                                               r  wb_out[write_value][17] (OUT)
  -------------------------------------------------------------------    -------------------

Slack:                    inf
  Source:                 u_writeback/wb_dec_reg[write_value][19]_lopt_replica/C
                            (rising edge-triggered cell FDRE clocked by clk  {rise@0.000ns fall@3.000ns period=6.000ns})
  Destination:            wb_out[write_value][19]
                            (output port)
  Path Group:             (none)
  Path Type:              Min at Fast Process Corner
  Data Path Delay:        1.609ns  (logic 1.259ns (78.277%)  route 0.350ns (21.723%))
  Logic Levels:           1  (OBUF=1)
  Clock Uncertainty:      0.025ns  ((TSJ^2 + TIJ^2)^1/2 + DJ) / 2 + PE
    Total System Jitter     (TSJ):    0.050ns
    Total Input Jitter      (TIJ):    0.000ns
    Discrete Jitter          (DJ):    0.000ns
    Phase Error              (PE):    0.000ns

    Location             Delay type                Incr(ns)  Path(ns)    Netlist Resource(s)
  -------------------------------------------------------------------    -------------------
                         (clock clk rise edge)        0.000     0.000 r  
    P14                                               0.000     0.000 r  clk (IN)
                         net (fo=0)                   0.000     0.000    clk
    P14                  IBUF (Prop_ibuf_I_O)         0.166     0.166 r  clk_IBUF_inst/O
                         net (fo=1, routed)           0.634     0.801    clk_IBUF
    BUFGCTRL_X0Y0        BUFG (Prop_bufg_I_O)         0.026     0.827 r  clk_IBUF_BUFG_inst/O
                         net (fo=728, routed)         0.584     1.410    u_writeback/clk_IBUF_BUFG
    SLICE_X7Y20          FDRE                                         r  u_writeback/wb_dec_reg[write_value][19]_lopt_replica/C
  -------------------------------------------------------------------    -------------------
    SLICE_X7Y20          FDRE (Prop_fdre_C_Q)         0.141     1.551 r  u_writeback/wb_dec_reg[write_value][19]_lopt_replica/Q
                         net (fo=1, routed)           0.350     1.901    lopt_15
    U17                  OBUF (Prop_obuf_I_O)         1.118     3.019 r  wb_out[write_value][19]_INST_0/O
                         net (fo=0)                   0.000     3.019    wb_out[write_value][19]
    U17                                                               r  wb_out[write_value][19] (OUT)
  -------------------------------------------------------------------    -------------------

Slack:                    inf
  Source:                 u_writeback/wb_dec_reg[write_value][18]_lopt_replica/C
                            (rising edge-triggered cell FDRE clocked by clk  {rise@0.000ns fall@3.000ns period=6.000ns})
  Destination:            wb_out[write_value][18]
                            (output port)
  Path Group:             (none)
  Path Type:              Min at Fast Process Corner
  Data Path Delay:        1.608ns  (logic 1.258ns (78.232%)  route 0.350ns (21.768%))
  Logic Levels:           1  (OBUF=1)
  Clock Uncertainty:      0.025ns  ((TSJ^2 + TIJ^2)^1/2 + DJ) / 2 + PE
    Total System Jitter     (TSJ):    0.050ns
    Total Input Jitter      (TIJ):    0.000ns
    Discrete Jitter          (DJ):    0.000ns
    Phase Error              (PE):    0.000ns

    Location             Delay type                Incr(ns)  Path(ns)    Netlist Resource(s)
  -------------------------------------------------------------------    -------------------
                         (clock clk rise edge)        0.000     0.000 r  
    P14                                               0.000     0.000 r  clk (IN)
                         net (fo=0)                   0.000     0.000    clk
    P14                  IBUF (Prop_ibuf_I_O)         0.166     0.166 r  clk_IBUF_inst/O
                         net (fo=1, routed)           0.634     0.801    clk_IBUF
    BUFGCTRL_X0Y0        BUFG (Prop_bufg_I_O)         0.026     0.827 r  clk_IBUF_BUFG_inst/O
                         net (fo=728, routed)         0.585     1.411    u_writeback/clk_IBUF_BUFG
    SLICE_X3Y21          FDRE                                         r  u_writeback/wb_dec_reg[write_value][18]_lopt_replica/C
  -------------------------------------------------------------------    -------------------
    SLICE_X3Y21          FDRE (Prop_fdre_C_Q)         0.141     1.552 r  u_writeback/wb_dec_reg[write_value][18]_lopt_replica/Q
                         net (fo=1, routed)           0.350     1.902    lopt_14
    U18                  OBUF (Prop_obuf_I_O)         1.117     3.019 r  wb_out[write_value][18]_INST_0/O
                         net (fo=0)                   0.000     3.019    wb_out[write_value][18]
    U18                                                               r  wb_out[write_value][18] (OUT)
  -------------------------------------------------------------------    -------------------

Slack:                    inf
  Source:                 u_writeback/wb_dec_reg[write_value][21]_lopt_replica/C
                            (rising edge-triggered cell FDRE clocked by clk  {rise@0.000ns fall@3.000ns period=6.000ns})
  Destination:            wb_out[write_value][21]
                            (output port)
  Path Group:             (none)
  Path Type:              Min at Fast Process Corner
  Data Path Delay:        1.635ns  (logic 1.261ns (77.103%)  route 0.374ns (22.897%))
  Logic Levels:           1  (OBUF=1)
  Clock Uncertainty:      0.025ns  ((TSJ^2 + TIJ^2)^1/2 + DJ) / 2 + PE
    Total System Jitter     (TSJ):    0.050ns
    Total Input Jitter      (TIJ):    0.000ns
    Discrete Jitter          (DJ):    0.000ns
    Phase Error              (PE):    0.000ns

    Location             Delay type                Incr(ns)  Path(ns)    Netlist Resource(s)
  -------------------------------------------------------------------    -------------------
                         (clock clk rise edge)        0.000     0.000 r  
    P14                                               0.000     0.000 r  clk (IN)
                         net (fo=0)                   0.000     0.000    clk
    P14                  IBUF (Prop_ibuf_I_O)         0.166     0.166 r  clk_IBUF_inst/O
                         net (fo=1, routed)           0.634     0.801    clk_IBUF
    BUFGCTRL_X0Y0        BUFG (Prop_bufg_I_O)         0.026     0.827 r  clk_IBUF_BUFG_inst/O
                         net (fo=728, routed)         0.583     1.409    u_writeback/clk_IBUF_BUFG
    SLICE_X7Y21          FDRE                                         r  u_writeback/wb_dec_reg[write_value][21]_lopt_replica/C
  -------------------------------------------------------------------    -------------------
    SLICE_X7Y21          FDRE (Prop_fdre_C_Q)         0.141     1.550 r  u_writeback/wb_dec_reg[write_value][21]_lopt_replica/Q
                         net (fo=1, routed)           0.374     1.925    lopt_18
    R16                  OBUF (Prop_obuf_I_O)         1.120     3.044 r  wb_out[write_value][21]_INST_0/O
                         net (fo=0)                   0.000     3.044    wb_out[write_value][21]
    R16                                                               r  wb_out[write_value][21] (OUT)
  -------------------------------------------------------------------    -------------------

Slack:                    inf
  Source:                 u_writeback/wb_dec_reg[write_value][23]_lopt_replica/C
                            (rising edge-triggered cell FDRE clocked by clk  {rise@0.000ns fall@3.000ns period=6.000ns})
  Destination:            wb_out[write_value][23]
                            (output port)
  Path Group:             (none)
  Path Type:              Min at Fast Process Corner
  Data Path Delay:        1.639ns  (logic 1.248ns (76.150%)  route 0.391ns (23.850%))
  Logic Levels:           1  (OBUF=1)
  Clock Uncertainty:      0.025ns  ((TSJ^2 + TIJ^2)^1/2 + DJ) / 2 + PE
    Total System Jitter     (TSJ):    0.050ns
    Total Input Jitter      (TIJ):    0.000ns
    Discrete Jitter          (DJ):    0.000ns
    Phase Error              (PE):    0.000ns

    Location             Delay type                Incr(ns)  Path(ns)    Netlist Resource(s)
  -------------------------------------------------------------------    -------------------
                         (clock clk rise edge)        0.000     0.000 r  
    P14                                               0.000     0.000 r  clk (IN)
                         net (fo=0)                   0.000     0.000    clk
    P14                  IBUF (Prop_ibuf_I_O)         0.166     0.166 r  clk_IBUF_inst/O
                         net (fo=1, routed)           0.634     0.801    clk_IBUF
    BUFGCTRL_X0Y0        BUFG (Prop_bufg_I_O)         0.026     0.827 r  clk_IBUF_BUFG_inst/O
                         net (fo=728, routed)         0.581     1.407    u_writeback/clk_IBUF_BUFG
    SLICE_X4Y23          FDRE                                         r  u_writeback/wb_dec_reg[write_value][23]_lopt_replica/C
  -------------------------------------------------------------------    -------------------
    SLICE_X4Y23          FDRE (Prop_fdre_C_Q)         0.141     1.548 r  u_writeback/wb_dec_reg[write_value][23]_lopt_replica/Q
                         net (fo=1, routed)           0.391     1.939    lopt_20
    R14                  OBUF (Prop_obuf_I_O)         1.107     3.046 r  wb_out[write_value][23]_INST_0/O
                         net (fo=0)                   0.000     3.046    wb_out[write_value][23]
    R14                                                               r  wb_out[write_value][23] (OUT)
  -------------------------------------------------------------------    -------------------

Slack:                    inf
  Source:                 u_writeback/wb_dec_reg[write_value][27]_lopt_replica/C
                            (rising edge-triggered cell FDRE clocked by clk  {rise@0.000ns fall@3.000ns period=6.000ns})
  Destination:            wb_out[write_value][27]
                            (output port)
  Path Group:             (none)
  Path Type:              Min at Fast Process Corner
  Data Path Delay:        1.640ns  (logic 1.259ns (76.766%)  route 0.381ns (23.234%))
  Logic Levels:           1  (OBUF=1)
  Clock Uncertainty:      0.025ns  ((TSJ^2 + TIJ^2)^1/2 + DJ) / 2 + PE
    Total System Jitter     (TSJ):    0.050ns
    Total Input Jitter      (TIJ):    0.000ns
    Discrete Jitter          (DJ):    0.000ns
    Phase Error              (PE):    0.000ns

    Location             Delay type                Incr(ns)  Path(ns)    Netlist Resource(s)
  -------------------------------------------------------------------    -------------------
                         (clock clk rise edge)        0.000     0.000 r  
    P14                                               0.000     0.000 r  clk (IN)
                         net (fo=0)                   0.000     0.000    clk
    P14                  IBUF (Prop_ibuf_I_O)         0.166     0.166 r  clk_IBUF_inst/O
                         net (fo=1, routed)           0.634     0.801    clk_IBUF
    BUFGCTRL_X0Y0        BUFG (Prop_bufg_I_O)         0.026     0.827 r  clk_IBUF_BUFG_inst/O
                         net (fo=728, routed)         0.583     1.409    u_writeback/clk_IBUF_BUFG
    SLICE_X5Y28          FDRE                                         r  u_writeback/wb_dec_reg[write_value][27]_lopt_replica/C
  -------------------------------------------------------------------    -------------------
    SLICE_X5Y28          FDRE (Prop_fdre_C_Q)         0.141     1.550 r  u_writeback/wb_dec_reg[write_value][27]_lopt_replica/Q
                         net (fo=1, routed)           0.381     1.931    lopt_24
    T18                  OBUF (Prop_obuf_I_O)         1.118     3.049 r  wb_out[write_value][27]_INST_0/O
                         net (fo=0)                   0.000     3.049    wb_out[write_value][27]
    T18                                                               r  wb_out[write_value][27] (OUT)
  -------------------------------------------------------------------    -------------------

Slack:                    inf
  Source:                 u_writeback/wb_dec_reg[write_value][16]_lopt_replica/C
                            (rising edge-triggered cell FDRE clocked by clk  {rise@0.000ns fall@3.000ns period=6.000ns})
  Destination:            wb_out[write_value][16]
                            (output port)
  Path Group:             (none)
  Path Type:              Min at Fast Process Corner
  Data Path Delay:        1.664ns  (logic 1.259ns (75.666%)  route 0.405ns (24.334%))
  Logic Levels:           1  (OBUF=1)
  Clock Uncertainty:      0.025ns  ((TSJ^2 + TIJ^2)^1/2 + DJ) / 2 + PE
    Total System Jitter     (TSJ):    0.050ns
    Total Input Jitter      (TIJ):    0.000ns
    Discrete Jitter          (DJ):    0.000ns
    Phase Error              (PE):    0.000ns

    Location             Delay type                Incr(ns)  Path(ns)    Netlist Resource(s)
  -------------------------------------------------------------------    -------------------
                         (clock clk rise edge)        0.000     0.000 r  
    P14                                               0.000     0.000 r  clk (IN)
                         net (fo=0)                   0.000     0.000    clk
    P14                  IBUF (Prop_ibuf_I_O)         0.166     0.166 r  clk_IBUF_inst/O
                         net (fo=1, routed)           0.634     0.801    clk_IBUF
    BUFGCTRL_X0Y0        BUFG (Prop_bufg_I_O)         0.026     0.827 r  clk_IBUF_BUFG_inst/O
                         net (fo=728, routed)         0.584     1.410    u_writeback/clk_IBUF_BUFG
    SLICE_X7Y20          FDRE                                         r  u_writeback/wb_dec_reg[write_value][16]_lopt_replica/C
  -------------------------------------------------------------------    -------------------
    SLICE_X7Y20          FDRE (Prop_fdre_C_Q)         0.141     1.551 r  u_writeback/wb_dec_reg[write_value][16]_lopt_replica/Q
                         net (fo=1, routed)           0.405     1.956    lopt_12
    V17                  OBUF (Prop_obuf_I_O)         1.118     3.075 r  wb_out[write_value][16]_INST_0/O
                         net (fo=0)                   0.000     3.075    wb_out[write_value][16]
    V17                                                               r  wb_out[write_value][16] (OUT)
  -------------------------------------------------------------------    -------------------

Slack:                    inf
  Source:                 u_writeback/wb_dec_reg[write_value][24]_lopt_replica/C
                            (rising edge-triggered cell FDRE clocked by clk  {rise@0.000ns fall@3.000ns period=6.000ns})
  Destination:            wb_out[write_value][24]
                            (output port)
  Path Group:             (none)
  Path Type:              Min at Fast Process Corner
  Data Path Delay:        1.766ns  (logic 1.246ns (70.533%)  route 0.520ns (29.467%))
  Logic Levels:           1  (OBUF=1)
  Clock Uncertainty:      0.025ns  ((TSJ^2 + TIJ^2)^1/2 + DJ) / 2 + PE
    Total System Jitter     (TSJ):    0.050ns
    Total Input Jitter      (TIJ):    0.000ns
    Discrete Jitter          (DJ):    0.000ns
    Phase Error              (PE):    0.000ns

    Location             Delay type                Incr(ns)  Path(ns)    Netlist Resource(s)
  -------------------------------------------------------------------    -------------------
                         (clock clk rise edge)        0.000     0.000 r  
    P14                                               0.000     0.000 r  clk (IN)
                         net (fo=0)                   0.000     0.000    clk
    P14                  IBUF (Prop_ibuf_I_O)         0.166     0.166 r  clk_IBUF_inst/O
                         net (fo=1, routed)           0.634     0.801    clk_IBUF
    BUFGCTRL_X0Y0        BUFG (Prop_bufg_I_O)         0.026     0.827 r  clk_IBUF_BUFG_inst/O
                         net (fo=728, routed)         0.553     1.379    u_writeback/clk_IBUF_BUFG
    SLICE_X13Y25         FDRE                                         r  u_writeback/wb_dec_reg[write_value][24]_lopt_replica/C
  -------------------------------------------------------------------    -------------------
    SLICE_X13Y25         FDRE (Prop_fdre_C_Q)         0.141     1.520 r  u_writeback/wb_dec_reg[write_value][24]_lopt_replica/Q
                         net (fo=1, routed)           0.520     2.041    lopt_21
    P16                  OBUF (Prop_obuf_I_O)         1.105     3.145 r  wb_out[write_value][24]_INST_0/O
                         net (fo=0)                   0.000     3.145    wb_out[write_value][24]
    P16                                                               r  wb_out[write_value][24] (OUT)
  -------------------------------------------------------------------    -------------------





--------------------------------------------------------------------------------------
Path Group:  (none)
From Clock:  
  To Clock:  clk

Max Delay           175 Endpoints
Min Delay           175 Endpoints
--------------------------------------------------------------------------------------


Max Delay Paths
--------------------------------------------------------------------------------------
Slack:                    inf
  Source:                 rst_n
                            (input port)
  Destination:            <hidden>
                            (rising edge-triggered cell RAMB36E1 clocked by clk  {rise@0.000ns fall@3.000ns period=6.000ns})
  Path Group:             (none)
  Path Type:              Setup (Max at Slow Process Corner)
  Data Path Delay:        5.545ns  (logic 1.030ns (18.575%)  route 4.515ns (81.425%))
  Logic Levels:           2  (IBUF=1 LUT2=1)
  Clock Path Skew:        4.242ns (DCD - SCD + CPR)
    Destination Clock Delay (DCD):    4.242ns
    Source Clock Delay      (SCD):    0.000ns
    Clock Pessimism Removal (CPR):    0.000ns
  Clock Uncertainty:      0.025ns  ((TSJ^2 + TIJ^2)^1/2 + DJ) / 2 + PE
    Total System Jitter     (TSJ):    0.050ns
    Total Input Jitter      (TIJ):    0.000ns
    Discrete Jitter          (DJ):    0.000ns
    Phase Error              (PE):    0.000ns

    Location             Delay type                Incr(ns)  Path(ns)    Netlist Resource(s)
  -------------------------------------------------------------------    -------------------
    R12                                               0.000     0.000 f  rst_n (IN)
                         net (fo=0)                   0.000     0.000    rst_n
    R12                  IBUF (Prop_ibuf_I_O)         0.906     0.906 f  rst_n_IBUF_inst/O
                         net (fo=61, routed)          2.576     3.482    <hidden>
    SLICE_X13Y23         LUT2 (Prop_lut2_I0_O)        0.124     3.606 r  <hidden>
                         net (fo=10, routed)          1.939     5.545    <hidden>
    RAMB36_X2Y3          RAMB36E1                                     r  <hidden>
  -------------------------------------------------------------------    -------------------

                         (clock clk rise edge)        0.000     0.000 r  
    P14                                               0.000     0.000 r  clk (IN)
                         net (fo=0)                   0.000     0.000    clk
    P14                  IBUF (Prop_ibuf_I_O)         0.804     0.804 r  clk_IBUF_inst/O
                         net (fo=1, routed)           1.868     2.672    clk_IBUF
    BUFGCTRL_X0Y0        BUFG (Prop_bufg_I_O)         0.091     2.763 r  clk_IBUF_BUFG_inst/O
                         net (fo=728, routed)         1.479     4.242    <hidden>
    RAMB36_X2Y3          RAMB36E1                                     r  <hidden>

Slack:                    inf
  Source:                 rst_n
                            (input port)
  Destination:            <hidden>
                            (rising edge-triggered cell RAMB36E1 clocked by clk  {rise@0.000ns fall@3.000ns period=6.000ns})
  Path Group:             (none)
  Path Type:              Setup (Max at Slow Process Corner)
  Data Path Delay:        5.502ns  (logic 1.030ns (18.720%)  route 4.472ns (81.280%))
  Logic Levels:           2  (IBUF=1 LUT2=1)
  Clock Path Skew:        4.234ns (DCD - SCD + CPR)
    Destination Clock Delay (DCD):    4.234ns
    Source Clock Delay      (SCD):    0.000ns
    Clock Pessimism Removal (CPR):    0.000ns
  Clock Uncertainty:      0.025ns  ((TSJ^2 + TIJ^2)^1/2 + DJ) / 2 + PE
    Total System Jitter     (TSJ):    0.050ns
    Total Input Jitter      (TIJ):    0.000ns
    Discrete Jitter          (DJ):    0.000ns
    Phase Error              (PE):    0.000ns

    Location             Delay type                Incr(ns)  Path(ns)    Netlist Resource(s)
  -------------------------------------------------------------------    -------------------
    R12                                               0.000     0.000 f  rst_n (IN)
                         net (fo=0)                   0.000     0.000    rst_n
    R12                  IBUF (Prop_ibuf_I_O)         0.906     0.906 f  rst_n_IBUF_inst/O
                         net (fo=61, routed)          2.576     3.482    <hidden>
    SLICE_X13Y23         LUT2 (Prop_lut2_I0_O)        0.124     3.606 r  <hidden>
                         net (fo=10, routed)          1.896     5.502    <hidden>
    RAMB36_X1Y4          RAMB36E1                                     r  <hidden>
  -------------------------------------------------------------------    -------------------

                         (clock clk rise edge)        0.000     0.000 r  
    P14                                               0.000     0.000 r  clk (IN)
                         net (fo=0)                   0.000     0.000    clk
    P14                  IBUF (Prop_ibuf_I_O)         0.804     0.804 r  clk_IBUF_inst/O
                         net (fo=1, routed)           1.868     2.672    clk_IBUF
    BUFGCTRL_X0Y0        BUFG (Prop_bufg_I_O)         0.091     2.763 r  clk_IBUF_BUFG_inst/O
                         net (fo=728, routed)         1.471     4.234    <hidden>
    RAMB36_X1Y4          RAMB36E1                                     r  <hidden>

Slack:                    inf
  Source:                 rst_n
                            (input port)
  Destination:            <hidden>
                            (rising edge-triggered cell RAMB36E1 clocked by clk  {rise@0.000ns fall@3.000ns period=6.000ns})
  Path Group:             (none)
  Path Type:              Setup (Max at Slow Process Corner)
  Data Path Delay:        5.198ns  (logic 1.030ns (19.817%)  route 4.168ns (80.183%))
  Logic Levels:           2  (IBUF=1 LUT2=1)
  Clock Path Skew:        4.246ns (DCD - SCD + CPR)
    Destination Clock Delay (DCD):    4.246ns
    Source Clock Delay      (SCD):    0.000ns
    Clock Pessimism Removal (CPR):    0.000ns
  Clock Uncertainty:      0.025ns  ((TSJ^2 + TIJ^2)^1/2 + DJ) / 2 + PE
    Total System Jitter     (TSJ):    0.050ns
    Total Input Jitter      (TIJ):    0.000ns
    Discrete Jitter          (DJ):    0.000ns
    Phase Error              (PE):    0.000ns

    Location             Delay type                Incr(ns)  Path(ns)    Netlist Resource(s)
  -------------------------------------------------------------------    -------------------
    R12                                               0.000     0.000 f  rst_n (IN)
                         net (fo=0)                   0.000     0.000    rst_n
    R12                  IBUF (Prop_ibuf_I_O)         0.906     0.906 f  rst_n_IBUF_inst/O
                         net (fo=61, routed)          2.163     3.069    <hidden>
    SLICE_X13Y12         LUT2 (Prop_lut2_I0_O)        0.124     3.193 r  <hidden>
                         net (fo=13, routed)          2.005     5.198    <hidden>
    RAMB36_X1Y2          RAMB36E1                                     r  <hidden>
  -------------------------------------------------------------------    -------------------

                         (clock clk rise edge)        0.000     0.000 r  
    P14                                               0.000     0.000 r  clk (IN)
                         net (fo=0)                   0.000     0.000    clk
    P14                  IBUF (Prop_ibuf_I_O)         0.804     0.804 r  clk_IBUF_inst/O
                         net (fo=1, routed)           1.868     2.672    clk_IBUF
    BUFGCTRL_X0Y0        BUFG (Prop_bufg_I_O)         0.091     2.763 r  clk_IBUF_BUFG_inst/O
                         net (fo=728, routed)         1.483     4.246    <hidden>
    RAMB36_X1Y2          RAMB36E1                                     r  <hidden>

Slack:                    inf
  Source:                 rst_n
                            (input port)
  Destination:            u_decode/id_ex_reg[rs2][24]/CLR
                            (recovery check against rising-edge clock clk  {rise@0.000ns fall@3.000ns period=6.000ns})
  Path Group:             (none)
  Path Type:              Recovery (Max at Slow Process Corner)
  Data Path Delay:        5.178ns  (logic 1.056ns (20.396%)  route 4.122ns (79.604%))
  Logic Levels:           2  (IBUF=1 LUT1=1)
  Clock Path Skew:        4.196ns (DCD - SCD + CPR)
    Destination Clock Delay (DCD):    4.196ns
    Source Clock Delay      (SCD):    0.000ns
    Clock Pessimism Removal (CPR):    0.000ns
  Clock Uncertainty:      0.025ns  ((TSJ^2 + TIJ^2)^1/2 + DJ) / 2 + PE
    Total System Jitter     (TSJ):    0.050ns
    Total Input Jitter      (TIJ):    0.000ns
    Discrete Jitter          (DJ):    0.000ns
    Phase Error              (PE):    0.000ns

    Location             Delay type                Incr(ns)  Path(ns)    Netlist Resource(s)
  -------------------------------------------------------------------    -------------------
    R12                                               0.000     0.000 r  rst_n (IN)
                         net (fo=0)                   0.000     0.000    rst_n
    R12                  IBUF (Prop_ibuf_I_O)         0.906     0.906 r  rst_n_IBUF_inst/O
                         net (fo=61, routed)          2.163     3.069    u_decode/rst_n_IBUF
    SLICE_X13Y12         LUT1 (Prop_lut1_I0_O)        0.150     3.219 f  u_decode/i_mem_i_1/O
                         net (fo=105, routed)         1.959     5.178    u_decode/rst_n
    SLICE_X12Y25         FDCE                                         f  u_decode/id_ex_reg[rs2][24]/CLR
  -------------------------------------------------------------------    -------------------

                         (clock clk rise edge)        0.000     0.000 r  
    P14                                               0.000     0.000 r  clk (IN)
                         net (fo=0)                   0.000     0.000    clk
    P14                  IBUF (Prop_ibuf_I_O)         0.804     0.804 r  clk_IBUF_inst/O
                         net (fo=1, routed)           1.868     2.672    clk_IBUF
    BUFGCTRL_X0Y0        BUFG (Prop_bufg_I_O)         0.091     2.763 r  clk_IBUF_BUFG_inst/O
                         net (fo=728, routed)         1.433     4.196    u_decode/clk_IBUF_BUFG
    SLICE_X12Y25         FDCE                                         r  u_decode/id_ex_reg[rs2][24]/C

Slack:                    inf
  Source:                 rst_n
                            (input port)
  Destination:            u_decode/id_ex_reg[rs2][25]/CLR
                            (recovery check against rising-edge clock clk  {rise@0.000ns fall@3.000ns period=6.000ns})
  Path Group:             (none)
  Path Type:              Recovery (Max at Slow Process Corner)
  Data Path Delay:        5.178ns  (logic 1.056ns (20.396%)  route 4.122ns (79.604%))
  Logic Levels:           2  (IBUF=1 LUT1=1)
  Clock Path Skew:        4.196ns (DCD - SCD + CPR)
    Destination Clock Delay (DCD):    4.196ns
    Source Clock Delay      (SCD):    0.000ns
    Clock Pessimism Removal (CPR):    0.000ns
  Clock Uncertainty:      0.025ns  ((TSJ^2 + TIJ^2)^1/2 + DJ) / 2 + PE
    Total System Jitter     (TSJ):    0.050ns
    Total Input Jitter      (TIJ):    0.000ns
    Discrete Jitter          (DJ):    0.000ns
    Phase Error              (PE):    0.000ns

    Location             Delay type                Incr(ns)  Path(ns)    Netlist Resource(s)
  -------------------------------------------------------------------    -------------------
    R12                                               0.000     0.000 r  rst_n (IN)
                         net (fo=0)                   0.000     0.000    rst_n
    R12                  IBUF (Prop_ibuf_I_O)         0.906     0.906 r  rst_n_IBUF_inst/O
                         net (fo=61, routed)          2.163     3.069    u_decode/rst_n_IBUF
    SLICE_X13Y12         LUT1 (Prop_lut1_I0_O)        0.150     3.219 f  u_decode/i_mem_i_1/O
                         net (fo=105, routed)         1.959     5.178    u_decode/rst_n
    SLICE_X12Y25         FDCE                                         f  u_decode/id_ex_reg[rs2][25]/CLR
  -------------------------------------------------------------------    -------------------

                         (clock clk rise edge)        0.000     0.000 r  
    P14                                               0.000     0.000 r  clk (IN)
                         net (fo=0)                   0.000     0.000    clk
    P14                  IBUF (Prop_ibuf_I_O)         0.804     0.804 r  clk_IBUF_inst/O
                         net (fo=1, routed)           1.868     2.672    clk_IBUF
    BUFGCTRL_X0Y0        BUFG (Prop_bufg_I_O)         0.091     2.763 r  clk_IBUF_BUFG_inst/O
                         net (fo=728, routed)         1.433     4.196    u_decode/clk_IBUF_BUFG
    SLICE_X12Y25         FDCE                                         r  u_decode/id_ex_reg[rs2][25]/C

Slack:                    inf
  Source:                 rst_n
                            (input port)
  Destination:            u_decode/id_ex_reg[rs2][26]/CLR
                            (recovery check against rising-edge clock clk  {rise@0.000ns fall@3.000ns period=6.000ns})
  Path Group:             (none)
  Path Type:              Recovery (Max at Slow Process Corner)
  Data Path Delay:        5.178ns  (logic 1.056ns (20.396%)  route 4.122ns (79.604%))
  Logic Levels:           2  (IBUF=1 LUT1=1)
  Clock Path Skew:        4.196ns (DCD - SCD + CPR)
    Destination Clock Delay (DCD):    4.196ns
    Source Clock Delay      (SCD):    0.000ns
    Clock Pessimism Removal (CPR):    0.000ns
  Clock Uncertainty:      0.025ns  ((TSJ^2 + TIJ^2)^1/2 + DJ) / 2 + PE
    Total System Jitter     (TSJ):    0.050ns
    Total Input Jitter      (TIJ):    0.000ns
    Discrete Jitter          (DJ):    0.000ns
    Phase Error              (PE):    0.000ns

    Location             Delay type                Incr(ns)  Path(ns)    Netlist Resource(s)
  -------------------------------------------------------------------    -------------------
    R12                                               0.000     0.000 r  rst_n (IN)
                         net (fo=0)                   0.000     0.000    rst_n
    R12                  IBUF (Prop_ibuf_I_O)         0.906     0.906 r  rst_n_IBUF_inst/O
                         net (fo=61, routed)          2.163     3.069    u_decode/rst_n_IBUF
    SLICE_X13Y12         LUT1 (Prop_lut1_I0_O)        0.150     3.219 f  u_decode/i_mem_i_1/O
                         net (fo=105, routed)         1.959     5.178    u_decode/rst_n
    SLICE_X12Y25         FDCE                                         f  u_decode/id_ex_reg[rs2][26]/CLR
  -------------------------------------------------------------------    -------------------

                         (clock clk rise edge)        0.000     0.000 r  
    P14                                               0.000     0.000 r  clk (IN)
                         net (fo=0)                   0.000     0.000    clk
    P14                  IBUF (Prop_ibuf_I_O)         0.804     0.804 r  clk_IBUF_inst/O
                         net (fo=1, routed)           1.868     2.672    clk_IBUF
    BUFGCTRL_X0Y0        BUFG (Prop_bufg_I_O)         0.091     2.763 r  clk_IBUF_BUFG_inst/O
                         net (fo=728, routed)         1.433     4.196    u_decode/clk_IBUF_BUFG
    SLICE_X12Y25         FDCE                                         r  u_decode/id_ex_reg[rs2][26]/C

Slack:                    inf
  Source:                 rst_n
                            (input port)
  Destination:            u_decode/id_ex_reg[rs2][27]/CLR
                            (recovery check against rising-edge clock clk  {rise@0.000ns fall@3.000ns period=6.000ns})
  Path Group:             (none)
  Path Type:              Recovery (Max at Slow Process Corner)
  Data Path Delay:        5.178ns  (logic 1.056ns (20.396%)  route 4.122ns (79.604%))
  Logic Levels:           2  (IBUF=1 LUT1=1)
  Clock Path Skew:        4.196ns (DCD - SCD + CPR)
    Destination Clock Delay (DCD):    4.196ns
    Source Clock Delay      (SCD):    0.000ns
    Clock Pessimism Removal (CPR):    0.000ns
  Clock Uncertainty:      0.025ns  ((TSJ^2 + TIJ^2)^1/2 + DJ) / 2 + PE
    Total System Jitter     (TSJ):    0.050ns
    Total Input Jitter      (TIJ):    0.000ns
    Discrete Jitter          (DJ):    0.000ns
    Phase Error              (PE):    0.000ns

    Location             Delay type                Incr(ns)  Path(ns)    Netlist Resource(s)
  -------------------------------------------------------------------    -------------------
    R12                                               0.000     0.000 r  rst_n (IN)
                         net (fo=0)                   0.000     0.000    rst_n
    R12                  IBUF (Prop_ibuf_I_O)         0.906     0.906 r  rst_n_IBUF_inst/O
                         net (fo=61, routed)          2.163     3.069    u_decode/rst_n_IBUF
    SLICE_X13Y12         LUT1 (Prop_lut1_I0_O)        0.150     3.219 f  u_decode/i_mem_i_1/O
                         net (fo=105, routed)         1.959     5.178    u_decode/rst_n
    SLICE_X12Y25         FDCE                                         f  u_decode/id_ex_reg[rs2][27]/CLR
  -------------------------------------------------------------------    -------------------

                         (clock clk rise edge)        0.000     0.000 r  
    P14                                               0.000     0.000 r  clk (IN)
                         net (fo=0)                   0.000     0.000    clk
    P14                  IBUF (Prop_ibuf_I_O)         0.804     0.804 r  clk_IBUF_inst/O
                         net (fo=1, routed)           1.868     2.672    clk_IBUF
    BUFGCTRL_X0Y0        BUFG (Prop_bufg_I_O)         0.091     2.763 r  clk_IBUF_BUFG_inst/O
                         net (fo=728, routed)         1.433     4.196    u_decode/clk_IBUF_BUFG
    SLICE_X12Y25         FDCE                                         r  u_decode/id_ex_reg[rs2][27]/C

Slack:                    inf
  Source:                 rst_n
                            (input port)
  Destination:            u_decode/id_ex_reg[rs2][28]/CLR
                            (recovery check against rising-edge clock clk  {rise@0.000ns fall@3.000ns period=6.000ns})
  Path Group:             (none)
  Path Type:              Recovery (Max at Slow Process Corner)
  Data Path Delay:        5.178ns  (logic 1.056ns (20.396%)  route 4.122ns (79.604%))
  Logic Levels:           2  (IBUF=1 LUT1=1)
  Clock Path Skew:        4.196ns (DCD - SCD + CPR)
    Destination Clock Delay (DCD):    4.196ns
    Source Clock Delay      (SCD):    0.000ns
    Clock Pessimism Removal (CPR):    0.000ns
  Clock Uncertainty:      0.025ns  ((TSJ^2 + TIJ^2)^1/2 + DJ) / 2 + PE
    Total System Jitter     (TSJ):    0.050ns
    Total Input Jitter      (TIJ):    0.000ns
    Discrete Jitter          (DJ):    0.000ns
    Phase Error              (PE):    0.000ns

    Location             Delay type                Incr(ns)  Path(ns)    Netlist Resource(s)
  -------------------------------------------------------------------    -------------------
    R12                                               0.000     0.000 r  rst_n (IN)
                         net (fo=0)                   0.000     0.000    rst_n
    R12                  IBUF (Prop_ibuf_I_O)         0.906     0.906 r  rst_n_IBUF_inst/O
                         net (fo=61, routed)          2.163     3.069    u_decode/rst_n_IBUF
    SLICE_X13Y12         LUT1 (Prop_lut1_I0_O)        0.150     3.219 f  u_decode/i_mem_i_1/O
                         net (fo=105, routed)         1.959     5.178    u_decode/rst_n
    SLICE_X12Y25         FDCE                                         f  u_decode/id_ex_reg[rs2][28]/CLR
  -------------------------------------------------------------------    -------------------

                         (clock clk rise edge)        0.000     0.000 r  
    P14                                               0.000     0.000 r  clk (IN)
                         net (fo=0)                   0.000     0.000    clk
    P14                  IBUF (Prop_ibuf_I_O)         0.804     0.804 r  clk_IBUF_inst/O
                         net (fo=1, routed)           1.868     2.672    clk_IBUF
    BUFGCTRL_X0Y0        BUFG (Prop_bufg_I_O)         0.091     2.763 r  clk_IBUF_BUFG_inst/O
                         net (fo=728, routed)         1.433     4.196    u_decode/clk_IBUF_BUFG
    SLICE_X12Y25         FDCE                                         r  u_decode/id_ex_reg[rs2][28]/C

Slack:                    inf
  Source:                 rst_n
                            (input port)
  Destination:            u_decode/id_ex_reg[rs2][29]/CLR
                            (recovery check against rising-edge clock clk  {rise@0.000ns fall@3.000ns period=6.000ns})
  Path Group:             (none)
  Path Type:              Recovery (Max at Slow Process Corner)
  Data Path Delay:        5.178ns  (logic 1.056ns (20.396%)  route 4.122ns (79.604%))
  Logic Levels:           2  (IBUF=1 LUT1=1)
  Clock Path Skew:        4.196ns (DCD - SCD + CPR)
    Destination Clock Delay (DCD):    4.196ns
    Source Clock Delay      (SCD):    0.000ns
    Clock Pessimism Removal (CPR):    0.000ns
  Clock Uncertainty:      0.025ns  ((TSJ^2 + TIJ^2)^1/2 + DJ) / 2 + PE
    Total System Jitter     (TSJ):    0.050ns
    Total Input Jitter      (TIJ):    0.000ns
    Discrete Jitter          (DJ):    0.000ns
    Phase Error              (PE):    0.000ns

    Location             Delay type                Incr(ns)  Path(ns)    Netlist Resource(s)
  -------------------------------------------------------------------    -------------------
    R12                                               0.000     0.000 r  rst_n (IN)
                         net (fo=0)                   0.000     0.000    rst_n
    R12                  IBUF (Prop_ibuf_I_O)         0.906     0.906 r  rst_n_IBUF_inst/O
                         net (fo=61, routed)          2.163     3.069    u_decode/rst_n_IBUF
    SLICE_X13Y12         LUT1 (Prop_lut1_I0_O)        0.150     3.219 f  u_decode/i_mem_i_1/O
                         net (fo=105, routed)         1.959     5.178    u_decode/rst_n
    SLICE_X12Y25         FDCE                                         f  u_decode/id_ex_reg[rs2][29]/CLR
  -------------------------------------------------------------------    -------------------

                         (clock clk rise edge)        0.000     0.000 r  
    P14                                               0.000     0.000 r  clk (IN)
                         net (fo=0)                   0.000     0.000    clk
    P14                  IBUF (Prop_ibuf_I_O)         0.804     0.804 r  clk_IBUF_inst/O
                         net (fo=1, routed)           1.868     2.672    clk_IBUF
    BUFGCTRL_X0Y0        BUFG (Prop_bufg_I_O)         0.091     2.763 r  clk_IBUF_BUFG_inst/O
                         net (fo=728, routed)         1.433     4.196    u_decode/clk_IBUF_BUFG
    SLICE_X12Y25         FDCE                                         r  u_decode/id_ex_reg[rs2][29]/C

Slack:                    inf
  Source:                 rst_n
                            (input port)
  Destination:            <hidden>
                            (rising edge-triggered cell RAMB36E1 clocked by clk  {rise@0.000ns fall@3.000ns period=6.000ns})
  Path Group:             (none)
  Path Type:              Setup (Max at Slow Process Corner)
  Data Path Delay:        5.120ns  (logic 1.030ns (20.119%)  route 4.090ns (79.881%))
  Logic Levels:           2  (IBUF=1 LUT2=1)
  Clock Path Skew:        4.240ns (DCD - SCD + CPR)
    Destination Clock Delay (DCD):    4.240ns
    Source Clock Delay      (SCD):    0.000ns
    Clock Pessimism Removal (CPR):    0.000ns
  Clock Uncertainty:      0.025ns  ((TSJ^2 + TIJ^2)^1/2 + DJ) / 2 + PE
    Total System Jitter     (TSJ):    0.050ns
    Total Input Jitter      (TIJ):    0.000ns
    Discrete Jitter          (DJ):    0.000ns
    Phase Error              (PE):    0.000ns

    Location             Delay type                Incr(ns)  Path(ns)    Netlist Resource(s)
  -------------------------------------------------------------------    -------------------
    R12                                               0.000     0.000 f  rst_n (IN)
                         net (fo=0)                   0.000     0.000    rst_n
    R12                  IBUF (Prop_ibuf_I_O)         0.906     0.906 f  rst_n_IBUF_inst/O
                         net (fo=61, routed)          2.576     3.482    <hidden>
    SLICE_X13Y23         LUT2 (Prop_lut2_I0_O)        0.124     3.606 r  <hidden>
                         net (fo=10, routed)          1.514     5.120    <hidden>
    RAMB36_X1Y3          RAMB36E1                                     r  <hidden>
  -------------------------------------------------------------------    -------------------

                         (clock clk rise edge)        0.000     0.000 r  
    P14                                               0.000     0.000 r  clk (IN)
                         net (fo=0)                   0.000     0.000    clk
    P14                  IBUF (Prop_ibuf_I_O)         0.804     0.804 r  clk_IBUF_inst/O
                         net (fo=1, routed)           1.868     2.672    clk_IBUF
    BUFGCTRL_X0Y0        BUFG (Prop_bufg_I_O)         0.091     2.763 r  clk_IBUF_BUFG_inst/O
                         net (fo=728, routed)         1.477     4.240    <hidden>
    RAMB36_X1Y3          RAMB36E1                                     r  <hidden>





Min Delay Paths
--------------------------------------------------------------------------------------
Slack:                    inf
  Source:                 rst_n
                            (input port)
  Destination:            u_memory/mem_wb_reg[rd_addr][0]/CE
                            (rising edge-triggered cell FDRE clocked by clk  {rise@0.000ns fall@3.000ns period=6.000ns})
  Path Group:             (none)
  Path Type:              Hold (Min at Fast Process Corner)
  Data Path Delay:        0.840ns  (logic 0.135ns (16.119%)  route 0.705ns (83.881%))
  Logic Levels:           1  (IBUF=1)
  Clock Path Skew:        1.904ns (DCD - SCD - CPR)
    Destination Clock Delay (DCD):    1.904ns
    Source Clock Delay      (SCD):    0.000ns
    Clock Pessimism Removal (CPR):    -0.000ns

    Location             Delay type                Incr(ns)  Path(ns)    Netlist Resource(s)
  -------------------------------------------------------------------    -------------------
    R12                                               0.000     0.000 r  rst_n (IN)
                         net (fo=0)                   0.000     0.000    rst_n
    R12                  IBUF (Prop_ibuf_I_O)         0.135     0.135 r  rst_n_IBUF_inst/O
                         net (fo=61, routed)          0.705     0.840    u_memory/rst_n_IBUF
    SLICE_X8Y12          FDRE                                         r  u_memory/mem_wb_reg[rd_addr][0]/CE
  -------------------------------------------------------------------    -------------------

                         (clock clk rise edge)        0.000     0.000 r  
    P14                                               0.000     0.000 r  clk (IN)
                         net (fo=0)                   0.000     0.000    clk
    P14                  IBUF (Prop_ibuf_I_O)         0.355     0.355 r  clk_IBUF_inst/O
                         net (fo=1, routed)           0.689     1.044    clk_IBUF
    BUFGCTRL_X0Y0        BUFG (Prop_bufg_I_O)         0.029     1.073 r  clk_IBUF_BUFG_inst/O
                         net (fo=728, routed)         0.832     1.904    u_memory/clk_IBUF_BUFG
    SLICE_X8Y12          FDRE                                         r  u_memory/mem_wb_reg[rd_addr][0]/C

Slack:                    inf
  Source:                 rst_n
                            (input port)
  Destination:            u_memory/mem_wb_reg[rd_addr][1]/CE
                            (rising edge-triggered cell FDRE clocked by clk  {rise@0.000ns fall@3.000ns period=6.000ns})
  Path Group:             (none)
  Path Type:              Hold (Min at Fast Process Corner)
  Data Path Delay:        0.840ns  (logic 0.135ns (16.119%)  route 0.705ns (83.881%))
  Logic Levels:           1  (IBUF=1)
  Clock Path Skew:        1.904ns (DCD - SCD - CPR)
    Destination Clock Delay (DCD):    1.904ns
    Source Clock Delay      (SCD):    0.000ns
    Clock Pessimism Removal (CPR):    -0.000ns

    Location             Delay type                Incr(ns)  Path(ns)    Netlist Resource(s)
  -------------------------------------------------------------------    -------------------
    R12                                               0.000     0.000 r  rst_n (IN)
                         net (fo=0)                   0.000     0.000    rst_n
    R12                  IBUF (Prop_ibuf_I_O)         0.135     0.135 r  rst_n_IBUF_inst/O
                         net (fo=61, routed)          0.705     0.840    u_memory/rst_n_IBUF
    SLICE_X8Y12          FDRE                                         r  u_memory/mem_wb_reg[rd_addr][1]/CE
  -------------------------------------------------------------------    -------------------

                         (clock clk rise edge)        0.000     0.000 r  
    P14                                               0.000     0.000 r  clk (IN)
                         net (fo=0)                   0.000     0.000    clk
    P14                  IBUF (Prop_ibuf_I_O)         0.355     0.355 r  clk_IBUF_inst/O
                         net (fo=1, routed)           0.689     1.044    clk_IBUF
    BUFGCTRL_X0Y0        BUFG (Prop_bufg_I_O)         0.029     1.073 r  clk_IBUF_BUFG_inst/O
                         net (fo=728, routed)         0.832     1.904    u_memory/clk_IBUF_BUFG
    SLICE_X8Y12          FDRE                                         r  u_memory/mem_wb_reg[rd_addr][1]/C

Slack:                    inf
  Source:                 rst_n
                            (input port)
  Destination:            u_memory/mem_wb_reg[rd_addr][2]/CE
                            (rising edge-triggered cell FDRE clocked by clk  {rise@0.000ns fall@3.000ns period=6.000ns})
  Path Group:             (none)
  Path Type:              Hold (Min at Fast Process Corner)
  Data Path Delay:        0.840ns  (logic 0.135ns (16.119%)  route 0.705ns (83.881%))
  Logic Levels:           1  (IBUF=1)
  Clock Path Skew:        1.904ns (DCD - SCD - CPR)
    Destination Clock Delay (DCD):    1.904ns
    Source Clock Delay      (SCD):    0.000ns
    Clock Pessimism Removal (CPR):    -0.000ns

    Location             Delay type                Incr(ns)  Path(ns)    Netlist Resource(s)
  -------------------------------------------------------------------    -------------------
    R12                                               0.000     0.000 r  rst_n (IN)
                         net (fo=0)                   0.000     0.000    rst_n
    R12                  IBUF (Prop_ibuf_I_O)         0.135     0.135 r  rst_n_IBUF_inst/O
                         net (fo=61, routed)          0.705     0.840    u_memory/rst_n_IBUF
    SLICE_X8Y12          FDRE                                         r  u_memory/mem_wb_reg[rd_addr][2]/CE
  -------------------------------------------------------------------    -------------------

                         (clock clk rise edge)        0.000     0.000 r  
    P14                                               0.000     0.000 r  clk (IN)
                         net (fo=0)                   0.000     0.000    clk
    P14                  IBUF (Prop_ibuf_I_O)         0.355     0.355 r  clk_IBUF_inst/O
                         net (fo=1, routed)           0.689     1.044    clk_IBUF
    BUFGCTRL_X0Y0        BUFG (Prop_bufg_I_O)         0.029     1.073 r  clk_IBUF_BUFG_inst/O
                         net (fo=728, routed)         0.832     1.904    u_memory/clk_IBUF_BUFG
    SLICE_X8Y12          FDRE                                         r  u_memory/mem_wb_reg[rd_addr][2]/C

Slack:                    inf
  Source:                 rst_n
                            (input port)
  Destination:            u_memory/mem_wb_reg[rd_addr][3]/CE
                            (rising edge-triggered cell FDRE clocked by clk  {rise@0.000ns fall@3.000ns period=6.000ns})
  Path Group:             (none)
  Path Type:              Hold (Min at Fast Process Corner)
  Data Path Delay:        0.840ns  (logic 0.135ns (16.119%)  route 0.705ns (83.881%))
  Logic Levels:           1  (IBUF=1)
  Clock Path Skew:        1.904ns (DCD - SCD - CPR)
    Destination Clock Delay (DCD):    1.904ns
    Source Clock Delay      (SCD):    0.000ns
    Clock Pessimism Removal (CPR):    -0.000ns

    Location             Delay type                Incr(ns)  Path(ns)    Netlist Resource(s)
  -------------------------------------------------------------------    -------------------
    R12                                               0.000     0.000 r  rst_n (IN)
                         net (fo=0)                   0.000     0.000    rst_n
    R12                  IBUF (Prop_ibuf_I_O)         0.135     0.135 r  rst_n_IBUF_inst/O
                         net (fo=61, routed)          0.705     0.840    u_memory/rst_n_IBUF
    SLICE_X8Y12          FDRE                                         r  u_memory/mem_wb_reg[rd_addr][3]/CE
  -------------------------------------------------------------------    -------------------

                         (clock clk rise edge)        0.000     0.000 r  
    P14                                               0.000     0.000 r  clk (IN)
                         net (fo=0)                   0.000     0.000    clk
    P14                  IBUF (Prop_ibuf_I_O)         0.355     0.355 r  clk_IBUF_inst/O
                         net (fo=1, routed)           0.689     1.044    clk_IBUF
    BUFGCTRL_X0Y0        BUFG (Prop_bufg_I_O)         0.029     1.073 r  clk_IBUF_BUFG_inst/O
                         net (fo=728, routed)         0.832     1.904    u_memory/clk_IBUF_BUFG
    SLICE_X8Y12          FDRE                                         r  u_memory/mem_wb_reg[rd_addr][3]/C

Slack:                    inf
  Source:                 rst_n
                            (input port)
  Destination:            u_memory/mem_wb_reg[rd_addr][4]/CE
                            (rising edge-triggered cell FDRE clocked by clk  {rise@0.000ns fall@3.000ns period=6.000ns})
  Path Group:             (none)
  Path Type:              Hold (Min at Fast Process Corner)
  Data Path Delay:        0.840ns  (logic 0.135ns (16.119%)  route 0.705ns (83.881%))
  Logic Levels:           1  (IBUF=1)
  Clock Path Skew:        1.904ns (DCD - SCD - CPR)
    Destination Clock Delay (DCD):    1.904ns
    Source Clock Delay      (SCD):    0.000ns
    Clock Pessimism Removal (CPR):    -0.000ns

    Location             Delay type                Incr(ns)  Path(ns)    Netlist Resource(s)
  -------------------------------------------------------------------    -------------------
    R12                                               0.000     0.000 r  rst_n (IN)
                         net (fo=0)                   0.000     0.000    rst_n
    R12                  IBUF (Prop_ibuf_I_O)         0.135     0.135 r  rst_n_IBUF_inst/O
                         net (fo=61, routed)          0.705     0.840    u_memory/rst_n_IBUF
    SLICE_X8Y12          FDRE                                         r  u_memory/mem_wb_reg[rd_addr][4]/CE
  -------------------------------------------------------------------    -------------------

                         (clock clk rise edge)        0.000     0.000 r  
    P14                                               0.000     0.000 r  clk (IN)
                         net (fo=0)                   0.000     0.000    clk
    P14                  IBUF (Prop_ibuf_I_O)         0.355     0.355 r  clk_IBUF_inst/O
                         net (fo=1, routed)           0.689     1.044    clk_IBUF
    BUFGCTRL_X0Y0        BUFG (Prop_bufg_I_O)         0.029     1.073 r  clk_IBUF_BUFG_inst/O
                         net (fo=728, routed)         0.832     1.904    u_memory/clk_IBUF_BUFG
    SLICE_X8Y12          FDRE                                         r  u_memory/mem_wb_reg[rd_addr][4]/C

Slack:                    inf
  Source:                 rst_n
                            (input port)
  Destination:            u_memory/rd_addr_pr2_reg[0]_srl2/CE
                            (rising edge-triggered cell SRL16E clocked by clk  {rise@0.000ns fall@3.000ns period=6.000ns})
  Path Group:             (none)
  Path Type:              Hold (Min at Fast Process Corner)
  Data Path Delay:        0.840ns  (logic 0.135ns (16.119%)  route 0.705ns (83.881%))
  Logic Levels:           1  (IBUF=1)
  Clock Path Skew:        1.904ns (DCD - SCD - CPR)
    Destination Clock Delay (DCD):    1.904ns
    Source Clock Delay      (SCD):    0.000ns
    Clock Pessimism Removal (CPR):    -0.000ns

    Location             Delay type                Incr(ns)  Path(ns)    Netlist Resource(s)
  -------------------------------------------------------------------    -------------------
    R12                                               0.000     0.000 r  rst_n (IN)
                         net (fo=0)                   0.000     0.000    rst_n
    R12                  IBUF (Prop_ibuf_I_O)         0.135     0.135 r  rst_n_IBUF_inst/O
                         net (fo=61, routed)          0.705     0.840    u_memory/rst_n_IBUF
    SLICE_X8Y12          SRL16E                                       r  u_memory/rd_addr_pr2_reg[0]_srl2/CE
  -------------------------------------------------------------------    -------------------

                         (clock clk rise edge)        0.000     0.000 r  
    P14                                               0.000     0.000 r  clk (IN)
                         net (fo=0)                   0.000     0.000    clk
    P14                  IBUF (Prop_ibuf_I_O)         0.355     0.355 r  clk_IBUF_inst/O
                         net (fo=1, routed)           0.689     1.044    clk_IBUF
    BUFGCTRL_X0Y0        BUFG (Prop_bufg_I_O)         0.029     1.073 r  clk_IBUF_BUFG_inst/O
                         net (fo=728, routed)         0.832     1.904    u_memory/clk_IBUF_BUFG
    SLICE_X8Y12          SRL16E                                       r  u_memory/rd_addr_pr2_reg[0]_srl2/CLK

Slack:                    inf
  Source:                 rst_n
                            (input port)
  Destination:            u_memory/rd_addr_pr2_reg[1]_srl2/CE
                            (rising edge-triggered cell SRL16E clocked by clk  {rise@0.000ns fall@3.000ns period=6.000ns})
  Path Group:             (none)
  Path Type:              Hold (Min at Fast Process Corner)
  Data Path Delay:        0.840ns  (logic 0.135ns (16.119%)  route 0.705ns (83.881%))
  Logic Levels:           1  (IBUF=1)
  Clock Path Skew:        1.904ns (DCD - SCD - CPR)
    Destination Clock Delay (DCD):    1.904ns
    Source Clock Delay      (SCD):    0.000ns
    Clock Pessimism Removal (CPR):    -0.000ns

    Location             Delay type                Incr(ns)  Path(ns)    Netlist Resource(s)
  -------------------------------------------------------------------    -------------------
    R12                                               0.000     0.000 r  rst_n (IN)
                         net (fo=0)                   0.000     0.000    rst_n
    R12                  IBUF (Prop_ibuf_I_O)         0.135     0.135 r  rst_n_IBUF_inst/O
                         net (fo=61, routed)          0.705     0.840    u_memory/rst_n_IBUF
    SLICE_X8Y12          SRL16E                                       r  u_memory/rd_addr_pr2_reg[1]_srl2/CE
  -------------------------------------------------------------------    -------------------

                         (clock clk rise edge)        0.000     0.000 r  
    P14                                               0.000     0.000 r  clk (IN)
                         net (fo=0)                   0.000     0.000    clk
    P14                  IBUF (Prop_ibuf_I_O)         0.355     0.355 r  clk_IBUF_inst/O
                         net (fo=1, routed)           0.689     1.044    clk_IBUF
    BUFGCTRL_X0Y0        BUFG (Prop_bufg_I_O)         0.029     1.073 r  clk_IBUF_BUFG_inst/O
                         net (fo=728, routed)         0.832     1.904    u_memory/clk_IBUF_BUFG
    SLICE_X8Y12          SRL16E                                       r  u_memory/rd_addr_pr2_reg[1]_srl2/CLK

Slack:                    inf
  Source:                 rst_n
                            (input port)
  Destination:            u_memory/rd_addr_pr2_reg[2]_srl2/CE
                            (rising edge-triggered cell SRL16E clocked by clk  {rise@0.000ns fall@3.000ns period=6.000ns})
  Path Group:             (none)
  Path Type:              Hold (Min at Fast Process Corner)
  Data Path Delay:        0.840ns  (logic 0.135ns (16.119%)  route 0.705ns (83.881%))
  Logic Levels:           1  (IBUF=1)
  Clock Path Skew:        1.904ns (DCD - SCD - CPR)
    Destination Clock Delay (DCD):    1.904ns
    Source Clock Delay      (SCD):    0.000ns
    Clock Pessimism Removal (CPR):    -0.000ns

    Location             Delay type                Incr(ns)  Path(ns)    Netlist Resource(s)
  -------------------------------------------------------------------    -------------------
    R12                                               0.000     0.000 r  rst_n (IN)
                         net (fo=0)                   0.000     0.000    rst_n
    R12                  IBUF (Prop_ibuf_I_O)         0.135     0.135 r  rst_n_IBUF_inst/O
                         net (fo=61, routed)          0.705     0.840    u_memory/rst_n_IBUF
    SLICE_X8Y12          SRL16E                                       r  u_memory/rd_addr_pr2_reg[2]_srl2/CE
  -------------------------------------------------------------------    -------------------

                         (clock clk rise edge)        0.000     0.000 r  
    P14                                               0.000     0.000 r  clk (IN)
                         net (fo=0)                   0.000     0.000    clk
    P14                  IBUF (Prop_ibuf_I_O)         0.355     0.355 r  clk_IBUF_inst/O
                         net (fo=1, routed)           0.689     1.044    clk_IBUF
    BUFGCTRL_X0Y0        BUFG (Prop_bufg_I_O)         0.029     1.073 r  clk_IBUF_BUFG_inst/O
                         net (fo=728, routed)         0.832     1.904    u_memory/clk_IBUF_BUFG
    SLICE_X8Y12          SRL16E                                       r  u_memory/rd_addr_pr2_reg[2]_srl2/CLK

Slack:                    inf
  Source:                 rst_n
                            (input port)
  Destination:            u_memory/rd_addr_pr2_reg[3]_srl2/CE
                            (rising edge-triggered cell SRL16E clocked by clk  {rise@0.000ns fall@3.000ns period=6.000ns})
  Path Group:             (none)
  Path Type:              Hold (Min at Fast Process Corner)
  Data Path Delay:        0.840ns  (logic 0.135ns (16.119%)  route 0.705ns (83.881%))
  Logic Levels:           1  (IBUF=1)
  Clock Path Skew:        1.904ns (DCD - SCD - CPR)
    Destination Clock Delay (DCD):    1.904ns
    Source Clock Delay      (SCD):    0.000ns
    Clock Pessimism Removal (CPR):    -0.000ns

    Location             Delay type                Incr(ns)  Path(ns)    Netlist Resource(s)
  -------------------------------------------------------------------    -------------------
    R12                                               0.000     0.000 r  rst_n (IN)
                         net (fo=0)                   0.000     0.000    rst_n
    R12                  IBUF (Prop_ibuf_I_O)         0.135     0.135 r  rst_n_IBUF_inst/O
                         net (fo=61, routed)          0.705     0.840    u_memory/rst_n_IBUF
    SLICE_X8Y12          SRL16E                                       r  u_memory/rd_addr_pr2_reg[3]_srl2/CE
  -------------------------------------------------------------------    -------------------

                         (clock clk rise edge)        0.000     0.000 r  
    P14                                               0.000     0.000 r  clk (IN)
                         net (fo=0)                   0.000     0.000    clk
    P14                  IBUF (Prop_ibuf_I_O)         0.355     0.355 r  clk_IBUF_inst/O
                         net (fo=1, routed)           0.689     1.044    clk_IBUF
    BUFGCTRL_X0Y0        BUFG (Prop_bufg_I_O)         0.029     1.073 r  clk_IBUF_BUFG_inst/O
                         net (fo=728, routed)         0.832     1.904    u_memory/clk_IBUF_BUFG
    SLICE_X8Y12          SRL16E                                       r  u_memory/rd_addr_pr2_reg[3]_srl2/CLK

Slack:                    inf
  Source:                 rst_n
                            (input port)
  Destination:            u_memory/rd_addr_pr2_reg[4]_srl2/CE
                            (rising edge-triggered cell SRL16E clocked by clk  {rise@0.000ns fall@3.000ns period=6.000ns})
  Path Group:             (none)
  Path Type:              Hold (Min at Fast Process Corner)
  Data Path Delay:        0.840ns  (logic 0.135ns (16.119%)  route 0.705ns (83.881%))
  Logic Levels:           1  (IBUF=1)
  Clock Path Skew:        1.904ns (DCD - SCD - CPR)
    Destination Clock Delay (DCD):    1.904ns
    Source Clock Delay      (SCD):    0.000ns
    Clock Pessimism Removal (CPR):    -0.000ns

    Location             Delay type                Incr(ns)  Path(ns)    Netlist Resource(s)
  -------------------------------------------------------------------    -------------------
    R12                                               0.000     0.000 r  rst_n (IN)
                         net (fo=0)                   0.000     0.000    rst_n
    R12                  IBUF (Prop_ibuf_I_O)         0.135     0.135 r  rst_n_IBUF_inst/O
                         net (fo=61, routed)          0.705     0.840    u_memory/rst_n_IBUF
    SLICE_X8Y12          SRL16E                                       r  u_memory/rd_addr_pr2_reg[4]_srl2/CE
  -------------------------------------------------------------------    -------------------

                         (clock clk rise edge)        0.000     0.000 r  
    P14                                               0.000     0.000 r  clk (IN)
                         net (fo=0)                   0.000     0.000    clk
    P14                  IBUF (Prop_ibuf_I_O)         0.355     0.355 r  clk_IBUF_inst/O
                         net (fo=1, routed)           0.689     1.044    clk_IBUF
    BUFGCTRL_X0Y0        BUFG (Prop_bufg_I_O)         0.029     1.073 r  clk_IBUF_BUFG_inst/O
                         net (fo=728, routed)         0.832     1.904    u_memory/clk_IBUF_BUFG
    SLICE_X8Y12          SRL16E                                       r  u_memory/rd_addr_pr2_reg[4]_srl2/CLK





